year,round,event_name,lap_number,driver_code,lap_start_time,lap_end_time
2022,1,Bahrain Grand Prix,1,LEC,01:02:34.872,01:04:14.174
2022,1,Bahrain Grand Prix,2,LEC,01:04:14.174,01:05:52.027
2022,1,Bahrain Grand Prix,3,LEC,01:05:52.027,01:07:30.299
2022,1,Bahrain Grand Prix,4,LEC,01:07:30.299,01:09:08.713
2022,1,Bahrain Grand Prix,5,LEC,01:09:08.713,01:10:47.184
2022,1,Bahrain Grand Prix,6,LEC,01:10:47.184,01:12:25.896
2022,1,Bahrain Grand Prix,7,LEC,01:12:25.896,01:14:04.731
2022,1,Bahrain Grand Prix,8,LEC,01:14:04.731,01:15:43.682
2022,1,Bahrain Grand Prix,9,LEC,01:15:43.682,01:17:22.489
2022,1,Bahrain Grand Prix,10,LEC,01:17:22.489,01:19:01.612
2022,1,Bahrain Grand Prix,11,LEC,01:19:01.612,01:20:40.918
2022,1,Bahrain Grand Prix,12,LEC,01:20:40.918,01:22:20.174
2022,1,Bahrain Grand Prix,13,LEC,01:22:20.174,01:23:59.453
2022,1,Bahrain Grand Prix,14,LEC,01:23:59.453,01:25:39.082
2022,1,Bahrain Grand Prix,15,LEC,01:25:39.082,01:27:21.123
2022,1,Bahrain Grand Prix,16,LEC,01:27:21.123,01:29:18.783
2022,1,Bahrain Grand Prix,17,LEC,01:29:18.783,01:30:56.303
2022,1,Bahrain Grand Prix,18,LEC,01:30:56.303,01:32:33.937
2022,1,Bahrain Grand Prix,19,LEC,01:32:33.937,01:34:11.345
2022,1,Bahrain Grand Prix,20,LEC,01:34:11.345,01:35:48.907
2022,1,Bahrain Grand Prix,21,LEC,01:35:48.907,01:37:26.714
2022,1,Bahrain Grand Prix,22,LEC,01:37:26.714,01:39:04.466
2022,1,Bahrain Grand Prix,23,LEC,01:39:04.466,01:40:42.24
2022,1,Bahrain Grand Prix,24,LEC,01:40:42.24,01:42:20.153
2022,1,Bahrain Grand Prix,25,LEC,01:42:20.153,01:43:58.214
2022,1,Bahrain Grand Prix,26,LEC,01:43:58.214,01:45:36.585
2022,1,Bahrain Grand Prix,27,LEC,01:45:36.585,01:47:15.37
2022,1,Bahrain Grand Prix,28,LEC,01:47:15.37,01:48:54.421
2022,1,Bahrain Grand Prix,29,LEC,01:48:54.421,01:50:33.308
2022,1,Bahrain Grand Prix,30,LEC,01:50:33.308,01:52:12.662
2022,1,Bahrain Grand Prix,31,LEC,01:52:12.662,01:53:54.207
2022,1,Bahrain Grand Prix,32,SAI,01:54:02.271,01:55:41.657
2022,1,Bahrain Grand Prix,33,SAI,01:55:41.657,01:57:23.572
2022,1,Bahrain Grand Prix,34,LEC,01:57:27.206,01:59:03.605
2022,1,Bahrain Grand Prix,35,LEC,01:59:03.605,02:00:40.106
2022,1,Bahrain Grand Prix,36,LEC,02:00:40.106,02:02:16.667
2022,1,Bahrain Grand Prix,37,LEC,02:02:16.667,02:03:53.33
2022,1,Bahrain Grand Prix,38,LEC,02:03:53.33,02:05:29.953
2022,1,Bahrain Grand Prix,39,LEC,02:05:29.953,02:07:06.892
2022,1,Bahrain Grand Prix,40,LEC,02:07:06.892,02:08:43.699
2022,1,Bahrain Grand Prix,41,LEC,02:08:43.699,02:10:20.743
2022,1,Bahrain Grand Prix,42,LEC,02:10:20.743,02:11:57.783
2022,1,Bahrain Grand Prix,43,LEC,02:11:57.783,02:13:35.129
2022,1,Bahrain Grand Prix,44,LEC,02:13:35.129,02:15:12.638
2022,1,Bahrain Grand Prix,45,LEC,02:15:12.638,02:16:50.051
2022,1,Bahrain Grand Prix,46,LEC,02:16:50.051,02:18:55.202
2022,1,Bahrain Grand Prix,47,LEC,02:18:55.202,02:21:39.087
2022,1,Bahrain Grand Prix,48,LEC,02:21:39.087,02:24:10.388
2022,1,Bahrain Grand Prix,49,LEC,02:24:10.388,02:26:36.609
2022,1,Bahrain Grand Prix,50,LEC,02:26:36.609,02:29:01.038
2022,1,Bahrain Grand Prix,51,LEC,02:29:01.038,02:30:35.608
2022,1,Bahrain Grand Prix,52,LEC,02:30:35.608,02:32:10.635
2022,1,Bahrain Grand Prix,53,LEC,02:32:10.635,02:33:45.762
2022,1,Bahrain Grand Prix,54,LEC,02:33:45.762,02:35:21.191
2022,1,Bahrain Grand Prix,55,LEC,02:35:21.191,02:36:56.618
2022,1,Bahrain Grand Prix,56,LEC,02:36:56.618,02:38:32.291
2022,1,Bahrain Grand Prix,57,LEC,02:38:32.291,02:40:08.664
2022,2,Saudi Arabian Grand Prix,1,PER,01:02:27.563,01:04:03.785
2022,2,Saudi Arabian Grand Prix,2,PER,01:04:03.785,01:05:38.507
2022,2,Saudi Arabian Grand Prix,3,PER,01:05:38.507,01:07:13.103
2022,2,Saudi Arabian Grand Prix,4,PER,01:07:13.103,01:08:47.543
2022,2,Saudi Arabian Grand Prix,5,PER,01:08:47.543,01:10:22.039
2022,2,Saudi Arabian Grand Prix,6,PER,01:10:22.039,01:11:56.52
2022,2,Saudi Arabian Grand Prix,7,PER,01:11:56.52,01:13:31.341
2022,2,Saudi Arabian Grand Prix,8,PER,01:13:31.341,01:15:05.96
2022,2,Saudi Arabian Grand Prix,9,PER,01:15:05.96,01:16:40.785
2022,2,Saudi Arabian Grand Prix,10,PER,01:16:40.785,01:18:15.621
2022,2,Saudi Arabian Grand Prix,11,PER,01:18:15.621,01:19:50.166
2022,2,Saudi Arabian Grand Prix,12,PER,01:19:50.166,01:21:24.837
2022,2,Saudi Arabian Grand Prix,13,PER,01:21:24.837,01:23:00.051
2022,2,Saudi Arabian Grand Prix,14,PER,01:23:00.051,01:24:35.367
2022,2,Saudi Arabian Grand Prix,15,LEC,01:24:37.615,01:26:12.852
2022,2,Saudi Arabian Grand Prix,16,LEC,01:26:12.852,01:27:56.692
2022,2,Saudi Arabian Grand Prix,17,LEC,01:27:56.692,01:31:01.313
2022,2,Saudi Arabian Grand Prix,18,LEC,01:31:01.313,01:33:41.424
2022,2,Saudi Arabian Grand Prix,19,LEC,01:33:41.424,01:36:10.426
2022,2,Saudi Arabian Grand Prix,20,LEC,01:36:10.426,01:38:55.048
2022,2,Saudi Arabian Grand Prix,21,LEC,01:38:55.048,01:40:29.684
2022,2,Saudi Arabian Grand Prix,22,LEC,01:40:29.684,01:42:03.759
2022,2,Saudi Arabian Grand Prix,23,LEC,01:42:03.759,01:43:37.218
2022,2,Saudi Arabian Grand Prix,24,LEC,01:43:37.218,01:45:10.739
2022,2,Saudi Arabian Grand Prix,25,LEC,01:45:10.739,01:46:44.063
2022,2,Saudi Arabian Grand Prix,26,LEC,01:46:44.063,01:48:17.245
2022,2,Saudi Arabian Grand Prix,27,LEC,01:48:17.245,01:49:50.429
2022,2,Saudi Arabian Grand Prix,28,LEC,01:49:50.429,01:51:23.14
2022,2,Saudi Arabian Grand Prix,29,LEC,01:51:23.14,01:52:56.082
2022,2,Saudi Arabian Grand Prix,30,LEC,01:52:56.082,01:54:28.834
2022,2,Saudi Arabian Grand Prix,31,LEC,01:54:28.834,01:56:01.913
2022,2,Saudi Arabian Grand Prix,32,LEC,01:56:01.913,01:57:34.596
2022,2,Saudi Arabian Grand Prix,33,LEC,01:57:34.596,01:59:07.474
2022,2,Saudi Arabian Grand Prix,34,LEC,01:59:07.474,02:00:40.154
2022,2,Saudi Arabian Grand Prix,35,LEC,02:00:40.154,02:02:12.635
2022,2,Saudi Arabian Grand Prix,36,LEC,02:02:12.635,02:03:45.275
2022,2,Saudi Arabian Grand Prix,37,LEC,02:03:45.275,02:05:18.377
2022,2,Saudi Arabian Grand Prix,38,LEC,02:05:18.377,02:07:05.589
2022,2,Saudi Arabian Grand Prix,39,LEC,02:07:05.589,02:09:12.008
2022,2,Saudi Arabian Grand Prix,40,LEC,02:09:12.008,02:11:18.469
2022,2,Saudi Arabian Grand Prix,41,LEC,02:11:18.469,02:12:54.586
2022,2,Saudi Arabian Grand Prix,42,VER,02:12:55.066,02:14:27.821
2022,2,Saudi Arabian Grand Prix,43,LEC,02:14:27.867,02:16:01.685
2022,2,Saudi Arabian Grand Prix,44,LEC,02:16:01.685,02:17:33.855
2022,2,Saudi Arabian Grand Prix,45,LEC,02:17:33.855,02:19:06.114
2022,2,Saudi Arabian Grand Prix,46,VER,02:19:06.83,02:20:39.567
2022,2,Saudi Arabian Grand Prix,47,VER,02:20:39.567,02:22:11.346
2022,2,Saudi Arabian Grand Prix,48,VER,02:22:11.346,02:23:43.207
2022,2,Saudi Arabian Grand Prix,49,VER,02:23:43.207,02:25:15.286
2022,2,Saudi Arabian Grand Prix,50,VER,02:25:15.286,02:26:47.058
2022,3,Australian Grand Prix,1,LEC,01:02:13.396,01:03:43.316
2022,3,Australian Grand Prix,2,LEC,01:03:43.316,01:05:08.062
2022,3,Australian Grand Prix,3,LEC,01:05:08.062,01:06:51.407
2022,3,Australian Grand Prix,4,LEC,01:06:51.407,01:09:06.509
2022,3,Australian Grand Prix,5,LEC,01:09:06.509,01:11:21.445
2022,3,Australian Grand Prix,6,LEC,01:11:21.445,01:13:46.398
2022,3,Australian Grand Prix,7,LEC,01:13:46.398,01:15:10.355
2022,3,Australian Grand Prix,8,LEC,01:15:10.355,01:16:33.944
2022,3,Australian Grand Prix,9,LEC,01:16:33.944,01:17:57.334
2022,3,Australian Grand Prix,10,LEC,01:17:57.334,01:19:20.694
2022,3,Australian Grand Prix,11,LEC,01:19:20.694,01:20:44.05
2022,3,Australian Grand Prix,12,LEC,01:20:44.05,01:22:07.375
2022,3,Australian Grand Prix,13,LEC,01:22:07.375,01:23:30.96
2022,3,Australian Grand Prix,14,LEC,01:23:30.96,01:24:54.865
2022,3,Australian Grand Prix,15,LEC,01:24:54.865,01:26:18.44
2022,3,Australian Grand Prix,16,LEC,01:26:18.44,01:27:42.155
2022,3,Australian Grand Prix,17,LEC,01:27:42.155,01:29:06.199
2022,3,Australian Grand Prix,18,LEC,01:29:06.199,01:30:30.082
2022,3,Australian Grand Prix,19,LEC,01:30:30.082,01:31:54.143
2022,3,Australian Grand Prix,20,LEC,01:31:54.143,01:33:18.241
2022,3,Australian Grand Prix,21,LEC,01:33:18.241,01:34:42.271
2022,3,Australian Grand Prix,22,LEC,01:34:42.271,01:36:20.611
2022,3,Australian Grand Prix,23,LEC,01:36:20.611,01:37:54.759
2022,3,Australian Grand Prix,24,LEC,01:37:54.759,01:40:32.052
2022,3,Australian Grand Prix,25,LEC,01:40:32.052,01:43:01.227
2022,3,Australian Grand Prix,26,LEC,01:43:01.227,01:45:41.224
2022,3,Australian Grand Prix,27,LEC,01:45:41.224,01:47:06.421
2022,3,Australian Grand Prix,28,LEC,01:47:06.421,01:48:29.953
2022,3,Australian Grand Prix,29,LEC,01:48:29.953,01:49:52.81
2022,3,Australian Grand Prix,30,LEC,01:49:52.81,01:51:15.452
2022,3,Australian Grand Prix,31,LEC,01:51:15.452,01:52:37.902
2022,3,Australian Grand Prix,32,LEC,01:52:37.902,01:54:00.296
2022,3,Australian Grand Prix,33,LEC,01:54:00.296,01:55:22.319
2022,3,Australian Grand Prix,34,LEC,01:55:22.319,01:56:44.764
2022,3,Australian Grand Prix,35,LEC,01:56:44.764,01:58:06.888
2022,3,Australian Grand Prix,36,LEC,01:58:06.888,01:59:28.874
2022,3,Australian Grand Prix,37,LEC,01:59:28.874,02:00:50.869
2022,3,Australian Grand Prix,38,LEC,02:00:50.869,02:02:12.16
2022,3,Australian Grand Prix,39,LEC,02:02:12.16,02:03:49.293
2022,3,Australian Grand Prix,40,LEC,02:03:49.293,02:05:32.383
2022,3,Australian Grand Prix,41,LEC,02:05:32.383,02:06:54.344
2022,3,Australian Grand Prix,42,LEC,02:06:54.344,02:08:15.889
2022,3,Australian Grand Prix,43,LEC,02:08:15.889,02:09:37.448
2022,3,Australian Grand Prix,44,LEC,02:09:37.448,02:10:59.401
2022,3,Australian Grand Prix,45,LEC,02:10:59.401,02:12:20.828
2022,3,Australian Grand Prix,46,LEC,02:12:20.828,02:13:42.454
2022,3,Australian Grand Prix,47,LEC,02:13:42.454,02:15:04.182
2022,3,Australian Grand Prix,48,LEC,02:15:04.182,02:16:25.671
2022,3,Australian Grand Prix,49,LEC,02:16:25.671,02:17:46.637
2022,3,Australian Grand Prix,50,LEC,02:17:46.637,02:19:07.654
2022,3,Australian Grand Prix,51,LEC,02:19:07.654,02:20:29.158
2022,3,Australian Grand Prix,52,LEC,02:20:29.158,02:21:50.428
2022,3,Australian Grand Prix,53,LEC,02:21:50.428,02:23:11.987
2022,3,Australian Grand Prix,54,LEC,02:23:11.987,02:24:34.061
2022,3,Australian Grand Prix,55,LEC,02:24:34.061,02:25:56.188
2022,3,Australian Grand Prix,56,LEC,02:25:56.188,02:27:17.817
2022,3,Australian Grand Prix,57,LEC,02:27:17.817,02:28:39.917
2022,3,Australian Grand Prix,58,LEC,02:28:39.917,02:30:00.177
2022,4,Emilia Romagna Grand Prix,1,VER,01:02:03.225,01:03:54.765
2022,4,Emilia Romagna Grand Prix,2,VER,01:03:54.765,01:06:20.76
2022,4,Emilia Romagna Grand Prix,3,VER,01:06:20.76,01:08:37.26
2022,4,Emilia Romagna Grand Prix,4,VER,01:08:37.26,01:11:04.687
2022,4,Emilia Romagna Grand Prix,5,VER,01:11:04.687,01:12:36.137
2022,4,Emilia Romagna Grand Prix,6,VER,01:12:36.137,01:14:06.581
2022,4,Emilia Romagna Grand Prix,7,VER,01:14:06.581,01:15:36.7
2022,4,Emilia Romagna Grand Prix,8,VER,01:15:36.7,01:17:06.877
2022,4,Emilia Romagna Grand Prix,9,VER,01:17:06.877,01:18:36.794
2022,4,Emilia Romagna Grand Prix,10,VER,01:18:36.794,01:20:07.145
2022,4,Emilia Romagna Grand Prix,11,VER,01:20:07.145,01:21:37.484
2022,4,Emilia Romagna Grand Prix,12,VER,01:21:37.484,01:23:08.453
2022,4,Emilia Romagna Grand Prix,13,VER,01:23:08.453,01:24:39.778
2022,4,Emilia Romagna Grand Prix,14,VER,01:24:39.778,01:26:11.667
2022,4,Emilia Romagna Grand Prix,15,VER,01:26:11.667,01:27:43.706
2022,4,Emilia Romagna Grand Prix,16,VER,01:27:43.706,01:29:15.778
2022,4,Emilia Romagna Grand Prix,17,VER,01:29:15.778,01:30:47.857
2022,4,Emilia Romagna Grand Prix,18,VER,01:30:47.857,01:32:19.297
2022,4,Emilia Romagna Grand Prix,19,VER,01:32:19.297,01:33:54.565
2022,4,Emilia Romagna Grand Prix,20,VER,01:33:54.565,01:35:49.303
2022,4,Emilia Romagna Grand Prix,21,VER,01:35:49.303,01:37:14.754
2022,4,Emilia Romagna Grand Prix,22,VER,01:37:14.754,01:38:38.548
2022,4,Emilia Romagna Grand Prix,23,VER,01:38:38.548,01:40:01.417
2022,4,Emilia Romagna Grand Prix,24,VER,01:40:01.417,01:41:23.868
2022,4,Emilia Romagna Grand Prix,25,VER,01:41:23.868,01:42:46.024
2022,4,Emilia Romagna Grand Prix,26,VER,01:42:46.024,01:44:07.677
2022,4,Emilia Romagna Grand Prix,27,VER,01:44:07.677,01:45:28.772
2022,4,Emilia Romagna Grand Prix,28,VER,01:45:28.772,01:46:49.464
2022,4,Emilia Romagna Grand Prix,29,VER,01:46:49.464,01:48:10.177
2022,4,Emilia Romagna Grand Prix,30,VER,01:48:10.177,01:49:31.089
2022,4,Emilia Romagna Grand Prix,31,VER,01:49:31.089,01:50:51.899
2022,4,Emilia Romagna Grand Prix,32,VER,01:50:51.899,01:52:12.486
2022,4,Emilia Romagna Grand Prix,33,VER,01:52:12.486,01:53:33.036
2022,4,Emilia Romagna Grand Prix,34,VER,01:53:33.036,01:54:53.596
2022,4,Emilia Romagna Grand Prix,35,VER,01:54:53.596,01:56:14.203
2022,4,Emilia Romagna Grand Prix,36,VER,01:56:14.203,01:57:34.496
2022,4,Emilia Romagna Grand Prix,37,VER,01:57:34.496,01:58:54.857
2022,4,Emilia Romagna Grand Prix,38,VER,01:58:54.857,02:00:15.439
2022,4,Emilia Romagna Grand Prix,39,VER,02:00:15.439,02:01:36.198
2022,4,Emilia Romagna Grand Prix,40,VER,02:01:36.198,02:02:57.293
2022,4,Emilia Romagna Grand Prix,41,VER,02:02:57.293,02:04:18.26
2022,4,Emilia Romagna Grand Prix,42,VER,02:04:18.26,02:05:38.484
2022,4,Emilia Romagna Grand Prix,43,VER,02:05:38.484,02:06:59.458
2022,4,Emilia Romagna Grand Prix,44,VER,02:06:59.458,02:08:20.015
2022,4,Emilia Romagna Grand Prix,45,VER,02:08:20.015,02:09:40.506
2022,4,Emilia Romagna Grand Prix,46,VER,02:09:40.506,02:11:00.948
2022,4,Emilia Romagna Grand Prix,47,VER,02:11:00.948,02:12:21.304
2022,4,Emilia Romagna Grand Prix,48,VER,02:12:21.304,02:13:41.994
2022,4,Emilia Romagna Grand Prix,49,VER,02:13:41.994,02:15:02.77
2022,4,Emilia Romagna Grand Prix,50,VER,02:15:02.77,02:16:23.789
2022,4,Emilia Romagna Grand Prix,51,VER,02:16:23.789,02:17:49.363
2022,4,Emilia Romagna Grand Prix,52,VER,02:17:49.363,02:19:33.705
2022,4,Emilia Romagna Grand Prix,53,VER,02:19:33.705,02:20:53.014
2022,4,Emilia Romagna Grand Prix,54,VER,02:20:53.014,02:22:14.166
2022,4,Emilia Romagna Grand Prix,55,VER,02:22:14.166,02:23:32.612
2022,4,Emilia Romagna Grand Prix,56,VER,02:23:32.612,02:24:52.115
2022,4,Emilia Romagna Grand Prix,57,VER,02:24:52.115,02:26:12.697
2022,4,Emilia Romagna Grand Prix,58,VER,02:26:12.697,02:27:32.023
2022,4,Emilia Romagna Grand Prix,59,VER,02:27:32.023,02:28:51.864
2022,4,Emilia Romagna Grand Prix,60,VER,02:28:51.864,02:30:11.733
2022,4,Emilia Romagna Grand Prix,61,VER,02:30:11.733,02:31:31.68
2022,4,Emilia Romagna Grand Prix,62,VER,02:31:31.68,02:32:51.289
2022,4,Emilia Romagna Grand Prix,63,VER,02:32:51.289,02:34:11.444
2022,5,Miami Grand Prix,1,LEC,01:02:16.435,01:03:52.522
2022,5,Miami Grand Prix,2,LEC,01:03:52.522,01:05:26.911
2022,5,Miami Grand Prix,3,LEC,01:05:26.911,01:07:01.376
2022,5,Miami Grand Prix,4,LEC,01:07:01.376,01:08:35.699
2022,5,Miami Grand Prix,5,LEC,01:08:35.699,01:10:09.662
2022,5,Miami Grand Prix,6,LEC,01:10:09.662,01:11:44.129
2022,5,Miami Grand Prix,7,LEC,01:11:44.129,01:13:18.675
2022,5,Miami Grand Prix,8,LEC,01:13:18.675,01:14:53.784
2022,5,Miami Grand Prix,9,VER,01:14:53.884,01:16:29.299
2022,5,Miami Grand Prix,10,VER,01:16:29.299,01:18:03.406
2022,5,Miami Grand Prix,11,VER,01:18:03.406,01:19:37.872
2022,5,Miami Grand Prix,12,VER,01:19:37.872,01:21:11.863
2022,5,Miami Grand Prix,13,VER,01:21:11.863,01:22:45.953
2022,5,Miami Grand Prix,14,VER,01:22:45.953,01:24:19.819
2022,5,Miami Grand Prix,15,VER,01:24:19.819,01:25:53.329
2022,5,Miami Grand Prix,16,VER,01:25:53.329,01:27:27.554
2022,5,Miami Grand Prix,17,VER,01:27:27.554,01:29:01.296
2022,5,Miami Grand Prix,18,VER,01:29:01.296,01:30:35.242
2022,5,Miami Grand Prix,19,VER,01:30:35.242,01:32:08.926
2022,5,Miami Grand Prix,20,VER,01:32:08.926,01:33:42.175
2022,5,Miami Grand Prix,21,VER,01:33:42.175,01:35:15.522
2022,5,Miami Grand Prix,22,VER,01:35:15.522,01:36:48.715
2022,5,Miami Grand Prix,23,VER,01:36:48.715,01:38:21.99
2022,5,Miami Grand Prix,24,VER,01:38:21.99,01:39:55.477
2022,5,Miami Grand Prix,25,VER,01:39:55.477,01:41:28.763
2022,5,Miami Grand Prix,26,VER,01:41:28.763,01:43:07.268
2022,5,Miami Grand Prix,27,SAI,01:43:14.586,01:44:54.19
2022,5,Miami Grand Prix,28,VER,01:44:55.315,01:46:28.45
2022,5,Miami Grand Prix,29,VER,01:46:28.45,01:48:01.229
2022,5,Miami Grand Prix,30,VER,01:48:01.229,01:49:34.445
2022,5,Miami Grand Prix,31,VER,01:49:34.445,01:51:07.478
2022,5,Miami Grand Prix,32,VER,01:51:07.478,01:52:40.22
2022,5,Miami Grand Prix,33,VER,01:52:40.22,01:54:13.033
2022,5,Miami Grand Prix,34,VER,01:54:13.033,01:55:45.747
2022,5,Miami Grand Prix,35,VER,01:55:45.747,01:57:18.443
2022,5,Miami Grand Prix,36,VER,01:57:18.443,01:58:51.039
2022,5,Miami Grand Prix,37,VER,01:58:51.039,02:00:23.364
2022,5,Miami Grand Prix,38,VER,02:00:23.364,02:01:55.781
2022,5,Miami Grand Prix,39,VER,02:01:55.781,02:03:28.196
2022,5,Miami Grand Prix,40,VER,02:03:28.196,02:05:00.64
2022,5,Miami Grand Prix,41,VER,02:05:00.64,02:06:51.979
2022,5,Miami Grand Prix,42,VER,02:06:51.979,02:09:42.869
2022,5,Miami Grand Prix,43,VER,02:09:42.869,02:12:23.773
2022,5,Miami Grand Prix,44,VER,02:12:23.773,02:14:54.338
2022,5,Miami Grand Prix,45,VER,02:14:54.338,02:17:16.415
2022,5,Miami Grand Prix,46,VER,02:17:16.415,02:19:47.747
2022,5,Miami Grand Prix,47,VER,02:19:47.747,02:21:21.706
2022,5,Miami Grand Prix,48,VER,02:21:21.706,02:22:54.103
2022,5,Miami Grand Prix,49,VER,02:22:54.103,02:24:26.395
2022,5,Miami Grand Prix,50,VER,02:24:26.395,02:25:58.273
2022,5,Miami Grand Prix,51,VER,02:25:58.273,02:27:30.323
2022,5,Miami Grand Prix,52,VER,02:27:30.323,02:29:02.36
2022,5,Miami Grand Prix,53,VER,02:29:02.36,02:30:33.816
2022,5,Miami Grand Prix,54,VER,02:30:33.816,02:32:05.177
2022,5,Miami Grand Prix,55,VER,02:32:05.177,02:33:36.927
2022,5,Miami Grand Prix,56,VER,02:33:36.927,02:35:08.667
2022,5,Miami Grand Prix,57,VER,02:35:08.667,02:36:40.125
2022,6,Spanish Grand Prix,1,LEC,01:02:12.915,01:03:41.89
2022,6,Spanish Grand Prix,2,LEC,01:03:41.89,01:05:09.517
2022,6,Spanish Grand Prix,3,LEC,01:05:09.517,01:06:36.715
2022,6,Spanish Grand Prix,4,LEC,01:06:36.715,01:08:04.386
2022,6,Spanish Grand Prix,5,LEC,01:08:04.386,01:09:32.277
2022,6,Spanish Grand Prix,6,LEC,01:09:32.277,01:10:59.704
2022,6,Spanish Grand Prix,7,LEC,01:10:59.704,01:12:27.601
2022,6,Spanish Grand Prix,8,LEC,01:12:27.601,01:13:55.383
2022,6,Spanish Grand Prix,9,LEC,01:13:55.383,01:15:23.747
2022,6,Spanish Grand Prix,10,LEC,01:15:23.747,01:16:52.468
2022,6,Spanish Grand Prix,11,LEC,01:16:52.468,01:18:21.444
2022,6,Spanish Grand Prix,12,LEC,01:18:21.444,01:19:50.121
2022,6,Spanish Grand Prix,13,LEC,01:19:50.121,01:21:18.496
2022,6,Spanish Grand Prix,14,LEC,01:21:18.496,01:22:46.991
2022,6,Spanish Grand Prix,15,LEC,01:22:46.991,01:24:15.377
2022,6,Spanish Grand Prix,16,LEC,01:24:15.377,01:25:43.889
2022,6,Spanish Grand Prix,17,LEC,01:25:43.889,01:27:12.266
2022,6,Spanish Grand Prix,18,LEC,01:27:12.266,01:28:40.365
2022,6,Spanish Grand Prix,19,LEC,01:28:40.365,01:30:09.165
2022,6,Spanish Grand Prix,20,LEC,01:30:09.165,01:31:38.064
2022,6,Spanish Grand Prix,21,LEC,01:31:38.064,01:33:11.32
2022,6,Spanish Grand Prix,22,LEC,01:33:11.32,01:34:57.007
2022,6,Spanish Grand Prix,23,LEC,01:34:57.007,01:36:24.217
2022,6,Spanish Grand Prix,24,LEC,01:36:24.217,01:37:51.413
2022,6,Spanish Grand Prix,25,LEC,01:37:51.413,01:39:18.443
2022,6,Spanish Grand Prix,26,LEC,01:39:18.443,01:40:45.722
2022,6,Spanish Grand Prix,27,RUS,01:40:58.345,01:42:26.858
2022,6,Spanish Grand Prix,28,RUS,01:42:26.858,01:43:55.696
2022,6,Spanish Grand Prix,29,RUS,01:43:55.696,01:45:24.495
2022,6,Spanish Grand Prix,30,RUS,01:45:24.495,01:46:53.121
2022,6,Spanish Grand Prix,31,PER,01:46:53.762,01:48:21.682
2022,6,Spanish Grand Prix,32,PER,01:48:21.682,01:49:49.958
2022,6,Spanish Grand Prix,33,PER,01:49:49.958,01:51:18.351
2022,6,Spanish Grand Prix,34,PER,01:51:18.351,01:52:46.398
2022,6,Spanish Grand Prix,35,PER,01:52:46.398,01:54:14.686
2022,6,Spanish Grand Prix,36,PER,01:54:14.686,01:55:43.119
2022,6,Spanish Grand Prix,37,PER,01:55:43.119,01:57:15.371
2022,6,Spanish Grand Prix,38,VER,01:57:16.124,01:58:42.71
2022,6,Spanish Grand Prix,39,VER,01:58:42.71,02:00:09.486
2022,6,Spanish Grand Prix,40,VER,02:00:09.486,02:01:36.416
2022,6,Spanish Grand Prix,41,VER,02:01:36.416,02:03:03.871
2022,6,Spanish Grand Prix,42,VER,02:03:03.871,02:04:31.047
2022,6,Spanish Grand Prix,43,VER,02:04:31.047,02:05:58.181
2022,6,Spanish Grand Prix,44,VER,02:05:58.181,02:07:28.995
2022,6,Spanish Grand Prix,45,PER,02:07:41.26,02:09:08.173
2022,6,Spanish Grand Prix,46,PER,02:09:08.173,02:10:34.981
2022,6,Spanish Grand Prix,47,PER,02:10:34.981,02:12:02.164
2022,6,Spanish Grand Prix,48,PER,02:12:02.164,02:13:29.079
2022,6,Spanish Grand Prix,49,VER,02:13:29.764,02:14:56.006
2022,6,Spanish Grand Prix,50,VER,02:14:56.006,02:16:22.497
2022,6,Spanish Grand Prix,51,VER,02:16:22.497,02:17:49.157
2022,6,Spanish Grand Prix,52,VER,02:17:49.157,02:19:15.942
2022,6,Spanish Grand Prix,53,VER,02:19:15.942,02:20:42.598
2022,6,Spanish Grand Prix,54,VER,02:20:42.598,02:22:09.533
2022,6,Spanish Grand Prix,55,VER,02:22:09.533,02:23:36.548
2022,6,Spanish Grand Prix,56,VER,02:23:36.548,02:25:03.586
2022,6,Spanish Grand Prix,57,VER,02:25:03.586,02:26:30.204
2022,6,Spanish Grand Prix,58,VER,02:26:30.204,02:27:56.825
2022,6,Spanish Grand Prix,59,VER,02:27:56.825,02:29:23.688
2022,6,Spanish Grand Prix,60,VER,02:29:23.688,02:30:50.278
2022,6,Spanish Grand Prix,61,VER,02:30:50.278,02:32:17.097
2022,6,Spanish Grand Prix,62,VER,02:32:17.097,02:33:44.021
2022,6,Spanish Grand Prix,63,VER,02:33:44.021,02:35:11.226
2022,6,Spanish Grand Prix,64,VER,02:35:11.226,02:36:38.571
2022,6,Spanish Grand Prix,65,VER,02:36:38.571,02:38:06.182
2022,6,Spanish Grand Prix,66,VER,02:38:06.182,02:39:33.619
2022,7,Monaco Grand Prix,1,LEC,02:04:00.206,02:06:32.391
2022,7,Monaco Grand Prix,2,LEC,02:06:32.391,02:08:57.37
2022,7,Monaco Grand Prix,3,LEC,02:08:57.37,02:10:40.588
2022,7,Monaco Grand Prix,4,LEC,02:10:40.588,02:12:22.473
2022,7,Monaco Grand Prix,5,LEC,02:12:22.473,02:14:02.152
2022,7,Monaco Grand Prix,6,LEC,02:14:02.152,02:15:40.198
2022,7,Monaco Grand Prix,7,LEC,02:15:40.198,02:17:17.379
2022,7,Monaco Grand Prix,8,LEC,02:17:17.379,02:18:54.805
2022,7,Monaco Grand Prix,9,LEC,02:18:54.805,02:20:31.393
2022,7,Monaco Grand Prix,10,LEC,02:20:31.393,02:22:07.692
2022,7,Monaco Grand Prix,11,LEC,02:22:07.692,02:23:43.015
2022,7,Monaco Grand Prix,12,LEC,02:23:43.015,02:25:18.092
2022,7,Monaco Grand Prix,13,LEC,02:25:18.092,02:26:51.757
2022,7,Monaco Grand Prix,14,LEC,02:26:51.757,02:28:25.071
2022,7,Monaco Grand Prix,15,LEC,02:28:25.071,02:29:57.169
2022,7,Monaco Grand Prix,16,LEC,02:29:57.169,02:31:29.302
2022,7,Monaco Grand Prix,17,LEC,02:31:29.302,02:33:00.792
2022,7,Monaco Grand Prix,18,SAI,02:33:07.06,02:34:39.062
2022,7,Monaco Grand Prix,19,SAI,02:34:39.062,02:36:10.837
2022,7,Monaco Grand Prix,20,SAI,02:36:10.837,02:37:42.488
2022,7,Monaco Grand Prix,21,PER,02:37:46.473,02:39:15.844
2022,7,Monaco Grand Prix,22,PER,02:39:15.844,02:40:59.284
2022,7,Monaco Grand Prix,23,PER,02:40:59.284,02:42:33.433
2022,7,Monaco Grand Prix,24,PER,02:42:33.433,02:43:58.972
2022,7,Monaco Grand Prix,25,PER,02:43:58.972,02:45:21.178
2022,7,Monaco Grand Prix,26,PER,02:45:21.178,02:46:45.238
2022,7,Monaco Grand Prix,27,PER,02:46:45.238,02:48:42.493
2022,7,Monaco Grand Prix,28,PER,02:48:42.493,02:50:50.59
2022,7,Monaco Grand Prix,29,PER,02:50:50.59,02:52:49.629
2022,7,Monaco Grand Prix,30,PER,02:52:49.629,03:14:12.964
2022,7,Monaco Grand Prix,31,PER,03:14:00.322,03:16:51.232
2022,7,Monaco Grand Prix,32,PER,03:16:51.232,03:18:54.717
2022,7,Monaco Grand Prix,33,PER,03:18:54.717,03:20:18.132
2022,7,Monaco Grand Prix,34,PER,03:20:18.132,03:21:38.809
2022,7,Monaco Grand Prix,35,PER,03:21:38.809,03:22:58.61
2022,7,Monaco Grand Prix,36,PER,03:22:58.61,03:24:17.637
2022,7,Monaco Grand Prix,37,PER,03:24:17.637,03:25:35.984
2022,7,Monaco Grand Prix,38,PER,03:25:35.984,03:26:53.065
2022,7,Monaco Grand Prix,39,PER,03:26:53.065,03:28:10.208
2022,7,Monaco Grand Prix,40,PER,03:28:10.208,03:29:26.681
2022,7,Monaco Grand Prix,41,PER,03:29:26.681,03:30:43.115
2022,7,Monaco Grand Prix,42,PER,03:30:43.115,03:31:59.375
2022,7,Monaco Grand Prix,43,PER,03:31:59.375,03:33:15.854
2022,7,Monaco Grand Prix,44,PER,03:33:15.854,03:34:32.584
2022,7,Monaco Grand Prix,45,PER,03:34:32.584,03:35:49.357
2022,7,Monaco Grand Prix,46,PER,03:35:49.357,03:37:05.385
2022,7,Monaco Grand Prix,47,PER,03:37:05.385,03:38:22.067
2022,7,Monaco Grand Prix,48,PER,03:38:22.067,03:39:38.294
2022,7,Monaco Grand Prix,49,PER,03:39:38.294,03:40:54.896
2022,7,Monaco Grand Prix,50,PER,03:40:54.896,03:42:12.818
2022,7,Monaco Grand Prix,51,PER,03:42:12.818,03:43:30.596
2022,7,Monaco Grand Prix,52,PER,03:43:30.596,03:44:48.624
2022,7,Monaco Grand Prix,53,PER,03:44:48.624,03:46:06.821
2022,7,Monaco Grand Prix,54,PER,03:46:06.821,03:47:25.026
2022,7,Monaco Grand Prix,55,PER,03:47:25.026,03:48:43.517
2022,7,Monaco Grand Prix,56,PER,03:48:43.517,03:50:02.415
2022,7,Monaco Grand Prix,57,PER,03:50:02.415,03:51:21.288
2022,7,Monaco Grand Prix,58,PER,03:51:21.288,03:52:40.745
2022,7,Monaco Grand Prix,59,PER,03:52:40.745,03:53:59.515
2022,7,Monaco Grand Prix,60,PER,03:53:59.515,03:55:18.492
2022,7,Monaco Grand Prix,61,PER,03:55:18.492,03:56:37.127
2022,7,Monaco Grand Prix,62,PER,03:56:37.127,03:57:55.124
2022,7,Monaco Grand Prix,63,PER,03:57:55.124,03:59:12.824
2022,7,Monaco Grand Prix,64,PER,03:59:12.824,04:00:30.741
2022,8,Azerbaijan Grand Prix,1,PER,01:02:56.466,01:04:47.661
2022,8,Azerbaijan Grand Prix,2,PER,01:04:47.661,01:06:35.964
2022,8,Azerbaijan Grand Prix,3,PER,01:06:35.964,01:08:24.209
2022,8,Azerbaijan Grand Prix,4,PER,01:08:24.209,01:10:12.726
2022,8,Azerbaijan Grand Prix,5,PER,01:10:12.726,01:12:01.165
2022,8,Azerbaijan Grand Prix,6,PER,01:12:01.165,01:13:49.816
2022,8,Azerbaijan Grand Prix,7,PER,01:13:49.816,01:15:38.595
2022,8,Azerbaijan Grand Prix,8,PER,01:15:38.595,01:17:27.419
2022,8,Azerbaijan Grand Prix,9,PER,01:17:27.419,01:19:22.418
2022,8,Azerbaijan Grand Prix,10,PER,01:19:22.418,01:21:42.361
2022,8,Azerbaijan Grand Prix,11,PER,01:21:42.361,01:23:31.154
2022,8,Azerbaijan Grand Prix,12,PER,01:23:31.154,01:25:19.781
2022,8,Azerbaijan Grand Prix,13,PER,01:25:19.781,01:27:08.616
2022,8,Azerbaijan Grand Prix,14,PER,01:27:08.616,01:28:58.301
2022,8,Azerbaijan Grand Prix,15,VER,01:28:58.574,01:30:47.661
2022,8,Azerbaijan Grand Prix,16,VER,01:30:47.661,01:32:36.935
2022,8,Azerbaijan Grand Prix,17,VER,01:32:36.935,01:34:26.066
2022,8,Azerbaijan Grand Prix,18,VER,01:34:26.066,01:36:19.552
2022,8,Azerbaijan Grand Prix,19,LEC,01:36:22.625,01:38:10.734
2022,8,Azerbaijan Grand Prix,20,VER,01:38:23.691,01:40:10.589
2022,8,Azerbaijan Grand Prix,21,VER,01:40:10.589,01:41:57.955
2022,8,Azerbaijan Grand Prix,22,VER,01:41:57.955,01:43:46.108
2022,8,Azerbaijan Grand Prix,23,VER,01:43:46.108,01:45:34.035
2022,8,Azerbaijan Grand Prix,24,VER,01:45:34.035,01:47:21.921
2022,8,Azerbaijan Grand Prix,25,VER,01:47:21.921,01:49:09.552
2022,8,Azerbaijan Grand Prix,26,VER,01:49:09.552,01:50:57.265
2022,8,Azerbaijan Grand Prix,27,VER,01:50:57.265,01:52:45.066
2022,8,Azerbaijan Grand Prix,28,VER,01:52:45.066,01:54:32.709
2022,8,Azerbaijan Grand Prix,29,VER,01:54:32.709,01:56:20.202
2022,8,Azerbaijan Grand Prix,30,VER,01:56:20.202,01:58:07.661
2022,8,Azerbaijan Grand Prix,31,VER,01:58:07.661,01:59:55.361
2022,8,Azerbaijan Grand Prix,32,VER,01:59:55.361,02:01:42.883
2022,8,Azerbaijan Grand Prix,33,VER,02:01:42.883,02:03:42.168
2022,8,Azerbaijan Grand Prix,34,VER,02:03:42.168,02:06:26.05
2022,8,Azerbaijan Grand Prix,35,VER,02:06:26.05,02:08:33.735
2022,8,Azerbaijan Grand Prix,36,VER,02:08:33.735,02:10:20.258
2022,8,Azerbaijan Grand Prix,37,VER,02:10:20.258,02:12:06.625
2022,8,Azerbaijan Grand Prix,38,VER,02:12:06.625,02:13:53.554
2022,8,Azerbaijan Grand Prix,39,VER,02:13:53.554,02:15:40.472
2022,8,Azerbaijan Grand Prix,40,VER,02:15:40.472,02:17:27.431
2022,8,Azerbaijan Grand Prix,41,VER,02:17:27.431,02:19:14.688
2022,8,Azerbaijan Grand Prix,42,VER,02:19:14.688,02:21:01.237
2022,8,Azerbaijan Grand Prix,43,VER,02:21:01.237,02:22:47.717
2022,8,Azerbaijan Grand Prix,44,VER,02:22:47.717,02:24:34.211
2022,8,Azerbaijan Grand Prix,45,VER,02:24:34.211,02:26:21.057
2022,8,Azerbaijan Grand Prix,46,VER,02:26:21.057,02:28:08.147
2022,8,Azerbaijan Grand Prix,47,VER,02:28:08.147,02:29:55.01
2022,8,Azerbaijan Grand Prix,48,VER,02:29:55.01,02:31:42.028
2022,8,Azerbaijan Grand Prix,49,VER,02:31:42.028,02:33:28.883
2022,8,Azerbaijan Grand Prix,50,VER,02:33:28.883,02:35:14.933
2022,8,Azerbaijan Grand Prix,51,VER,02:35:14.933,02:37:02.707
2022,9,Canadian Grand Prix,1,VER,01:02:13.737,01:03:37.385
2022,9,Canadian Grand Prix,2,VER,01:03:37.385,01:04:56.345
2022,9,Canadian Grand Prix,3,VER,01:04:56.345,01:06:15.163
2022,9,Canadian Grand Prix,4,VER,01:06:15.163,01:07:33.556
2022,9,Canadian Grand Prix,5,VER,01:07:33.556,01:08:51.849
2022,9,Canadian Grand Prix,6,VER,01:08:51.849,01:10:10.124
2022,9,Canadian Grand Prix,7,VER,01:10:10.124,01:11:27.952
2022,9,Canadian Grand Prix,8,VER,01:11:27.952,01:12:45.709
2022,9,Canadian Grand Prix,9,SAI,01:12:48.338,01:14:30.81
2022,9,Canadian Grand Prix,10,SAI,01:14:30.81,01:16:16.791
2022,9,Canadian Grand Prix,11,SAI,01:16:16.791,01:17:34.445
2022,9,Canadian Grand Prix,12,SAI,01:17:34.445,01:18:51.925
2022,9,Canadian Grand Prix,13,SAI,01:18:51.925,01:20:09.6
2022,9,Canadian Grand Prix,14,SAI,01:20:09.6,01:21:27.961
2022,9,Canadian Grand Prix,15,SAI,01:21:27.961,01:22:46.034
2022,9,Canadian Grand Prix,16,SAI,01:22:46.034,01:24:03.798
2022,9,Canadian Grand Prix,17,SAI,01:24:03.798,01:25:21.504
2022,9,Canadian Grand Prix,18,SAI,01:25:21.504,01:26:39.355
2022,9,Canadian Grand Prix,19,SAI,01:26:39.355,01:27:57.12
2022,9,Canadian Grand Prix,20,VER,01:28:01.482,01:29:48.202
2022,9,Canadian Grand Prix,21,VER,01:29:48.202,01:31:07.509
2022,9,Canadian Grand Prix,22,VER,01:31:07.509,01:32:25.101
2022,9,Canadian Grand Prix,23,VER,01:32:25.101,01:33:42.735
2022,9,Canadian Grand Prix,24,VER,01:33:42.735,01:35:00.316
2022,9,Canadian Grand Prix,25,VER,01:35:00.316,01:36:17.992
2022,9,Canadian Grand Prix,26,VER,01:36:17.992,01:37:35.41
2022,9,Canadian Grand Prix,27,VER,01:37:35.41,01:38:52.938
2022,9,Canadian Grand Prix,28,VER,01:38:52.938,01:40:10.368
2022,9,Canadian Grand Prix,29,VER,01:40:10.368,01:41:27.794
2022,9,Canadian Grand Prix,30,VER,01:41:27.794,01:42:45.335
2022,9,Canadian Grand Prix,31,VER,01:42:45.335,01:44:02.793
2022,9,Canadian Grand Prix,32,VER,01:44:02.793,01:45:20.659
2022,9,Canadian Grand Prix,33,VER,01:45:20.659,01:46:38.383
2022,9,Canadian Grand Prix,34,VER,01:46:38.383,01:47:55.978
2022,9,Canadian Grand Prix,35,VER,01:47:55.978,01:49:13.612
2022,9,Canadian Grand Prix,36,VER,01:49:13.612,01:50:31.429
2022,9,Canadian Grand Prix,37,VER,01:50:31.429,01:51:49.151
2022,9,Canadian Grand Prix,38,VER,01:51:49.151,01:53:06.846
2022,9,Canadian Grand Prix,39,VER,01:53:06.846,01:54:24.553
2022,9,Canadian Grand Prix,40,VER,01:54:24.553,01:55:42.362
2022,9,Canadian Grand Prix,41,VER,01:55:42.362,01:57:00.733
2022,9,Canadian Grand Prix,42,VER,01:57:00.733,01:58:18.924
2022,9,Canadian Grand Prix,43,SAI,01:58:25.03,01:59:43.002
2022,9,Canadian Grand Prix,44,SAI,01:59:43.002,02:01:01.226
2022,9,Canadian Grand Prix,45,SAI,02:01:01.226,02:02:19.118
2022,9,Canadian Grand Prix,46,SAI,02:02:19.118,02:03:36.95
2022,9,Canadian Grand Prix,47,SAI,02:03:36.95,02:04:54.401
2022,9,Canadian Grand Prix,48,SAI,02:04:54.401,02:06:11.909
2022,9,Canadian Grand Prix,49,VER,02:06:19.666,02:07:44.933
2022,9,Canadian Grand Prix,50,VER,02:07:44.933,02:09:43.901
2022,9,Canadian Grand Prix,51,VER,02:09:43.901,02:11:44.205
2022,9,Canadian Grand Prix,52,VER,02:11:44.205,02:13:52.077
2022,9,Canadian Grand Prix,53,VER,02:13:52.077,02:15:56.479
2022,9,Canadian Grand Prix,54,VER,02:15:56.479,02:18:17.463
2022,9,Canadian Grand Prix,55,VER,02:18:17.463,02:19:34.434
2022,9,Canadian Grand Prix,56,VER,02:19:34.434,02:20:50.727
2022,9,Canadian Grand Prix,57,VER,02:20:50.727,02:22:07.116
2022,9,Canadian Grand Prix,58,VER,02:22:07.116,02:23:23.384
2022,9,Canadian Grand Prix,59,VER,02:23:23.384,02:24:39.58
2022,9,Canadian Grand Prix,60,VER,02:24:39.58,02:25:55.643
2022,9,Canadian Grand Prix,61,VER,02:25:55.643,02:27:11.67
2022,9,Canadian Grand Prix,62,VER,02:27:11.67,02:28:27.76
2022,9,Canadian Grand Prix,63,VER,02:28:27.76,02:29:43.822
2022,9,Canadian Grand Prix,64,VER,02:29:43.822,02:30:59.661
2022,9,Canadian Grand Prix,65,VER,02:30:59.661,02:32:15.585
2022,9,Canadian Grand Prix,66,VER,02:32:15.585,02:33:31.565
2022,9,Canadian Grand Prix,67,VER,02:33:31.565,02:34:47.495
2022,9,Canadian Grand Prix,68,VER,02:34:47.495,02:36:03.833
2022,9,Canadian Grand Prix,69,VER,02:36:03.833,02:37:19.83
2022,9,Canadian Grand Prix,70,VER,02:37:19.83,02:38:35.746
2022,10,British Grand Prix,1,VER,01:02:16.093,01:04:38.35
2022,10,British Grand Prix,2,SAI,01:55:00.091,01:57:51.315
2022,10,British Grand Prix,3,SAI,01:57:51.315,02:00:23.163
2022,10,British Grand Prix,4,SAI,02:00:23.163,02:01:56.6
2022,10,British Grand Prix,5,SAI,02:01:56.6,02:03:30.223
2022,10,British Grand Prix,6,SAI,02:03:30.223,02:05:03.819
2022,10,British Grand Prix,7,SAI,02:05:03.819,02:06:37.737
2022,10,British Grand Prix,8,SAI,02:06:37.737,02:08:11.469
2022,10,British Grand Prix,9,SAI,02:08:11.469,02:09:45.044
2022,10,British Grand Prix,10,VER,02:09:45.812,02:11:19.298
2022,10,British Grand Prix,11,VER,02:11:19.298,02:12:52.93
2022,10,British Grand Prix,12,VER,02:12:52.93,02:14:27.631
2022,10,British Grand Prix,13,SAI,02:14:27.812,02:16:01.122
2022,10,British Grand Prix,14,SAI,02:16:01.122,02:17:34.672
2022,10,British Grand Prix,15,SAI,02:17:34.672,02:19:08.117
2022,10,British Grand Prix,16,SAI,02:19:08.117,02:20:41.667
2022,10,British Grand Prix,17,SAI,02:20:41.667,02:22:14.995
2022,10,British Grand Prix,18,SAI,02:22:14.995,02:23:48.161
2022,10,British Grand Prix,19,SAI,02:23:48.161,02:25:21.135
2022,10,British Grand Prix,20,SAI,02:25:21.135,02:26:53.934
2022,10,British Grand Prix,21,LEC,02:26:54.985,02:28:28.308
2022,10,British Grand Prix,22,LEC,02:28:28.308,02:30:01.104
2022,10,British Grand Prix,23,LEC,02:30:01.104,02:31:34.223
2022,10,British Grand Prix,24,LEC,02:31:34.223,02:33:07.278
2022,10,British Grand Prix,25,LEC,02:33:07.278,02:34:39.779
2022,10,British Grand Prix,26,HAM,02:34:41.306,02:36:13.961
2022,10,British Grand Prix,27,HAM,02:36:13.961,02:37:46.406
2022,10,British Grand Prix,28,HAM,02:37:46.406,02:39:18.671
2022,10,British Grand Prix,29,HAM,02:39:18.671,02:40:51.113
2022,10,British Grand Prix,30,HAM,02:40:51.113,02:42:23.654
2022,10,British Grand Prix,31,HAM,02:42:23.654,02:43:56.33
2022,10,British Grand Prix,32,HAM,02:43:56.33,02:45:28.409
2022,10,British Grand Prix,33,HAM,02:45:28.409,02:47:00.665
2022,10,British Grand Prix,34,LEC,02:47:18.851,02:48:50.975
2022,10,British Grand Prix,35,LEC,02:48:50.975,02:50:22.749
2022,10,British Grand Prix,36,LEC,02:50:22.749,02:51:54.441
2022,10,British Grand Prix,37,LEC,02:51:54.441,02:53:26.054
2022,10,British Grand Prix,38,LEC,02:53:26.054,02:54:57.401
2022,10,British Grand Prix,39,SAI,02:55:01.643,02:56:40.003
2022,10,British Grand Prix,40,LEC,02:56:40.292,02:59:25.574
2022,10,British Grand Prix,41,LEC,02:59:25.574,03:02:12.852
2022,10,British Grand Prix,42,LEC,03:02:12.852,03:04:53.868
2022,10,British Grand Prix,43,SAI,03:04:54.277,03:06:25.163
2022,10,British Grand Prix,44,SAI,03:06:25.163,03:07:55.976
2022,10,British Grand Prix,45,SAI,03:07:55.976,03:09:27.191
2022,10,British Grand Prix,46,SAI,03:09:27.191,03:10:58.607
2022,10,British Grand Prix,47,SAI,03:10:58.607,03:12:29.922
2022,10,British Grand Prix,48,SAI,03:12:29.922,03:14:01.172
2022,10,British Grand Prix,49,SAI,03:14:01.172,03:15:32.489
2022,10,British Grand Prix,50,SAI,03:15:32.489,03:17:03.63
2022,10,British Grand Prix,51,SAI,03:17:03.63,03:18:35.104
2022,10,British Grand Prix,52,SAI,03:18:35.104,03:20:06.63
2022,11,Austrian Grand Prix,1,VER,01:02:13.798,01:03:26.753
2022,11,Austrian Grand Prix,2,VER,01:03:26.753,01:04:37.126
2022,11,Austrian Grand Prix,3,VER,01:04:37.126,01:05:47.291
2022,11,Austrian Grand Prix,4,VER,01:05:47.291,01:06:57.419
2022,11,Austrian Grand Prix,5,VER,01:06:57.419,01:08:07.679
2022,11,Austrian Grand Prix,6,VER,01:08:07.679,01:09:18.036
2022,11,Austrian Grand Prix,7,VER,01:09:18.036,01:10:28.595
2022,11,Austrian Grand Prix,8,VER,01:10:28.595,01:11:39.358
2022,11,Austrian Grand Prix,9,VER,01:11:39.358,01:12:50.205
2022,11,Austrian Grand Prix,10,VER,01:12:50.205,01:14:01.601
2022,11,Austrian Grand Prix,11,VER,01:14:01.601,01:15:12.519
2022,11,Austrian Grand Prix,12,LEC,01:15:13.214,01:16:23.675
2022,11,Austrian Grand Prix,13,LEC,01:16:23.675,01:17:34.276
2022,11,Austrian Grand Prix,14,LEC,01:17:34.276,01:18:45.153
2022,11,Austrian Grand Prix,15,LEC,01:18:45.153,01:19:55.809
2022,11,Austrian Grand Prix,16,LEC,01:19:55.809,01:21:06.265
2022,11,Austrian Grand Prix,17,LEC,01:21:06.265,01:22:16.779
2022,11,Austrian Grand Prix,18,LEC,01:22:16.779,01:23:27.563
2022,11,Austrian Grand Prix,19,LEC,01:23:27.563,01:24:38.19
2022,11,Austrian Grand Prix,20,LEC,01:24:38.19,01:25:48.653
2022,11,Austrian Grand Prix,21,LEC,01:25:48.653,01:26:59.443
2022,11,Austrian Grand Prix,22,LEC,01:26:59.443,01:28:10.136
2022,11,Austrian Grand Prix,23,LEC,01:28:10.136,01:29:20.863
2022,11,Austrian Grand Prix,24,LEC,01:29:20.863,01:30:32.318
2022,11,Austrian Grand Prix,25,LEC,01:30:32.318,01:31:43.661
2022,11,Austrian Grand Prix,26,LEC,01:31:43.661,01:32:58.462
2022,11,Austrian Grand Prix,27,SAI,01:32:58.931,01:34:13.723
2022,11,Austrian Grand Prix,28,VER,01:34:19.235,01:35:29.807
2022,11,Austrian Grand Prix,29,VER,01:35:29.807,01:36:40.292
2022,11,Austrian Grand Prix,30,VER,01:36:40.292,01:37:50.901
2022,11,Austrian Grand Prix,31,VER,01:37:50.901,01:39:01.798
2022,11,Austrian Grand Prix,32,VER,01:39:01.798,01:40:12.871
2022,11,Austrian Grand Prix,33,LEC,01:40:13.294,01:41:22.959
2022,11,Austrian Grand Prix,34,LEC,01:41:22.959,01:42:33.004
2022,11,Austrian Grand Prix,35,LEC,01:42:33.004,01:43:42.682
2022,11,Austrian Grand Prix,36,LEC,01:43:42.682,01:44:52.59
2022,11,Austrian Grand Prix,37,LEC,01:44:52.59,01:46:02.454
2022,11,Austrian Grand Prix,38,LEC,01:46:02.454,01:47:12.576
2022,11,Austrian Grand Prix,39,LEC,01:47:12.576,01:48:23.143
2022,11,Austrian Grand Prix,40,LEC,01:48:23.143,01:49:35.217
2022,11,Austrian Grand Prix,41,LEC,01:49:35.217,01:50:46.058
2022,11,Austrian Grand Prix,42,LEC,01:50:46.058,01:51:56.137
2022,11,Austrian Grand Prix,43,LEC,01:51:56.137,01:53:06.615
2022,11,Austrian Grand Prix,44,LEC,01:53:06.615,01:54:16.604
2022,11,Austrian Grand Prix,45,LEC,01:54:16.604,01:55:26.871
2022,11,Austrian Grand Prix,46,LEC,01:55:26.871,01:56:37.358
2022,11,Austrian Grand Prix,47,LEC,01:56:37.358,01:57:48.016
2022,11,Austrian Grand Prix,48,LEC,01:57:48.016,01:58:58.6
2022,11,Austrian Grand Prix,49,LEC,01:58:58.6,02:00:13.14
2022,11,Austrian Grand Prix,50,SAI,02:00:13.622,02:01:27.305
2022,11,Austrian Grand Prix,51,VER,02:01:36.984,02:02:47.216
2022,11,Austrian Grand Prix,52,VER,02:02:47.216,02:03:57.409
2022,11,Austrian Grand Prix,53,LEC,02:03:57.734,02:05:06.926
2022,11,Austrian Grand Prix,54,LEC,02:05:06.926,02:06:16.035
2022,11,Austrian Grand Prix,55,LEC,02:06:16.035,02:07:25.257
2022,11,Austrian Grand Prix,56,LEC,02:07:25.257,02:08:33.94
2022,11,Austrian Grand Prix,57,LEC,02:08:33.94,02:09:42.783
2022,11,Austrian Grand Prix,58,LEC,02:09:42.783,02:11:07.305
2022,11,Austrian Grand Prix,59,LEC,02:11:07.305,02:12:54.174
2022,11,Austrian Grand Prix,60,LEC,02:12:54.174,02:14:04.042
2022,11,Austrian Grand Prix,61,LEC,02:14:04.042,02:15:12.112
2022,11,Austrian Grand Prix,62,LEC,02:15:12.112,02:16:19.695
2022,11,Austrian Grand Prix,63,LEC,02:16:19.695,02:17:27.509
2022,11,Austrian Grand Prix,64,LEC,02:17:27.509,02:18:36.19
2022,11,Austrian Grand Prix,65,LEC,02:18:36.19,02:19:44.899
2022,11,Austrian Grand Prix,66,LEC,02:19:44.899,02:20:53.741
2022,11,Austrian Grand Prix,67,LEC,02:20:53.741,02:22:02.671
2022,11,Austrian Grand Prix,68,LEC,02:22:02.671,02:23:11.581
2022,11,Austrian Grand Prix,69,LEC,02:23:11.581,02:24:20.161
2022,11,Austrian Grand Prix,70,LEC,02:24:20.161,02:25:28.994
2022,11,Austrian Grand Prix,71,LEC,02:25:28.994,02:26:38.343
2022,12,French Grand Prix,1,LEC,00:42:40.279,00:44:23.839
2022,12,French Grand Prix,2,LEC,00:44:23.839,00:46:01.966
2022,12,French Grand Prix,3,LEC,00:46:01.966,00:47:40.665
2022,12,French Grand Prix,4,LEC,00:47:40.665,00:49:18.753
2022,12,French Grand Prix,5,LEC,00:49:18.753,00:50:57.85
2022,12,French Grand Prix,6,LEC,00:50:57.85,00:52:36.46
2022,12,French Grand Prix,7,LEC,00:52:36.46,00:54:15.748
2022,12,French Grand Prix,8,LEC,00:54:15.748,00:55:54.712
2022,12,French Grand Prix,9,LEC,00:55:54.712,00:57:33.853
2022,12,French Grand Prix,10,LEC,00:57:33.853,00:59:12.708
2022,12,French Grand Prix,11,LEC,00:59:12.708,01:00:52.052
2022,12,French Grand Prix,12,LEC,01:00:52.052,01:02:31.098
2022,12,French Grand Prix,13,LEC,01:02:31.098,01:04:09.756
2022,12,French Grand Prix,14,LEC,01:04:09.756,01:05:48.768
2022,12,French Grand Prix,15,LEC,01:05:48.768,01:07:27.612
2022,12,French Grand Prix,16,LEC,01:07:27.612,01:09:06.467
2022,12,French Grand Prix,17,LEC,01:09:06.467,01:10:45.43
2022,12,French Grand Prix,18,HAM,01:10:55.687,01:13:00.433
2022,12,French Grand Prix,19,VER,01:13:05.254,01:15:42.617
2022,12,French Grand Prix,20,VER,01:15:42.617,01:18:14.134
2022,12,French Grand Prix,21,VER,01:18:14.134,01:19:51.835
2022,12,French Grand Prix,22,VER,01:19:51.835,01:21:29.609
2022,12,French Grand Prix,23,VER,01:21:29.609,01:23:07.882
2022,12,French Grand Prix,24,VER,01:23:07.882,01:24:45.891
2022,12,French Grand Prix,25,VER,01:24:45.891,01:26:24.235
2022,12,French Grand Prix,26,VER,01:26:24.235,01:28:02.185
2022,12,French Grand Prix,27,VER,01:28:02.185,01:29:40.152
2022,12,French Grand Prix,28,VER,01:29:40.152,01:31:17.848
2022,12,French Grand Prix,29,VER,01:31:17.848,01:32:55.543
2022,12,French Grand Prix,30,VER,01:32:55.543,01:34:33.034
2022,12,French Grand Prix,31,VER,01:34:33.034,01:36:10.82
2022,12,French Grand Prix,32,VER,01:36:10.82,01:37:48.624
2022,12,French Grand Prix,33,VER,01:37:48.624,01:39:26.524
2022,12,French Grand Prix,34,VER,01:39:26.524,01:41:04.435
2022,12,French Grand Prix,35,VER,01:41:04.435,01:42:42.736
2022,12,French Grand Prix,36,VER,01:42:42.736,01:44:20.789
2022,12,French Grand Prix,37,VER,01:44:20.789,01:45:59.059
2022,12,French Grand Prix,38,VER,01:45:59.059,01:47:36.742
2022,12,French Grand Prix,39,VER,01:47:36.742,01:49:14.769
2022,12,French Grand Prix,40,VER,01:49:14.769,01:50:52.607
2022,12,French Grand Prix,41,VER,01:50:52.607,01:52:30.343
2022,12,French Grand Prix,42,VER,01:52:30.343,01:54:08.179
2022,12,French Grand Prix,43,VER,01:54:08.179,01:55:45.821
2022,12,French Grand Prix,44,VER,01:55:45.821,01:57:23.84
2022,12,French Grand Prix,45,VER,01:57:23.84,01:59:01.696
2022,12,French Grand Prix,46,VER,01:59:01.696,02:00:39.938
2022,12,French Grand Prix,47,VER,02:00:39.938,02:02:18.011
2022,12,French Grand Prix,48,VER,02:02:18.011,02:03:55.956
2022,12,French Grand Prix,49,VER,02:03:55.956,02:05:34.688
2022,12,French Grand Prix,50,VER,02:05:34.688,02:07:46.78
2022,12,French Grand Prix,51,VER,02:07:46.78,02:09:25.873
2022,12,French Grand Prix,52,VER,02:09:25.873,02:11:04.161
2022,12,French Grand Prix,53,VER,02:11:04.161,02:12:42.603
2022,13,Hungarian Grand Prix,1,RUS,01:02:05.807,01:03:34.429
2022,13,Hungarian Grand Prix,2,RUS,01:03:34.429,01:05:26.557
2022,13,Hungarian Grand Prix,3,RUS,01:05:26.557,01:06:57.15
2022,13,Hungarian Grand Prix,4,RUS,01:06:57.15,01:08:20.872
2022,13,Hungarian Grand Prix,5,RUS,01:08:20.872,01:09:44.826
2022,13,Hungarian Grand Prix,6,RUS,01:09:44.826,01:11:08.825
2022,13,Hungarian Grand Prix,7,RUS,01:11:08.825,01:12:32.894
2022,13,Hungarian Grand Prix,8,RUS,01:12:32.894,01:13:56.967
2022,13,Hungarian Grand Prix,9,RUS,01:13:56.967,01:15:20.681
2022,13,Hungarian Grand Prix,10,RUS,01:15:20.681,01:16:45.195
2022,13,Hungarian Grand Prix,11,RUS,01:16:45.195,01:18:09.505
2022,13,Hungarian Grand Prix,12,RUS,01:18:09.505,01:19:33.704
2022,13,Hungarian Grand Prix,13,RUS,01:19:33.704,01:20:58.239
2022,13,Hungarian Grand Prix,14,RUS,01:20:58.239,01:22:23.252
2022,13,Hungarian Grand Prix,15,RUS,01:22:23.252,01:23:48.125
2022,13,Hungarian Grand Prix,16,SAI,01:23:49.307,01:25:14.42
2022,13,Hungarian Grand Prix,17,LEC,01:25:15.032,01:26:39.417
2022,13,Hungarian Grand Prix,18,LEC,01:26:39.417,01:28:03.209
2022,13,Hungarian Grand Prix,19,LEC,01:28:03.209,01:29:27.12
2022,13,Hungarian Grand Prix,20,LEC,01:29:27.12,01:30:51.382
2022,13,Hungarian Grand Prix,21,LEC,01:30:51.382,01:32:17.863
2022,13,Hungarian Grand Prix,22,RUS,01:32:33.453,01:33:57.109
2022,13,Hungarian Grand Prix,23,RUS,01:33:57.109,01:35:20.675
2022,13,Hungarian Grand Prix,24,RUS,01:35:20.675,01:36:44.576
2022,13,Hungarian Grand Prix,25,RUS,01:36:44.576,01:38:08.23
2022,13,Hungarian Grand Prix,26,RUS,01:38:08.23,01:39:31.993
2022,13,Hungarian Grand Prix,27,RUS,01:39:31.993,01:40:55.871
2022,13,Hungarian Grand Prix,28,RUS,01:40:55.871,01:42:20.437
2022,13,Hungarian Grand Prix,29,RUS,01:42:20.437,01:43:44.703
2022,13,Hungarian Grand Prix,30,RUS,01:43:44.703,01:45:08.899
2022,13,Hungarian Grand Prix,31,LEC,01:45:09.412,01:46:32.415
2022,13,Hungarian Grand Prix,32,LEC,01:46:32.415,01:47:56.693
2022,13,Hungarian Grand Prix,33,LEC,01:47:56.693,01:49:20.058
2022,13,Hungarian Grand Prix,34,LEC,01:49:20.058,01:50:43.446
2022,13,Hungarian Grand Prix,35,LEC,01:50:43.446,01:52:06.944
2022,13,Hungarian Grand Prix,36,LEC,01:52:06.944,01:53:30.088
2022,13,Hungarian Grand Prix,37,LEC,01:53:30.088,01:54:53.541
2022,13,Hungarian Grand Prix,38,LEC,01:54:53.541,01:56:17.346
2022,13,Hungarian Grand Prix,39,LEC,01:56:17.346,01:57:43.67
2022,13,Hungarian Grand Prix,40,SAI,01:57:48.652,01:59:12.742
2022,13,Hungarian Grand Prix,41,SAI,01:59:12.742,02:00:36.637
2022,13,Hungarian Grand Prix,42,SAI,02:00:36.637,02:02:01.129
2022,13,Hungarian Grand Prix,43,SAI,02:02:01.129,02:03:24.75
2022,13,Hungarian Grand Prix,44,SAI,02:03:24.75,02:04:48.934
2022,13,Hungarian Grand Prix,45,SAI,02:04:48.934,02:06:13.178
2022,13,Hungarian Grand Prix,46,SAI,02:06:13.178,02:07:37.467
2022,13,Hungarian Grand Prix,47,HAM,02:07:39.792,02:09:03.551
2022,13,Hungarian Grand Prix,48,HAM,02:09:03.551,02:10:28.414
2022,13,Hungarian Grand Prix,49,HAM,02:10:28.414,02:11:52.995
2022,13,Hungarian Grand Prix,50,HAM,02:11:52.995,02:13:17.761
2022,13,Hungarian Grand Prix,51,VER,02:13:21.196,02:14:44.042
2022,13,Hungarian Grand Prix,52,VER,02:14:44.042,02:16:06.628
2022,13,Hungarian Grand Prix,53,VER,02:16:06.628,02:17:29.336
2022,13,Hungarian Grand Prix,54,VER,02:17:29.336,02:18:52.113
2022,13,Hungarian Grand Prix,55,VER,02:18:52.113,02:20:15.123
2022,13,Hungarian Grand Prix,56,VER,02:20:15.123,02:21:38.136
2022,13,Hungarian Grand Prix,57,VER,02:21:38.136,02:23:00.963
2022,13,Hungarian Grand Prix,58,VER,02:23:00.963,02:24:23.831
2022,13,Hungarian Grand Prix,59,VER,02:24:23.831,02:25:46.905
2022,13,Hungarian Grand Prix,60,VER,02:25:46.905,02:27:09.637
2022,13,Hungarian Grand Prix,61,VER,02:27:09.637,02:28:32.468
2022,13,Hungarian Grand Prix,62,VER,02:28:32.468,02:29:55.922
2022,13,Hungarian Grand Prix,63,VER,02:29:55.922,02:31:18.932
2022,13,Hungarian Grand Prix,64,VER,02:31:18.932,02:32:41.91
2022,13,Hungarian Grand Prix,65,VER,02:32:41.91,02:34:04.577
2022,13,Hungarian Grand Prix,66,VER,02:34:04.577,02:35:27.674
2022,13,Hungarian Grand Prix,67,VER,02:35:27.674,02:36:50.961
2022,13,Hungarian Grand Prix,68,VER,02:36:50.961,02:38:28.128
2022,13,Hungarian Grand Prix,69,VER,02:38:28.128,02:40:13.706
2022,13,Hungarian Grand Prix,70,VER,02:40:13.706,02:41:41.95
2022,14,Belgian Grand Prix,1,HAM,01:02:44.5,01:04:38.673
2022,14,Belgian Grand Prix,2,SAI,01:04:38.673,01:06:49.741
2022,14,Belgian Grand Prix,3,SAI,01:06:49.741,01:09:57.58
2022,14,Belgian Grand Prix,4,SAI,01:09:57.58,01:13:05.069
2022,14,Belgian Grand Prix,5,SAI,01:13:05.069,01:14:57.267
2022,14,Belgian Grand Prix,6,SAI,01:14:57.267,01:16:49.589
2022,14,Belgian Grand Prix,7,SAI,01:16:49.589,01:18:42.348
2022,14,Belgian Grand Prix,8,SAI,01:18:42.348,01:20:36.428
2022,14,Belgian Grand Prix,9,SAI,01:20:36.428,01:22:31.053
2022,14,Belgian Grand Prix,10,SAI,01:22:31.053,01:24:25.678
2022,14,Belgian Grand Prix,11,PER,01:24:27.21,01:26:22.053
2022,14,Belgian Grand Prix,12,VER,01:26:22.433,01:28:15.591
2022,14,Belgian Grand Prix,13,VER,01:28:15.591,01:30:09.319
2022,14,Belgian Grand Prix,14,VER,01:30:09.319,01:32:03.217
2022,14,Belgian Grand Prix,15,VER,01:32:03.217,01:34:01.037
2022,14,Belgian Grand Prix,16,SAI,01:34:09.84,01:36:03.082
2022,14,Belgian Grand Prix,17,SAI,01:36:03.082,01:37:56.205
2022,14,Belgian Grand Prix,18,VER,01:37:56.908,01:39:47.956
2022,14,Belgian Grand Prix,19,VER,01:39:47.956,01:41:39.869
2022,14,Belgian Grand Prix,20,VER,01:41:39.869,01:43:32.077
2022,14,Belgian Grand Prix,21,VER,01:43:32.077,01:45:24.252
2022,14,Belgian Grand Prix,22,VER,01:45:24.252,01:47:16.634
2022,14,Belgian Grand Prix,23,VER,01:47:16.634,01:49:08.907
2022,14,Belgian Grand Prix,24,VER,01:49:08.907,01:51:01.374
2022,14,Belgian Grand Prix,25,VER,01:51:01.374,01:52:53.929
2022,14,Belgian Grand Prix,26,VER,01:52:53.929,01:54:46.455
2022,14,Belgian Grand Prix,27,VER,01:54:46.455,01:56:39.324
2022,14,Belgian Grand Prix,28,VER,01:56:39.324,01:58:32.034
2022,14,Belgian Grand Prix,29,VER,01:58:32.034,02:00:24.796
2022,14,Belgian Grand Prix,30,VER,02:00:24.796,02:02:21.927
2022,14,Belgian Grand Prix,31,VER,02:02:21.927,02:04:25.591
2022,14,Belgian Grand Prix,32,VER,02:04:25.591,02:06:14.945
2022,14,Belgian Grand Prix,33,VER,02:06:14.945,02:08:06.089
2022,14,Belgian Grand Prix,34,VER,02:08:06.089,02:09:57.123
2022,14,Belgian Grand Prix,35,VER,02:09:57.123,02:11:48.592
2022,14,Belgian Grand Prix,36,VER,02:11:48.592,02:13:40.143
2022,14,Belgian Grand Prix,37,VER,02:13:40.143,02:15:31.73
2022,14,Belgian Grand Prix,38,VER,02:15:31.73,02:17:23.243
2022,14,Belgian Grand Prix,39,VER,02:17:23.243,02:19:15.503
2022,14,Belgian Grand Prix,40,VER,02:19:15.503,02:21:07.392
2022,14,Belgian Grand Prix,41,VER,02:21:07.392,02:22:59.557
2022,14,Belgian Grand Prix,42,VER,02:22:59.557,02:24:51.714
2022,14,Belgian Grand Prix,43,VER,02:24:51.714,02:26:44.445
2022,14,Belgian Grand Prix,44,VER,02:26:44.445,02:28:37.594
2022,15,Dutch Grand Prix,1,VER,01:01:56.649,01:03:16.566
2022,15,Dutch Grand Prix,2,VER,01:03:16.566,01:04:32.815
2022,15,Dutch Grand Prix,3,VER,01:04:32.815,01:05:49.338
2022,15,Dutch Grand Prix,4,VER,01:05:49.338,01:07:05.994
2022,15,Dutch Grand Prix,5,VER,01:07:05.994,01:08:22.443
2022,15,Dutch Grand Prix,6,VER,01:08:22.443,01:09:38.793
2022,15,Dutch Grand Prix,7,VER,01:09:38.793,01:10:55.046
2022,15,Dutch Grand Prix,8,VER,01:10:55.046,01:12:11.532
2022,15,Dutch Grand Prix,9,VER,01:12:11.532,01:13:28.042
2022,15,Dutch Grand Prix,10,VER,01:13:28.042,01:14:44.678
2022,15,Dutch Grand Prix,11,VER,01:14:44.678,01:16:01.349
2022,15,Dutch Grand Prix,12,VER,01:16:01.349,01:17:18.047
2022,15,Dutch Grand Prix,13,VER,01:17:18.047,01:18:34.568
2022,15,Dutch Grand Prix,14,VER,01:18:34.568,01:19:51.029
2022,15,Dutch Grand Prix,15,VER,01:19:51.029,01:21:07.548
2022,15,Dutch Grand Prix,16,VER,01:21:07.548,01:22:24.085
2022,15,Dutch Grand Prix,17,VER,01:22:24.085,01:23:40.577
2022,15,Dutch Grand Prix,18,VER,01:23:40.577,01:25:00.005
2022,15,Dutch Grand Prix,19,HAM,01:25:09.173,01:26:25.962
2022,15,Dutch Grand Prix,20,HAM,01:26:25.962,01:27:42.636
2022,15,Dutch Grand Prix,21,HAM,01:27:42.636,01:28:59.461
2022,15,Dutch Grand Prix,22,HAM,01:28:59.461,01:30:16.139
2022,15,Dutch Grand Prix,23,HAM,01:30:16.139,01:31:32.764
2022,15,Dutch Grand Prix,24,HAM,01:31:32.764,01:32:49.466
2022,15,Dutch Grand Prix,25,HAM,01:32:49.466,01:34:06.205
2022,15,Dutch Grand Prix,26,HAM,01:34:06.205,01:35:22.917
2022,15,Dutch Grand Prix,27,HAM,01:35:22.917,01:36:39.936
2022,15,Dutch Grand Prix,28,HAM,01:36:39.936,01:37:56.822
2022,15,Dutch Grand Prix,29,VER,01:37:59.253,01:39:15.38
2022,15,Dutch Grand Prix,30,VER,01:39:15.38,01:40:31.739
2022,15,Dutch Grand Prix,31,VER,01:40:31.739,01:41:48.292
2022,15,Dutch Grand Prix,32,VER,01:41:48.292,01:43:04.619
2022,15,Dutch Grand Prix,33,VER,01:43:04.619,01:44:20.888
2022,15,Dutch Grand Prix,34,VER,01:44:20.888,01:45:37.167
2022,15,Dutch Grand Prix,35,VER,01:45:37.167,01:46:53.501
2022,15,Dutch Grand Prix,36,VER,01:46:53.501,01:48:09.597
2022,15,Dutch Grand Prix,37,VER,01:48:09.597,01:49:25.699
2022,15,Dutch Grand Prix,38,VER,01:49:25.699,01:50:41.818
2022,15,Dutch Grand Prix,39,VER,01:50:41.818,01:51:57.853
2022,15,Dutch Grand Prix,40,VER,01:51:57.853,01:53:13.693
2022,15,Dutch Grand Prix,41,VER,01:53:13.693,01:54:29.79
2022,15,Dutch Grand Prix,42,VER,01:54:29.79,01:55:45.73
2022,15,Dutch Grand Prix,43,VER,01:55:45.73,01:57:02.308
2022,15,Dutch Grand Prix,44,VER,01:57:02.308,01:58:17.964
2022,15,Dutch Grand Prix,45,VER,01:58:17.964,01:59:35.186
2022,15,Dutch Grand Prix,46,VER,01:59:35.186,02:00:50.785
2022,15,Dutch Grand Prix,47,VER,02:00:50.785,02:02:06.541
2022,15,Dutch Grand Prix,48,VER,02:02:06.541,02:03:45.825
2022,15,Dutch Grand Prix,49,VER,02:03:45.825,02:05:47.27
2022,15,Dutch Grand Prix,50,VER,02:05:47.27,02:07:10.496
2022,15,Dutch Grand Prix,51,VER,02:07:10.496,02:08:24.95
2022,15,Dutch Grand Prix,52,VER,02:08:24.95,02:09:39.599
2022,15,Dutch Grand Prix,53,VER,02:09:39.599,02:10:54.044
2022,15,Dutch Grand Prix,54,VER,02:10:54.044,02:12:08.584
2022,15,Dutch Grand Prix,55,VER,02:12:08.584,02:13:23.427
2022,15,Dutch Grand Prix,56,VER,02:13:23.427,02:14:49.528
2022,15,Dutch Grand Prix,57,HAM,02:15:00.698,02:17:20.134
2022,15,Dutch Grand Prix,58,HAM,02:17:20.134,02:19:39.782
2022,15,Dutch Grand Prix,59,HAM,02:19:39.782,02:21:47.718
2022,15,Dutch Grand Prix,60,HAM,02:21:47.718,02:23:51.183
2022,15,Dutch Grand Prix,61,VER,02:23:51.219,02:25:04.901
2022,15,Dutch Grand Prix,62,VER,02:25:04.901,02:26:18.553
2022,15,Dutch Grand Prix,63,VER,02:26:18.553,02:27:32.333
2022,15,Dutch Grand Prix,64,VER,02:27:32.333,02:28:46.224
2022,15,Dutch Grand Prix,65,VER,02:28:46.224,02:30:00.153
2022,15,Dutch Grand Prix,66,VER,02:30:00.153,02:31:14.113
2022,15,Dutch Grand Prix,67,VER,02:31:14.113,02:32:28.081
2022,15,Dutch Grand Prix,68,VER,02:32:28.081,02:33:42.029
2022,15,Dutch Grand Prix,69,VER,02:33:42.029,02:34:56.056
2022,15,Dutch Grand Prix,70,VER,02:34:56.056,02:36:10.286
2022,15,Dutch Grand Prix,71,VER,02:36:10.286,02:37:24.638
2022,15,Dutch Grand Prix,72,VER,02:37:24.638,02:38:39.699
2022,16,Italian Grand Prix,1,LEC,01:02:28.137,01:03:56.469
2022,16,Italian Grand Prix,2,LEC,01:03:56.469,01:05:23.004
2022,16,Italian Grand Prix,3,LEC,01:05:23.004,01:06:49.356
2022,16,Italian Grand Prix,4,LEC,01:06:49.356,01:08:15.158
2022,16,Italian Grand Prix,5,LEC,01:08:15.158,01:09:41.06
2022,16,Italian Grand Prix,6,LEC,01:09:41.06,01:11:06.619
2022,16,Italian Grand Prix,7,LEC,01:11:06.619,01:12:32.086
2022,16,Italian Grand Prix,8,LEC,01:12:32.086,01:13:57.87
2022,16,Italian Grand Prix,9,LEC,01:13:57.87,01:15:23.962
2022,16,Italian Grand Prix,10,LEC,01:15:23.962,01:16:50.228
2022,16,Italian Grand Prix,11,LEC,01:16:50.228,01:18:16.024
2022,16,Italian Grand Prix,12,VER,01:18:17.359,01:20:04.604
2022,16,Italian Grand Prix,13,VER,01:20:04.604,01:21:33.323
2022,16,Italian Grand Prix,14,VER,01:21:33.323,01:22:58.938
2022,16,Italian Grand Prix,15,VER,01:22:58.938,01:24:24.732
2022,16,Italian Grand Prix,16,VER,01:24:24.732,01:25:50.635
2022,16,Italian Grand Prix,17,VER,01:25:50.635,01:27:16.505
2022,16,Italian Grand Prix,18,VER,01:27:16.505,01:28:42.49
2022,16,Italian Grand Prix,19,VER,01:28:42.49,01:30:08.289
2022,16,Italian Grand Prix,20,VER,01:30:08.289,01:31:34.039
2022,16,Italian Grand Prix,21,VER,01:31:34.039,01:32:59.829
2022,16,Italian Grand Prix,22,VER,01:32:59.829,01:34:25.73
2022,16,Italian Grand Prix,23,VER,01:34:25.73,01:35:51.449
2022,16,Italian Grand Prix,24,VER,01:35:51.449,01:37:17.249
2022,16,Italian Grand Prix,25,VER,01:37:17.249,01:38:46.961
2022,16,Italian Grand Prix,26,LEC,01:38:56.334,01:40:21.841
2022,16,Italian Grand Prix,27,LEC,01:40:21.841,01:41:47.881
2022,16,Italian Grand Prix,28,LEC,01:41:47.881,01:43:13.564
2022,16,Italian Grand Prix,29,LEC,01:43:13.564,01:44:39.076
2022,16,Italian Grand Prix,30,LEC,01:44:39.076,01:46:04.678
2022,16,Italian Grand Prix,31,LEC,01:46:04.678,01:47:30.447
2022,16,Italian Grand Prix,32,LEC,01:47:30.447,01:48:56.409
2022,16,Italian Grand Prix,33,LEC,01:48:56.409,01:50:26.439
2022,16,Italian Grand Prix,34,VER,01:50:26.912,01:51:51.769
2022,16,Italian Grand Prix,35,VER,01:51:51.769,01:53:16.6
2022,16,Italian Grand Prix,36,VER,01:53:16.6,01:54:41.519
2022,16,Italian Grand Prix,37,VER,01:54:41.519,01:56:06.348
2022,16,Italian Grand Prix,38,VER,01:56:06.348,01:57:31.093
2022,16,Italian Grand Prix,39,VER,01:57:31.093,01:58:55.908
2022,16,Italian Grand Prix,40,VER,01:58:55.908,02:00:20.813
2022,16,Italian Grand Prix,41,VER,02:00:20.813,02:01:45.891
2022,16,Italian Grand Prix,42,VER,02:01:45.891,02:03:10.817
2022,16,Italian Grand Prix,43,VER,02:03:10.817,02:04:35.827
2022,16,Italian Grand Prix,44,VER,02:04:35.827,02:06:00.949
2022,16,Italian Grand Prix,45,VER,02:06:00.949,02:07:25.773
2022,16,Italian Grand Prix,46,VER,02:07:25.773,02:08:51.03
2022,16,Italian Grand Prix,47,VER,02:08:51.03,02:10:15.78
2022,16,Italian Grand Prix,48,VER,02:10:15.78,02:12:08.223
2022,16,Italian Grand Prix,49,VER,02:12:08.223,02:14:22.912
2022,16,Italian Grand Prix,50,VER,02:14:22.912,02:16:03.276
2022,16,Italian Grand Prix,51,VER,02:16:03.276,02:18:19.535
2022,16,Italian Grand Prix,52,VER,02:18:19.535,02:20:43.528
2022,16,Italian Grand Prix,53,VER,02:20:43.528,02:22:55.895
2022,17,Singapore Grand Prix,1,PER,02:07:56.483,02:10:02.106
2022,17,Singapore Grand Prix,2,PER,02:10:02.106,02:12:03.464
2022,17,Singapore Grand Prix,3,PER,02:12:03.464,02:14:04.339
2022,17,Singapore Grand Prix,4,PER,02:14:04.339,02:16:04.649
2022,17,Singapore Grand Prix,5,PER,02:16:04.649,02:18:04.916
2022,17,Singapore Grand Prix,6,PER,02:18:04.916,02:20:05.01
2022,17,Singapore Grand Prix,7,PER,02:20:05.01,02:22:05.724
2022,17,Singapore Grand Prix,8,PER,02:22:05.724,02:24:21.454
2022,17,Singapore Grand Prix,9,PER,02:24:21.454,02:27:23.811
2022,17,Singapore Grand Prix,10,PER,02:27:23.811,02:30:12.925
2022,17,Singapore Grand Prix,11,PER,02:30:12.925,02:32:12.505
2022,17,Singapore Grand Prix,12,PER,02:32:12.505,02:34:11.978
2022,17,Singapore Grand Prix,13,PER,02:34:11.978,02:36:11.412
2022,17,Singapore Grand Prix,14,PER,02:36:11.412,02:38:10.841
2022,17,Singapore Grand Prix,15,PER,02:38:10.841,02:40:09.859
2022,17,Singapore Grand Prix,16,PER,02:40:09.859,02:42:09.217
2022,17,Singapore Grand Prix,17,PER,02:42:09.217,02:44:08.455
2022,17,Singapore Grand Prix,18,PER,02:44:08.455,02:46:07.36
2022,17,Singapore Grand Prix,19,PER,02:46:07.36,02:48:06.077
2022,17,Singapore Grand Prix,20,PER,02:48:06.077,02:50:04.596
2022,17,Singapore Grand Prix,21,PER,02:50:04.596,02:52:03.376
2022,17,Singapore Grand Prix,22,PER,02:52:03.376,02:54:43.152
2022,17,Singapore Grand Prix,23,PER,02:54:43.152,02:56:47.138
2022,17,Singapore Grand Prix,24,PER,02:56:47.138,02:58:45.47
2022,17,Singapore Grand Prix,25,PER,02:58:45.47,03:00:43.631
2022,17,Singapore Grand Prix,26,PER,03:00:43.631,03:02:58.432
2022,17,Singapore Grand Prix,27,PER,03:02:58.432,03:05:04.435
2022,17,Singapore Grand Prix,28,PER,03:05:04.435,03:07:07.309
2022,17,Singapore Grand Prix,29,PER,03:07:07.309,03:09:47.064
2022,17,Singapore Grand Prix,30,PER,03:09:47.064,03:12:04.922
2022,17,Singapore Grand Prix,31,PER,03:12:04.922,03:14:02.373
2022,17,Singapore Grand Prix,32,PER,03:14:02.373,03:15:59.976
2022,17,Singapore Grand Prix,33,PER,03:15:59.976,03:17:56.921
2022,17,Singapore Grand Prix,34,PER,03:17:56.921,03:19:53.188
2022,17,Singapore Grand Prix,35,PER,03:19:53.188,03:21:59.54
2022,17,Singapore Grand Prix,36,PER,03:21:59.54,03:24:42.88
2022,17,Singapore Grand Prix,37,PER,03:24:42.88,03:27:49.343
2022,17,Singapore Grand Prix,38,PER,03:27:49.343,03:30:51.893
2022,17,Singapore Grand Prix,39,PER,03:30:51.893,03:33:27.353
2022,17,Singapore Grand Prix,40,PER,03:33:27.353,03:35:23.693
2022,17,Singapore Grand Prix,41,PER,03:35:23.693,03:37:17.386
2022,17,Singapore Grand Prix,42,PER,03:37:17.386,03:39:10.087
2022,17,Singapore Grand Prix,43,PER,03:39:10.087,03:41:01.99
2022,17,Singapore Grand Prix,44,PER,03:41:01.99,03:42:53.345
2022,17,Singapore Grand Prix,45,PER,03:42:53.345,03:44:43.883
2022,17,Singapore Grand Prix,46,PER,03:44:43.883,03:46:34.246
2022,17,Singapore Grand Prix,47,PER,03:46:34.246,03:48:24.747
2022,17,Singapore Grand Prix,48,PER,03:48:24.747,03:50:14.247
2022,17,Singapore Grand Prix,49,PER,03:50:14.247,03:52:03.436
2022,17,Singapore Grand Prix,50,PER,03:52:03.436,03:53:52.721
2022,17,Singapore Grand Prix,51,PER,03:53:52.721,03:55:42.286
2022,17,Singapore Grand Prix,52,PER,03:55:42.286,03:57:31.127
2022,17,Singapore Grand Prix,53,PER,03:57:31.127,03:59:19.705
2022,17,Singapore Grand Prix,54,PER,03:59:19.705,04:01:08.281
2022,17,Singapore Grand Prix,55,PER,04:01:08.281,04:02:56.926
2022,17,Singapore Grand Prix,56,PER,04:02:56.926,04:04:45.177
2022,17,Singapore Grand Prix,57,PER,04:04:45.177,04:06:33.342
2022,17,Singapore Grand Prix,58,PER,04:06:33.342,04:08:22.351
2022,17,Singapore Grand Prix,59,PER,04:08:22.351,04:10:12.003
2022,18,Japanese Grand Prix,1,VER,01:02:35.625,01:04:37.899
2022,18,Japanese Grand Prix,2,VER,01:04:37.899,01:07:41.258
2022,18,Japanese Grand Prix,3,VER,03:14:00.147,03:16:55.042
2022,18,Japanese Grand Prix,4,VER,03:16:55.042,03:19:40.753
2022,18,Japanese Grand Prix,5,VER,03:19:40.753,03:22:44.098
2022,18,Japanese Grand Prix,6,VER,03:22:44.098,03:24:34.859
2022,18,Japanese Grand Prix,7,VER,03:24:34.859,03:26:27.724
2022,18,Japanese Grand Prix,8,ALO,03:26:37.088,03:28:29.827
2022,18,Japanese Grand Prix,9,VER,03:28:38.349,03:30:23.497
2022,18,Japanese Grand Prix,10,VER,03:30:23.497,03:32:08.408
2022,18,Japanese Grand Prix,11,VER,03:32:08.408,03:33:53.419
2022,18,Japanese Grand Prix,12,VER,03:33:53.419,03:35:38.822
2022,18,Japanese Grand Prix,13,VER,03:35:38.822,03:37:24.624
2022,18,Japanese Grand Prix,14,VER,03:37:24.624,03:39:11.437
2022,18,Japanese Grand Prix,15,VER,03:39:11.437,03:40:58.785
2022,18,Japanese Grand Prix,16,VER,03:40:58.785,03:42:46.301
2022,18,Japanese Grand Prix,17,VER,03:42:46.301,03:44:33.717
2022,18,Japanese Grand Prix,18,VER,03:44:33.717,03:46:21.315
2022,18,Japanese Grand Prix,19,VER,03:46:21.315,03:48:08.969
2022,18,Japanese Grand Prix,20,VER,03:48:08.969,03:49:56.711
2022,18,Japanese Grand Prix,21,VER,03:49:56.711,03:51:44.274
2022,18,Japanese Grand Prix,22,VER,03:51:44.274,03:53:31.624
2022,18,Japanese Grand Prix,23,VER,03:53:31.624,03:55:19.275
2022,18,Japanese Grand Prix,24,VER,03:55:19.275,03:57:06.857
2022,18,Japanese Grand Prix,25,VER,03:57:06.857,03:58:54.651
2022,18,Japanese Grand Prix,26,VER,03:58:54.651,04:00:42.642
2022,18,Japanese Grand Prix,27,VER,04:00:42.642,04:02:30.891
2022,18,Japanese Grand Prix,28,VER,04:02:30.891,04:04:19.835
2022,18,Japanese Grand Prix,29,VER,04:04:19.835,04:06:49.835
2022,19,United States Grand Prix,1,VER,01:02:40.17,01:04:21.76
2022,19,United States Grand Prix,2,VER,01:04:21.76,01:06:03.456
2022,19,United States Grand Prix,3,VER,01:06:03.456,01:07:45.349
2022,19,United States Grand Prix,4,VER,01:07:45.349,01:09:27.93
2022,19,United States Grand Prix,5,VER,01:09:27.93,01:11:10.8
2022,19,United States Grand Prix,6,VER,01:11:10.8,01:12:53.626
2022,19,United States Grand Prix,7,VER,01:12:53.626,01:14:35.94
2022,19,United States Grand Prix,8,VER,01:14:35.94,01:16:18.77
2022,19,United States Grand Prix,9,VER,01:16:18.77,01:18:01.182
2022,19,United States Grand Prix,10,VER,01:18:01.182,01:19:43.674
2022,19,United States Grand Prix,11,VER,01:19:43.674,01:21:26.257
2022,19,United States Grand Prix,12,VER,01:21:26.257,01:23:09.268
2022,19,United States Grand Prix,13,VER,01:23:09.268,01:24:51.943
2022,19,United States Grand Prix,14,PER,01:25:05.815,01:26:48.625
2022,19,United States Grand Prix,15,VER,01:26:54.055,01:28:36.479
2022,19,United States Grand Prix,16,VER,01:28:36.479,01:30:18.384
2022,19,United States Grand Prix,17,VER,01:30:18.384,01:32:00.867
2022,19,United States Grand Prix,18,LEC,01:32:04.43,01:34:00.019
2022,19,United States Grand Prix,19,VER,01:34:00.587,01:36:44.685
2022,19,United States Grand Prix,20,VER,01:36:44.685,01:39:20.804
2022,19,United States Grand Prix,21,VER,01:39:20.804,01:42:02.706
2022,19,United States Grand Prix,22,VER,01:42:02.706,01:44:04.876
2022,19,United States Grand Prix,23,VER,01:44:04.876,01:46:56.611
2022,19,United States Grand Prix,24,VER,01:46:56.611,01:49:49.525
2022,19,United States Grand Prix,25,VER,01:49:49.525,01:52:26.589
2022,19,United States Grand Prix,26,VER,01:52:26.589,01:54:07.967
2022,19,United States Grand Prix,27,VER,01:54:07.967,01:55:49.472
2022,19,United States Grand Prix,28,VER,01:55:49.472,01:57:31.01
2022,19,United States Grand Prix,29,VER,01:57:31.01,01:59:12.055
2022,19,United States Grand Prix,30,VER,01:59:12.055,02:00:53.239
2022,19,United States Grand Prix,31,VER,02:00:53.239,02:02:34.65
2022,19,United States Grand Prix,32,VER,02:02:34.65,02:04:15.988
2022,19,United States Grand Prix,33,VER,02:04:15.988,02:05:57.709
2022,19,United States Grand Prix,34,VER,02:05:57.709,02:07:38.951
2022,19,United States Grand Prix,35,VER,02:07:38.951,02:09:20.24
2022,19,United States Grand Prix,36,PER,02:09:29.073,02:11:11.319
2022,19,United States Grand Prix,37,PER,02:11:11.319,02:12:52.976
2022,19,United States Grand Prix,38,PER,02:12:52.976,02:14:34.446
2022,19,United States Grand Prix,39,VET,02:14:40.166,02:16:21.704
2022,19,United States Grand Prix,40,VET,02:16:21.704,02:18:04.12
2022,19,United States Grand Prix,41,HAM,02:18:04.563,02:19:44.795
2022,19,United States Grand Prix,42,HAM,02:19:44.795,02:21:24.918
2022,19,United States Grand Prix,43,HAM,02:21:24.918,02:23:05.227
2022,19,United States Grand Prix,44,HAM,02:23:05.227,02:24:46.072
2022,19,United States Grand Prix,45,HAM,02:24:46.072,02:26:25.902
2022,19,United States Grand Prix,46,HAM,02:26:25.902,02:28:06.288
2022,19,United States Grand Prix,47,HAM,02:28:06.288,02:29:46.883
2022,19,United States Grand Prix,48,HAM,02:29:46.883,02:31:27.255
2022,19,United States Grand Prix,49,HAM,02:31:27.255,02:33:08.072
2022,19,United States Grand Prix,50,VER,02:33:08.912,02:34:49.742
2022,19,United States Grand Prix,51,VER,02:34:49.742,02:36:29.894
2022,19,United States Grand Prix,52,VER,02:36:29.894,02:38:10.325
2022,19,United States Grand Prix,53,VER,02:38:10.325,02:39:50.622
2022,19,United States Grand Prix,54,VER,02:39:50.622,02:41:30.79
2022,19,United States Grand Prix,55,VER,02:41:30.79,02:43:11.464
2022,19,United States Grand Prix,56,VER,02:43:11.464,02:44:52.118
2022,20,Mexico City Grand Prix,1,VER,01:02:06.736,01:03:32.254
2022,20,Mexico City Grand Prix,2,VER,01:03:32.254,01:04:55.501
2022,20,Mexico City Grand Prix,3,VER,01:04:55.501,01:06:18.58
2022,20,Mexico City Grand Prix,4,VER,01:06:18.58,01:07:42.146
2022,20,Mexico City Grand Prix,5,VER,01:07:42.146,01:09:05.372
2022,20,Mexico City Grand Prix,6,VER,01:09:05.372,01:10:28.666
2022,20,Mexico City Grand Prix,7,VER,01:10:28.666,01:11:51.781
2022,20,Mexico City Grand Prix,8,VER,01:11:51.781,01:13:15.073
2022,20,Mexico City Grand Prix,9,VER,01:13:15.073,01:14:38.319
2022,20,Mexico City Grand Prix,10,VER,01:14:38.319,01:16:01.576
2022,20,Mexico City Grand Prix,11,VER,01:16:01.576,01:17:24.74
2022,20,Mexico City Grand Prix,12,VER,01:17:24.74,01:18:47.816
2022,20,Mexico City Grand Prix,13,VER,01:18:47.816,01:20:10.925
2022,20,Mexico City Grand Prix,14,VER,01:20:10.925,01:21:33.981
2022,20,Mexico City Grand Prix,15,VER,01:21:33.981,01:22:56.952
2022,20,Mexico City Grand Prix,16,VER,01:22:56.952,01:24:20.028
2022,20,Mexico City Grand Prix,17,VER,01:24:20.028,01:25:43.189
2022,20,Mexico City Grand Prix,18,VER,01:25:43.189,01:27:06.477
2022,20,Mexico City Grand Prix,19,VER,01:27:06.477,01:28:29.909
2022,20,Mexico City Grand Prix,20,VER,01:28:29.909,01:29:53.583
2022,20,Mexico City Grand Prix,21,VER,01:29:53.583,01:31:16.878
2022,20,Mexico City Grand Prix,22,VER,01:31:16.878,01:32:40.475
2022,20,Mexico City Grand Prix,23,VER,01:32:40.475,01:34:04.13
2022,20,Mexico City Grand Prix,24,VER,01:34:04.13,01:35:27.991
2022,20,Mexico City Grand Prix,25,HAM,01:35:29.69,01:36:53.316
2022,20,Mexico City Grand Prix,26,HAM,01:36:53.316,01:38:16.623
2022,20,Mexico City Grand Prix,27,HAM,01:38:16.623,01:39:39.969
2022,20,Mexico City Grand Prix,28,HAM,01:39:39.969,01:41:03.23
2022,20,Mexico City Grand Prix,29,HAM,01:41:03.23,01:42:29.477
2022,20,Mexico City Grand Prix,30,RUS,01:42:31.416,01:43:54.35
2022,20,Mexico City Grand Prix,31,RUS,01:43:54.35,01:45:17.406
2022,20,Mexico City Grand Prix,32,RUS,01:45:17.406,01:46:40.681
2022,20,Mexico City Grand Prix,33,RUS,01:46:40.681,01:48:03.95
2022,20,Mexico City Grand Prix,34,RUS,01:48:03.95,01:49:30.713
2022,20,Mexico City Grand Prix,35,VER,01:49:35.005,01:50:57.059
2022,20,Mexico City Grand Prix,36,VER,01:50:57.059,01:52:19.105
2022,20,Mexico City Grand Prix,37,VER,01:52:19.105,01:53:41.434
2022,20,Mexico City Grand Prix,38,VER,01:53:41.434,01:55:04.119
2022,20,Mexico City Grand Prix,39,VER,01:55:04.119,01:56:26.501
2022,20,Mexico City Grand Prix,40,VER,01:56:26.501,01:57:48.967
2022,20,Mexico City Grand Prix,41,VER,01:57:48.967,01:59:11.403
2022,20,Mexico City Grand Prix,42,VER,01:59:11.403,02:00:33.868
2022,20,Mexico City Grand Prix,43,VER,02:00:33.868,02:01:56.273
2022,20,Mexico City Grand Prix,44,VER,02:01:56.273,02:03:18.558
2022,20,Mexico City Grand Prix,45,VER,02:03:18.558,02:04:40.984
2022,20,Mexico City Grand Prix,46,VER,02:04:40.984,02:06:03.552
2022,20,Mexico City Grand Prix,47,VER,02:06:03.552,02:07:26.02
2022,20,Mexico City Grand Prix,48,VER,02:07:26.02,02:08:48.753
2022,20,Mexico City Grand Prix,49,VER,02:08:48.753,02:10:11.297
2022,20,Mexico City Grand Prix,50,VER,02:10:11.297,02:11:33.873
2022,20,Mexico City Grand Prix,51,VER,02:11:33.873,02:12:56.181
2022,20,Mexico City Grand Prix,52,VER,02:12:56.181,02:14:18.678
2022,20,Mexico City Grand Prix,53,VER,02:14:18.678,02:15:41.18
2022,20,Mexico City Grand Prix,54,VER,02:15:41.18,02:17:03.695
2022,20,Mexico City Grand Prix,55,VER,02:17:03.695,02:18:26.481
2022,20,Mexico City Grand Prix,56,VER,02:18:26.481,02:19:48.586
2022,20,Mexico City Grand Prix,57,VER,02:19:48.586,02:21:11.011
2022,20,Mexico City Grand Prix,58,VER,02:21:11.011,02:22:33.324
2022,20,Mexico City Grand Prix,59,VER,02:22:33.324,02:23:55.752
2022,20,Mexico City Grand Prix,60,VER,02:23:55.752,02:25:18.45
2022,20,Mexico City Grand Prix,61,VER,02:25:18.45,02:26:40.85
2022,20,Mexico City Grand Prix,62,VER,02:26:40.85,02:28:03.36
2022,20,Mexico City Grand Prix,63,VER,02:28:03.36,02:29:26.08
2022,20,Mexico City Grand Prix,64,VER,02:29:26.08,02:30:48.556
2022,20,Mexico City Grand Prix,65,VER,02:30:48.556,02:32:17.579
2022,20,Mexico City Grand Prix,66,VER,02:32:17.579,02:33:50.487
2022,20,Mexico City Grand Prix,67,VER,02:33:50.487,02:35:12.789
2022,20,Mexico City Grand Prix,68,VER,02:35:12.789,02:36:35.338
2022,20,Mexico City Grand Prix,69,VER,02:36:35.338,02:37:58.132
2022,20,Mexico City Grand Prix,70,VER,02:37:58.132,02:39:20.813
2022,20,Mexico City Grand Prix,71,VER,02:39:20.813,02:40:43.73
2022,21,São Paulo Grand Prix,1,MAG,01:01:46.277,01:03:15.086
2022,21,São Paulo Grand Prix,2,RUS,01:03:15.086,01:05:11.432
2022,21,São Paulo Grand Prix,3,RUS,01:05:11.432,01:07:11.398
2022,21,São Paulo Grand Prix,4,RUS,01:07:11.398,01:09:10.632
2022,21,São Paulo Grand Prix,5,RUS,01:09:10.632,01:11:05.061
2022,21,São Paulo Grand Prix,6,RUS,01:11:05.061,01:13:10.717
2022,21,São Paulo Grand Prix,7,RUS,01:13:10.717,01:14:26.839
2022,21,São Paulo Grand Prix,8,RUS,01:14:26.839,01:15:42.935
2022,21,São Paulo Grand Prix,9,RUS,01:15:42.935,01:16:58.957
2022,21,São Paulo Grand Prix,10,RUS,01:16:58.957,01:18:15.124
2022,21,São Paulo Grand Prix,11,RUS,01:18:15.124,01:19:31.308
2022,21,São Paulo Grand Prix,12,RUS,01:19:31.308,01:20:47.773
2022,21,São Paulo Grand Prix,13,RUS,01:20:47.773,01:22:04.261
2022,21,São Paulo Grand Prix,14,RUS,01:22:04.261,01:23:20.673
2022,21,São Paulo Grand Prix,15,RUS,01:23:20.673,01:24:36.901
2022,21,São Paulo Grand Prix,16,RUS,01:24:36.901,01:25:53.176
2022,21,São Paulo Grand Prix,17,RUS,01:25:53.176,01:27:09.735
2022,21,São Paulo Grand Prix,18,RUS,01:27:09.735,01:28:26.075
2022,21,São Paulo Grand Prix,19,RUS,01:28:26.075,01:29:42.445
2022,21,São Paulo Grand Prix,20,RUS,01:29:42.445,01:30:58.89
2022,21,São Paulo Grand Prix,21,RUS,01:30:58.89,01:32:15.594
2022,21,São Paulo Grand Prix,22,RUS,01:32:15.594,01:33:32.265
2022,21,São Paulo Grand Prix,23,RUS,01:33:32.265,01:34:49.061
2022,21,São Paulo Grand Prix,24,RUS,01:34:49.061,01:36:09.163
2022,21,São Paulo Grand Prix,25,HAM,01:36:15.382,01:37:32.318
2022,21,São Paulo Grand Prix,26,HAM,01:37:32.318,01:38:49.152
2022,21,São Paulo Grand Prix,27,HAM,01:38:49.152,01:40:06.111
2022,21,São Paulo Grand Prix,28,HAM,01:40:06.111,01:41:23.154
2022,21,São Paulo Grand Prix,29,HAM,01:41:23.154,01:42:44.02
2022,21,São Paulo Grand Prix,30,RUS,01:42:46.836,01:44:02.83
2022,21,São Paulo Grand Prix,31,RUS,01:44:02.83,01:45:18.813
2022,21,São Paulo Grand Prix,32,RUS,01:45:18.813,01:46:34.833
2022,21,São Paulo Grand Prix,33,RUS,01:46:34.833,01:47:51.029
2022,21,São Paulo Grand Prix,34,RUS,01:47:51.029,01:49:07.137
2022,21,São Paulo Grand Prix,35,RUS,01:49:07.137,01:50:23.374
2022,21,São Paulo Grand Prix,36,RUS,01:50:23.374,01:51:39.427
2022,21,São Paulo Grand Prix,37,RUS,01:51:39.427,01:52:55.426
2022,21,São Paulo Grand Prix,38,RUS,01:52:55.426,01:54:10.976
2022,21,São Paulo Grand Prix,39,RUS,01:54:10.976,01:55:26.786
2022,21,São Paulo Grand Prix,40,RUS,01:55:26.786,01:56:42.834
2022,21,São Paulo Grand Prix,41,RUS,01:56:42.834,01:57:59.164
2022,21,São Paulo Grand Prix,42,RUS,01:57:59.164,01:59:15.304
2022,21,São Paulo Grand Prix,43,RUS,01:59:15.304,02:00:31.339
2022,21,São Paulo Grand Prix,44,RUS,02:00:31.339,02:01:47.207
2022,21,São Paulo Grand Prix,45,RUS,02:01:47.207,02:03:03.242
2022,21,São Paulo Grand Prix,46,RUS,02:03:03.242,02:04:19.286
2022,21,São Paulo Grand Prix,47,RUS,02:04:19.286,02:05:35.517
2022,21,São Paulo Grand Prix,48,RUS,02:05:35.517,02:06:51.229
2022,21,São Paulo Grand Prix,49,RUS,02:06:51.229,02:08:11.165
2022,21,São Paulo Grand Prix,50,RUS,02:08:11.165,02:09:43.452
2022,21,São Paulo Grand Prix,51,RUS,02:09:43.452,02:10:57.448
2022,21,São Paulo Grand Prix,52,RUS,02:10:57.448,02:12:12.647
2022,21,São Paulo Grand Prix,53,RUS,02:12:12.647,02:13:45.164
2022,21,São Paulo Grand Prix,54,RUS,02:13:45.164,02:15:26.651
2022,21,São Paulo Grand Prix,55,RUS,02:15:26.651,02:17:31.703
2022,21,São Paulo Grand Prix,56,RUS,02:17:31.703,02:19:32.269
2022,21,São Paulo Grand Prix,57,RUS,02:19:32.269,02:21:28.177
2022,21,São Paulo Grand Prix,58,RUS,02:21:28.177,02:23:28.389
2022,21,São Paulo Grand Prix,59,RUS,02:23:28.389,02:25:30.052
2022,21,São Paulo Grand Prix,60,RUS,02:25:30.052,02:26:44.385
2022,21,São Paulo Grand Prix,61,RUS,02:26:44.385,02:27:58.17
2022,21,São Paulo Grand Prix,62,RUS,02:27:58.17,02:29:12.051
2022,21,São Paulo Grand Prix,63,RUS,02:29:12.051,02:30:25.967
2022,21,São Paulo Grand Prix,64,RUS,02:30:25.967,02:31:39.806
2022,21,São Paulo Grand Prix,65,RUS,02:31:39.806,02:32:53.863
2022,21,São Paulo Grand Prix,66,RUS,02:32:53.863,02:34:08.008
2022,21,São Paulo Grand Prix,67,RUS,02:34:08.008,02:35:22.322
2022,21,São Paulo Grand Prix,68,RUS,02:35:22.322,02:36:36.702
2022,21,São Paulo Grand Prix,69,RUS,02:36:36.702,02:37:51.162
2022,21,São Paulo Grand Prix,70,RUS,02:37:51.162,02:39:05.677
2022,21,São Paulo Grand Prix,71,RUS,02:39:05.677,02:40:20.555
2022,22,Abu Dhabi Grand Prix,1,VER,01:02:10.161,01:03:42.593
2022,22,Abu Dhabi Grand Prix,2,VER,01:03:42.593,01:05:13.134
2022,22,Abu Dhabi Grand Prix,3,VER,01:05:13.134,01:06:43.102
2022,22,Abu Dhabi Grand Prix,4,VER,01:06:43.102,01:08:13.47
2022,22,Abu Dhabi Grand Prix,5,VER,01:08:13.47,01:09:43.972
2022,22,Abu Dhabi Grand Prix,6,VER,01:09:43.972,01:11:14.539
2022,22,Abu Dhabi Grand Prix,7,VER,01:11:14.539,01:12:45.2
2022,22,Abu Dhabi Grand Prix,8,VER,01:12:45.2,01:14:15.891
2022,22,Abu Dhabi Grand Prix,9,VER,01:14:15.891,01:15:46.492
2022,22,Abu Dhabi Grand Prix,10,VER,01:15:46.492,01:17:17.113
2022,22,Abu Dhabi Grand Prix,11,VER,01:17:17.113,01:18:47.911
2022,22,Abu Dhabi Grand Prix,12,VER,01:18:47.911,01:20:18.832
2022,22,Abu Dhabi Grand Prix,13,VER,01:20:18.832,01:21:49.579
2022,22,Abu Dhabi Grand Prix,14,VER,01:21:49.579,01:23:20.545
2022,22,Abu Dhabi Grand Prix,15,VER,01:23:20.545,01:24:51.568
2022,22,Abu Dhabi Grand Prix,16,VER,01:24:51.568,01:26:22.813
2022,22,Abu Dhabi Grand Prix,17,VER,01:26:22.813,01:27:54.405
2022,22,Abu Dhabi Grand Prix,18,VER,01:27:54.405,01:29:26.003
2022,22,Abu Dhabi Grand Prix,19,VER,01:29:26.003,01:30:57.885
2022,22,Abu Dhabi Grand Prix,20,VER,01:30:57.885,01:32:31.918
2022,22,Abu Dhabi Grand Prix,21,LEC,01:32:37.126,01:34:10.664
2022,22,Abu Dhabi Grand Prix,22,VER,01:34:23.115,01:35:53.775
2022,22,Abu Dhabi Grand Prix,23,VER,01:35:53.775,01:37:24.446
2022,22,Abu Dhabi Grand Prix,24,VER,01:37:24.446,01:38:55.401
2022,22,Abu Dhabi Grand Prix,25,VER,01:38:55.401,01:40:26.204
2022,22,Abu Dhabi Grand Prix,26,VER,01:40:26.204,01:41:57.096
2022,22,Abu Dhabi Grand Prix,27,VER,01:41:57.096,01:43:27.706
2022,22,Abu Dhabi Grand Prix,28,VER,01:43:27.706,01:44:58.149
2022,22,Abu Dhabi Grand Prix,29,VER,01:44:58.149,01:46:28.42
2022,22,Abu Dhabi Grand Prix,30,VER,01:46:28.42,01:47:58.356
2022,22,Abu Dhabi Grand Prix,31,VER,01:47:58.356,01:49:28.419
2022,22,Abu Dhabi Grand Prix,32,VER,01:49:28.419,01:50:58.343
2022,22,Abu Dhabi Grand Prix,33,VER,01:50:58.343,01:52:28.151
2022,22,Abu Dhabi Grand Prix,34,VER,01:52:28.151,01:53:58.042
2022,22,Abu Dhabi Grand Prix,35,VER,01:53:58.042,01:55:28.151
2022,22,Abu Dhabi Grand Prix,36,VER,01:55:28.151,01:56:58.037
2022,22,Abu Dhabi Grand Prix,37,VER,01:56:58.037,01:58:28.153
2022,22,Abu Dhabi Grand Prix,38,VER,01:58:28.153,01:59:58.313
2022,22,Abu Dhabi Grand Prix,39,VER,01:59:58.313,02:01:28.34
2022,22,Abu Dhabi Grand Prix,40,VER,02:01:28.34,02:02:58.359
2022,22,Abu Dhabi Grand Prix,41,VER,02:02:58.359,02:04:28.407
2022,22,Abu Dhabi Grand Prix,42,VER,02:04:28.407,02:05:58.292
2022,22,Abu Dhabi Grand Prix,43,VER,02:05:58.292,02:07:28.189
2022,22,Abu Dhabi Grand Prix,44,VER,02:07:28.189,02:08:58.072
2022,22,Abu Dhabi Grand Prix,45,VER,02:08:58.072,02:10:28.001
2022,22,Abu Dhabi Grand Prix,46,VER,02:10:28.001,02:11:57.726
2022,22,Abu Dhabi Grand Prix,47,VER,02:11:57.726,02:13:27.745
2022,22,Abu Dhabi Grand Prix,48,VER,02:13:27.745,02:14:57.716
2022,22,Abu Dhabi Grand Prix,49,VER,02:14:57.716,02:16:27.675
2022,22,Abu Dhabi Grand Prix,50,VER,02:16:27.675,02:17:57.478
2022,22,Abu Dhabi Grand Prix,51,VER,02:17:57.478,02:19:27.144
2022,22,Abu Dhabi Grand Prix,52,VER,02:19:27.144,02:20:57.605
2022,22,Abu Dhabi Grand Prix,53,VER,02:20:57.605,02:22:27.67
2022,22,Abu Dhabi Grand Prix,54,VER,02:22:27.67,02:23:57.062
2022,22,Abu Dhabi Grand Prix,55,VER,02:23:57.062,02:25:26.777
2022,22,Abu Dhabi Grand Prix,56,VER,02:25:26.777,02:26:56.621
2022,22,Abu Dhabi Grand Prix,57,VER,02:26:56.621,02:28:26.512
2022,22,Abu Dhabi Grand Prix,58,VER,02:28:26.512,02:29:56.309
2023,1,Bahrain Grand Prix,1,VER,01:02:36.652,01:04:15.902
2023,1,Bahrain Grand Prix,2,VER,01:04:15.902,01:05:53.876
2023,1,Bahrain Grand Prix,3,VER,01:05:53.876,01:07:31.882
2023,1,Bahrain Grand Prix,4,VER,01:07:31.882,01:09:09.858
2023,1,Bahrain Grand Prix,5,VER,01:09:09.858,01:10:47.893
2023,1,Bahrain Grand Prix,6,VER,01:10:47.893,01:12:25.879
2023,1,Bahrain Grand Prix,7,VER,01:12:25.879,01:14:03.9
2023,1,Bahrain Grand Prix,8,VER,01:14:03.9,01:15:42.054
2023,1,Bahrain Grand Prix,9,VER,01:15:42.054,01:17:20.332
2023,1,Bahrain Grand Prix,10,VER,01:17:20.332,01:18:58.701
2023,1,Bahrain Grand Prix,11,VER,01:18:58.701,01:20:37.184
2023,1,Bahrain Grand Prix,12,VER,01:20:37.184,01:22:15.775
2023,1,Bahrain Grand Prix,13,VER,01:22:15.775,01:23:54.257
2023,1,Bahrain Grand Prix,14,VER,01:23:54.257,01:25:35.552
2023,1,Bahrain Grand Prix,15,PER,01:25:44.014,01:27:22.622
2023,1,Bahrain Grand Prix,16,PER,01:27:22.622,01:29:01.392
2023,1,Bahrain Grand Prix,17,PER,01:29:01.392,01:30:42.752
2023,1,Bahrain Grand Prix,18,VER,01:30:49.379,01:32:26.993
2023,1,Bahrain Grand Prix,19,VER,01:32:26.993,01:34:04.705
2023,1,Bahrain Grand Prix,20,VER,01:34:04.705,01:35:42.493
2023,1,Bahrain Grand Prix,21,VER,01:35:42.493,01:37:20.075
2023,1,Bahrain Grand Prix,22,VER,01:37:20.075,01:38:57.726
2023,1,Bahrain Grand Prix,23,VER,01:38:57.726,01:40:35.278
2023,1,Bahrain Grand Prix,24,VER,01:40:35.278,01:42:12.665
2023,1,Bahrain Grand Prix,25,VER,01:42:12.665,01:43:50.037
2023,1,Bahrain Grand Prix,26,VER,01:43:50.037,01:45:27.719
2023,1,Bahrain Grand Prix,27,VER,01:45:27.719,01:47:05.098
2023,1,Bahrain Grand Prix,28,VER,01:47:05.098,01:48:42.749
2023,1,Bahrain Grand Prix,29,VER,01:48:42.749,01:50:20.32
2023,1,Bahrain Grand Prix,30,VER,01:50:20.32,01:51:57.869
2023,1,Bahrain Grand Prix,31,VER,01:51:57.869,01:53:35.3
2023,1,Bahrain Grand Prix,32,VER,01:53:35.3,01:55:12.991
2023,1,Bahrain Grand Prix,33,VER,01:55:12.991,01:56:50.677
2023,1,Bahrain Grand Prix,34,VER,01:56:50.677,01:58:28.516
2023,1,Bahrain Grand Prix,35,VER,01:58:28.516,02:00:06.366
2023,1,Bahrain Grand Prix,36,VER,02:00:06.366,02:01:47.33
2023,1,Bahrain Grand Prix,37,VER,02:01:47.33,02:03:45.82
2023,1,Bahrain Grand Prix,38,VER,02:03:45.82,02:05:22.117
2023,1,Bahrain Grand Prix,39,VER,02:05:22.117,02:06:58.563
2023,1,Bahrain Grand Prix,40,VER,02:06:58.563,02:08:35.505
2023,1,Bahrain Grand Prix,41,VER,02:08:35.505,02:10:36
2023,1,Bahrain Grand Prix,42,VER,02:10:36,02:12:20.824
2023,1,Bahrain Grand Prix,43,VER,02:12:20.824,02:13:57.714
2023,1,Bahrain Grand Prix,44,VER,02:13:57.714,02:15:33.95
2023,1,Bahrain Grand Prix,45,VER,02:15:33.95,02:17:10.965
2023,1,Bahrain Grand Prix,46,VER,02:17:10.965,02:18:47.666
2023,1,Bahrain Grand Prix,47,VER,02:18:47.666,02:20:24.675
2023,1,Bahrain Grand Prix,48,VER,02:20:24.675,02:22:01.593
2023,1,Bahrain Grand Prix,49,VER,02:22:01.593,02:23:38.555
2023,1,Bahrain Grand Prix,50,VER,02:23:38.555,02:25:15.805
2023,1,Bahrain Grand Prix,51,VER,02:25:15.805,02:26:53.232
2023,1,Bahrain Grand Prix,52,VER,02:26:53.232,02:28:30.151
2023,1,Bahrain Grand Prix,53,VER,02:28:30.151,02:30:07.041
2023,1,Bahrain Grand Prix,54,VER,02:30:07.041,02:31:43.719
2023,1,Bahrain Grand Prix,55,VER,02:31:43.719,02:33:20.041
2023,1,Bahrain Grand Prix,56,VER,02:33:20.041,02:34:57.246
2023,1,Bahrain Grand Prix,57,VER,02:34:57.246,02:36:33.619
2023,2,Saudi Arabian Grand Prix,1,ALO,01:02:50.632,01:04:27.647
2023,2,Saudi Arabian Grand Prix,2,ALO,01:04:27.647,01:06:03.214
2023,2,Saudi Arabian Grand Prix,3,ALO,01:06:03.214,01:07:38.354
2023,2,Saudi Arabian Grand Prix,4,PER,01:07:38.788,01:09:14.439
2023,2,Saudi Arabian Grand Prix,5,PER,01:09:14.439,01:10:49.312
2023,2,Saudi Arabian Grand Prix,6,PER,01:10:49.312,01:12:23.933
2023,2,Saudi Arabian Grand Prix,7,PER,01:12:23.933,01:13:58.21
2023,2,Saudi Arabian Grand Prix,8,PER,01:13:58.21,01:15:32.687
2023,2,Saudi Arabian Grand Prix,9,PER,01:15:32.687,01:17:06.942
2023,2,Saudi Arabian Grand Prix,10,PER,01:17:06.942,01:18:41.048
2023,2,Saudi Arabian Grand Prix,11,PER,01:18:41.048,01:20:15.123
2023,2,Saudi Arabian Grand Prix,12,PER,01:20:15.123,01:21:49.283
2023,2,Saudi Arabian Grand Prix,13,PER,01:21:49.283,01:23:23.546
2023,2,Saudi Arabian Grand Prix,14,PER,01:23:23.546,01:24:57.955
2023,2,Saudi Arabian Grand Prix,15,PER,01:24:57.955,01:26:32.347
2023,2,Saudi Arabian Grand Prix,16,PER,01:26:32.347,01:28:06.537
2023,2,Saudi Arabian Grand Prix,17,PER,01:28:06.537,01:29:40.498
2023,2,Saudi Arabian Grand Prix,18,PER,01:29:40.498,01:31:47.855
2023,2,Saudi Arabian Grand Prix,19,PER,01:31:47.855,01:34:58.167
2023,2,Saudi Arabian Grand Prix,20,PER,01:34:58.167,01:37:38.979
2023,2,Saudi Arabian Grand Prix,21,PER,01:37:38.979,01:39:13.536
2023,2,Saudi Arabian Grand Prix,22,PER,01:39:13.536,01:40:47.431
2023,2,Saudi Arabian Grand Prix,23,PER,01:40:47.431,01:42:20.895
2023,2,Saudi Arabian Grand Prix,24,PER,01:42:20.895,01:43:54.335
2023,2,Saudi Arabian Grand Prix,25,PER,01:43:54.335,01:45:27.761
2023,2,Saudi Arabian Grand Prix,26,PER,01:45:27.761,01:47:00.833
2023,2,Saudi Arabian Grand Prix,27,PER,01:47:00.833,01:48:33.724
2023,2,Saudi Arabian Grand Prix,28,PER,01:48:33.724,01:50:06.749
2023,2,Saudi Arabian Grand Prix,29,PER,01:50:06.749,01:51:39.475
2023,2,Saudi Arabian Grand Prix,30,PER,01:51:39.475,01:53:12.201
2023,2,Saudi Arabian Grand Prix,31,PER,01:53:12.201,01:54:44.755
2023,2,Saudi Arabian Grand Prix,32,PER,01:54:44.755,01:56:17.253
2023,2,Saudi Arabian Grand Prix,33,PER,01:56:17.253,01:57:49.803
2023,2,Saudi Arabian Grand Prix,34,PER,01:57:49.803,01:59:22.097
2023,2,Saudi Arabian Grand Prix,35,PER,01:59:22.097,02:00:54.777
2023,2,Saudi Arabian Grand Prix,36,PER,02:00:54.777,02:02:27.069
2023,2,Saudi Arabian Grand Prix,37,PER,02:02:27.069,02:03:59.707
2023,2,Saudi Arabian Grand Prix,38,PER,02:03:59.707,02:05:31.895
2023,2,Saudi Arabian Grand Prix,39,PER,02:05:31.895,02:07:05.085
2023,2,Saudi Arabian Grand Prix,40,PER,02:07:05.085,02:08:37.915
2023,2,Saudi Arabian Grand Prix,41,PER,02:08:37.915,02:10:10.552
2023,2,Saudi Arabian Grand Prix,42,PER,02:10:10.552,02:11:42.787
2023,2,Saudi Arabian Grand Prix,43,PER,02:11:42.787,02:13:15.095
2023,2,Saudi Arabian Grand Prix,44,PER,02:13:15.095,02:14:47.362
2023,2,Saudi Arabian Grand Prix,45,PER,02:14:47.362,02:16:19.781
2023,2,Saudi Arabian Grand Prix,46,PER,02:16:19.781,02:17:52.714
2023,2,Saudi Arabian Grand Prix,47,PER,02:17:52.714,02:19:25.609
2023,2,Saudi Arabian Grand Prix,48,PER,02:19:25.609,02:20:58.684
2023,2,Saudi Arabian Grand Prix,49,PER,02:20:58.684,02:22:31.99
2023,2,Saudi Arabian Grand Prix,50,PER,02:22:31.99,02:24:05.681
2023,3,Australian Grand Prix,1,LEC,01:02:16.863,01:03:54.954
2023,3,Australian Grand Prix,2,RUS,01:03:54.954,01:06:08.252
2023,3,Australian Grand Prix,3,RUS,01:06:08.252,01:08:20.269
2023,3,Australian Grand Prix,4,RUS,01:08:20.269,01:09:43.403
2023,3,Australian Grand Prix,5,RUS,01:09:43.403,01:11:06.537
2023,3,Australian Grand Prix,6,RUS,01:11:06.537,01:12:29.696
2023,3,Australian Grand Prix,7,HAM,01:12:30.333,01:14:04.477
2023,3,Australian Grand Prix,8,HAM,01:14:04.477,01:16:56.865
2023,3,Australian Grand Prix,9,HAM,01:31:58.608,01:35:11.542
2023,3,Australian Grand Prix,10,HAM,01:35:11.542,01:37:15.162
2023,3,Australian Grand Prix,11,HAM,01:37:15.162,01:38:38.952
2023,3,Australian Grand Prix,12,VER,01:38:39.463,01:40:01.457
2023,3,Australian Grand Prix,13,VER,01:40:01.457,01:41:24.743
2023,3,Australian Grand Prix,14,VER,01:41:24.743,01:42:47.612
2023,3,Australian Grand Prix,15,VER,01:42:47.612,01:44:10.429
2023,3,Australian Grand Prix,16,VER,01:44:10.429,01:45:33.028
2023,3,Australian Grand Prix,17,VER,01:45:33.028,01:46:55.623
2023,3,Australian Grand Prix,18,VER,01:46:55.623,01:48:35.938
2023,3,Australian Grand Prix,19,VER,01:48:35.938,01:50:19.688
2023,3,Australian Grand Prix,20,VER,01:50:19.688,01:51:42.077
2023,3,Australian Grand Prix,21,VER,01:51:42.077,01:53:04.187
2023,3,Australian Grand Prix,22,VER,01:53:04.187,01:54:26.456
2023,3,Australian Grand Prix,23,VER,01:54:26.456,01:55:48.649
2023,3,Australian Grand Prix,24,VER,01:55:48.649,01:57:10.492
2023,3,Australian Grand Prix,25,VER,01:57:10.492,01:58:32.596
2023,3,Australian Grand Prix,26,VER,01:58:32.596,01:59:54.568
2023,3,Australian Grand Prix,27,VER,01:59:54.568,02:01:16.492
2023,3,Australian Grand Prix,28,VER,02:01:16.492,02:02:38.418
2023,3,Australian Grand Prix,29,VER,02:02:38.418,02:04:00.19
2023,3,Australian Grand Prix,30,VER,02:04:00.19,02:05:22.192
2023,3,Australian Grand Prix,31,VER,02:05:22.192,02:06:44.216
2023,3,Australian Grand Prix,32,VER,02:06:44.216,02:08:06.228
2023,3,Australian Grand Prix,33,VER,02:08:06.228,02:09:28.047
2023,3,Australian Grand Prix,34,VER,02:09:28.047,02:10:49.941
2023,3,Australian Grand Prix,35,VER,02:10:49.941,02:12:11.622
2023,3,Australian Grand Prix,36,VER,02:12:11.622,02:13:33.354
2023,3,Australian Grand Prix,37,VER,02:13:33.354,02:14:54.757
2023,3,Australian Grand Prix,38,VER,02:14:54.757,02:16:16.076
2023,3,Australian Grand Prix,39,VER,02:16:16.076,02:17:37.654
2023,3,Australian Grand Prix,40,VER,02:17:37.654,02:18:58.732
2023,3,Australian Grand Prix,41,VER,02:18:58.732,02:20:19.718
2023,3,Australian Grand Prix,42,VER,02:20:19.718,02:21:40.866
2023,3,Australian Grand Prix,43,VER,02:21:40.866,02:23:02.032
2023,3,Australian Grand Prix,44,VER,02:23:02.032,02:24:23.121
2023,3,Australian Grand Prix,45,VER,02:24:23.121,02:25:43.928
2023,3,Australian Grand Prix,46,VER,02:25:43.928,02:27:04.631
2023,3,Australian Grand Prix,47,VER,02:27:04.631,02:28:28.738
2023,3,Australian Grand Prix,48,VER,02:28:28.738,02:29:49.811
2023,3,Australian Grand Prix,49,VER,02:29:49.811,02:31:10.153
2023,3,Australian Grand Prix,50,VER,02:31:10.153,02:32:30.624
2023,3,Australian Grand Prix,51,VER,02:32:30.624,02:33:51.256
2023,3,Australian Grand Prix,52,VER,02:33:51.256,02:35:11.994
2023,3,Australian Grand Prix,53,VER,02:35:11.994,02:36:32.665
2023,3,Australian Grand Prix,54,VER,02:36:32.665,02:38:03.843
2023,3,Australian Grand Prix,55,VER,02:38:03.843,02:40:52.448
2023,3,Australian Grand Prix,56,VER,02:54:58.598,02:58:21.28
2023,3,Australian Grand Prix,57,GAS,02:59:00.74,02:59:24.751
2023,3,Australian Grand Prix,58,VER,03:31:58.635,03:34:55.509
2023,4,Azerbaijan Grand Prix,1,LEC,01:03:01.758,01:04:52.11
2023,4,Azerbaijan Grand Prix,2,LEC,01:04:52.11,01:06:39.766
2023,4,Azerbaijan Grand Prix,3,VER,01:06:40.164,01:08:27.841
2023,4,Azerbaijan Grand Prix,4,VER,01:08:27.841,01:10:14.949
2023,4,Azerbaijan Grand Prix,5,VER,01:10:14.949,01:12:02.425
2023,4,Azerbaijan Grand Prix,6,VER,01:12:02.425,01:13:49.627
2023,4,Azerbaijan Grand Prix,7,VER,01:13:49.627,01:15:36.622
2023,4,Azerbaijan Grand Prix,8,VER,01:15:36.622,01:17:23.423
2023,4,Azerbaijan Grand Prix,9,VER,01:17:23.423,01:19:10.367
2023,4,Azerbaijan Grand Prix,10,PER,01:19:10.98,01:20:57.885
2023,4,Azerbaijan Grand Prix,11,PER,01:20:57.885,01:23:20.879
2023,4,Azerbaijan Grand Prix,12,PER,01:23:20.879,01:26:16.236
2023,4,Azerbaijan Grand Prix,13,PER,01:26:16.236,01:29:02.614
2023,4,Azerbaijan Grand Prix,14,PER,01:29:02.614,01:30:48.412
2023,4,Azerbaijan Grand Prix,15,PER,01:30:48.412,01:32:34.215
2023,4,Azerbaijan Grand Prix,16,PER,01:32:34.215,01:34:19.733
2023,4,Azerbaijan Grand Prix,17,PER,01:34:19.733,01:36:05.256
2023,4,Azerbaijan Grand Prix,18,PER,01:36:05.256,01:37:50.76
2023,4,Azerbaijan Grand Prix,19,PER,01:37:50.76,01:39:36.231
2023,4,Azerbaijan Grand Prix,20,PER,01:39:36.231,01:41:21.908
2023,4,Azerbaijan Grand Prix,21,PER,01:41:21.908,01:43:07.746
2023,4,Azerbaijan Grand Prix,22,PER,01:43:07.746,01:44:53.441
2023,4,Azerbaijan Grand Prix,23,PER,01:44:53.441,01:46:39.22
2023,4,Azerbaijan Grand Prix,24,PER,01:46:39.22,01:48:24.954
2023,4,Azerbaijan Grand Prix,25,PER,01:48:24.954,01:50:10.62
2023,4,Azerbaijan Grand Prix,26,PER,01:50:10.62,01:51:56.352
2023,4,Azerbaijan Grand Prix,27,PER,01:51:56.352,01:53:41.873
2023,4,Azerbaijan Grand Prix,28,PER,01:53:41.873,01:55:27.411
2023,4,Azerbaijan Grand Prix,29,PER,01:55:27.411,01:57:13.156
2023,4,Azerbaijan Grand Prix,30,PER,01:57:13.156,01:58:58.55
2023,4,Azerbaijan Grand Prix,31,PER,01:58:58.55,02:00:44.035
2023,4,Azerbaijan Grand Prix,32,PER,02:00:44.035,02:02:29.346
2023,4,Azerbaijan Grand Prix,33,PER,02:02:29.346,02:04:14.741
2023,4,Azerbaijan Grand Prix,34,PER,02:04:14.741,02:06:00.003
2023,4,Azerbaijan Grand Prix,35,PER,02:06:00.003,02:07:44.872
2023,4,Azerbaijan Grand Prix,36,PER,02:07:44.872,02:09:29.77
2023,4,Azerbaijan Grand Prix,37,PER,02:09:29.77,02:11:14.74
2023,4,Azerbaijan Grand Prix,38,PER,02:11:14.74,02:12:59.757
2023,4,Azerbaijan Grand Prix,39,PER,02:12:59.757,02:14:44.849
2023,4,Azerbaijan Grand Prix,40,PER,02:14:44.849,02:16:30.191
2023,4,Azerbaijan Grand Prix,41,PER,02:16:30.191,02:18:15.867
2023,4,Azerbaijan Grand Prix,42,PER,02:18:15.867,02:20:00.963
2023,4,Azerbaijan Grand Prix,43,PER,02:20:00.963,02:21:45.838
2023,4,Azerbaijan Grand Prix,44,PER,02:21:45.838,02:23:30.588
2023,4,Azerbaijan Grand Prix,45,PER,02:23:30.588,02:25:15.548
2023,4,Azerbaijan Grand Prix,46,PER,02:25:15.548,02:27:00.279
2023,4,Azerbaijan Grand Prix,47,PER,02:27:00.279,02:28:45.418
2023,4,Azerbaijan Grand Prix,48,PER,02:28:45.418,02:30:30.31
2023,4,Azerbaijan Grand Prix,49,PER,02:30:30.31,02:32:14.921
2023,4,Azerbaijan Grand Prix,50,PER,02:32:14.921,02:33:59.51
2023,4,Azerbaijan Grand Prix,51,PER,02:33:59.51,02:35:44.436
2023,5,Miami Grand Prix,1,PER,01:02:46.3,01:04:22.714
2023,5,Miami Grand Prix,2,PER,01:04:22.714,01:05:56.677
2023,5,Miami Grand Prix,3,PER,01:05:56.677,01:07:30.193
2023,5,Miami Grand Prix,4,PER,01:07:30.193,01:09:03.272
2023,5,Miami Grand Prix,5,PER,01:09:03.272,01:10:36.53
2023,5,Miami Grand Prix,6,PER,01:10:36.53,01:12:09.892
2023,5,Miami Grand Prix,7,PER,01:12:09.892,01:13:42.757
2023,5,Miami Grand Prix,8,PER,01:13:42.757,01:15:15.899
2023,5,Miami Grand Prix,9,PER,01:15:15.899,01:16:48.995
2023,5,Miami Grand Prix,10,PER,01:16:48.995,01:18:21.594
2023,5,Miami Grand Prix,11,PER,01:18:21.594,01:19:54.072
2023,5,Miami Grand Prix,12,PER,01:19:54.072,01:21:26.442
2023,5,Miami Grand Prix,13,PER,01:21:26.442,01:22:58.358
2023,5,Miami Grand Prix,14,PER,01:22:58.358,01:24:30.982
2023,5,Miami Grand Prix,15,PER,01:24:30.982,01:26:03.585
2023,5,Miami Grand Prix,16,PER,01:26:03.585,01:27:36.648
2023,5,Miami Grand Prix,17,PER,01:27:36.648,01:29:09.551
2023,5,Miami Grand Prix,18,PER,01:29:09.551,01:30:42.042
2023,5,Miami Grand Prix,19,PER,01:30:42.042,01:32:14.742
2023,5,Miami Grand Prix,20,VER,01:32:16.329,01:33:48.532
2023,5,Miami Grand Prix,21,VER,01:33:48.532,01:35:20.883
2023,5,Miami Grand Prix,22,VER,01:35:20.883,01:36:53.15
2023,5,Miami Grand Prix,23,VER,01:36:53.15,01:38:25.056
2023,5,Miami Grand Prix,24,VER,01:38:25.056,01:39:57.182
2023,5,Miami Grand Prix,25,VER,01:39:57.182,01:41:29.101
2023,5,Miami Grand Prix,26,VER,01:41:29.101,01:43:01.023
2023,5,Miami Grand Prix,27,VER,01:43:01.023,01:44:32.852
2023,5,Miami Grand Prix,28,VER,01:44:32.852,01:46:04.628
2023,5,Miami Grand Prix,29,VER,01:46:04.628,01:47:36.448
2023,5,Miami Grand Prix,30,VER,01:47:36.448,01:49:08.932
2023,5,Miami Grand Prix,31,VER,01:49:08.932,01:50:40.559
2023,5,Miami Grand Prix,32,VER,01:50:40.559,01:52:11.852
2023,5,Miami Grand Prix,33,VER,01:52:11.852,01:53:43.333
2023,5,Miami Grand Prix,34,VER,01:53:43.333,01:55:14.763
2023,5,Miami Grand Prix,35,VER,01:55:14.763,01:56:45.988
2023,5,Miami Grand Prix,36,VER,01:56:45.988,01:58:17.372
2023,5,Miami Grand Prix,37,VER,01:58:17.372,01:59:48.64
2023,5,Miami Grand Prix,38,VER,01:59:48.64,02:01:19.839
2023,5,Miami Grand Prix,39,VER,02:01:19.839,02:02:51.283
2023,5,Miami Grand Prix,40,VER,02:02:51.283,02:04:22.571
2023,5,Miami Grand Prix,41,VER,02:04:22.571,02:05:53.575
2023,5,Miami Grand Prix,42,VER,02:05:53.575,02:07:24.697
2023,5,Miami Grand Prix,43,VER,02:07:24.697,02:08:55.685
2023,5,Miami Grand Prix,44,VER,02:08:55.685,02:10:26.741
2023,5,Miami Grand Prix,45,VER,02:10:26.741,02:12:02.597
2023,5,Miami Grand Prix,46,PER,02:12:16.406,02:13:47.965
2023,5,Miami Grand Prix,47,PER,02:13:47.965,02:15:19.748
2023,5,Miami Grand Prix,48,VER,02:15:19.899,02:16:50.536
2023,5,Miami Grand Prix,49,VER,02:16:50.536,02:18:21.446
2023,5,Miami Grand Prix,50,VER,02:18:21.446,02:19:52.283
2023,5,Miami Grand Prix,51,VER,02:19:52.283,02:21:22.982
2023,5,Miami Grand Prix,52,VER,02:21:22.982,02:22:53.354
2023,5,Miami Grand Prix,53,VER,02:22:53.354,02:24:23.9
2023,5,Miami Grand Prix,54,VER,02:24:23.9,02:25:54.392
2023,5,Miami Grand Prix,55,VER,02:25:54.392,02:27:24.783
2023,5,Miami Grand Prix,56,VER,02:27:24.783,02:28:54.491
2023,5,Miami Grand Prix,57,VER,02:28:54.491,02:30:24.764
2023,6,Monaco Grand Prix,1,VER,01:02:02.95,01:03:27.435
2023,6,Monaco Grand Prix,2,VER,01:03:27.435,01:04:46.802
2023,6,Monaco Grand Prix,3,VER,01:04:46.802,01:06:05.876
2023,6,Monaco Grand Prix,4,VER,01:06:05.876,01:07:24.005
2023,6,Monaco Grand Prix,5,VER,01:07:24.005,01:08:42.024
2023,6,Monaco Grand Prix,6,VER,01:08:42.024,01:09:59.664
2023,6,Monaco Grand Prix,7,VER,01:09:59.664,01:11:17.297
2023,6,Monaco Grand Prix,8,VER,01:11:17.297,01:12:34.694
2023,6,Monaco Grand Prix,9,VER,01:12:34.694,01:13:51.725
2023,6,Monaco Grand Prix,10,VER,01:13:51.725,01:15:08.809
2023,6,Monaco Grand Prix,11,VER,01:15:08.809,01:16:25.667
2023,6,Monaco Grand Prix,12,VER,01:16:25.667,01:17:42.66
2023,6,Monaco Grand Prix,13,VER,01:17:42.66,01:19:00.094
2023,6,Monaco Grand Prix,14,VER,01:19:00.094,01:20:17.159
2023,6,Monaco Grand Prix,15,VER,01:20:17.159,01:21:34.238
2023,6,Monaco Grand Prix,16,VER,01:21:34.238,01:22:51.062
2023,6,Monaco Grand Prix,17,VER,01:22:51.062,01:24:07.922
2023,6,Monaco Grand Prix,18,VER,01:24:07.922,01:25:24.634
2023,6,Monaco Grand Prix,19,VER,01:25:24.634,01:26:41.457
2023,6,Monaco Grand Prix,20,VER,01:26:41.457,01:27:58.671
2023,6,Monaco Grand Prix,21,VER,01:27:58.671,01:29:15.474
2023,6,Monaco Grand Prix,22,VER,01:29:15.474,01:30:32.133
2023,6,Monaco Grand Prix,23,VER,01:30:32.133,01:31:48.737
2023,6,Monaco Grand Prix,24,VER,01:31:48.737,01:33:05.535
2023,6,Monaco Grand Prix,25,VER,01:33:05.535,01:34:22.718
2023,6,Monaco Grand Prix,26,VER,01:34:22.718,01:35:39.93
2023,6,Monaco Grand Prix,27,VER,01:35:39.93,01:36:57.189
2023,6,Monaco Grand Prix,28,VER,01:36:57.189,01:38:14.959
2023,6,Monaco Grand Prix,29,VER,01:38:14.959,01:39:32.96
2023,6,Monaco Grand Prix,30,VER,01:39:32.96,01:40:51.12
2023,6,Monaco Grand Prix,31,VER,01:40:51.12,01:42:09.861
2023,6,Monaco Grand Prix,32,VER,01:42:09.861,01:43:28.677
2023,6,Monaco Grand Prix,33,VER,01:43:28.677,01:44:47.623
2023,6,Monaco Grand Prix,34,VER,01:44:47.623,01:46:05.667
2023,6,Monaco Grand Prix,35,VER,01:46:05.667,01:47:23.691
2023,6,Monaco Grand Prix,36,VER,01:47:23.691,01:48:41.665
2023,6,Monaco Grand Prix,37,VER,01:48:41.665,01:49:58.938
2023,6,Monaco Grand Prix,38,VER,01:49:58.938,01:51:16.06
2023,6,Monaco Grand Prix,39,VER,01:51:16.06,01:52:33.026
2023,6,Monaco Grand Prix,40,VER,01:52:33.026,01:53:50.187
2023,6,Monaco Grand Prix,41,VER,01:53:50.187,01:55:07.131
2023,6,Monaco Grand Prix,42,VER,01:55:07.131,01:56:23.931
2023,6,Monaco Grand Prix,43,VER,01:56:23.931,01:57:40.894
2023,6,Monaco Grand Prix,44,VER,01:57:40.894,01:58:57.616
2023,6,Monaco Grand Prix,45,VER,01:58:57.616,02:00:14.317
2023,6,Monaco Grand Prix,46,VER,02:00:14.317,02:01:31.392
2023,6,Monaco Grand Prix,47,VER,02:01:31.392,02:02:48.552
2023,6,Monaco Grand Prix,48,VER,02:02:48.552,02:04:05.617
2023,6,Monaco Grand Prix,49,VER,02:04:05.617,02:05:23.045
2023,6,Monaco Grand Prix,50,VER,02:05:23.045,02:06:40.359
2023,6,Monaco Grand Prix,51,VER,02:06:40.359,02:07:57.786
2023,6,Monaco Grand Prix,52,VER,02:07:57.786,02:09:21.832
2023,6,Monaco Grand Prix,53,VER,02:09:21.832,02:10:51.751
2023,6,Monaco Grand Prix,54,VER,02:10:51.751,02:12:30.697
2023,6,Monaco Grand Prix,55,VER,02:12:30.697,02:14:41.264
2023,6,Monaco Grand Prix,56,VER,02:14:41.264,02:16:27.395
2023,6,Monaco Grand Prix,57,VER,02:16:27.395,02:18:10.859
2023,6,Monaco Grand Prix,58,VER,02:18:10.859,02:19:53.667
2023,6,Monaco Grand Prix,59,VER,02:19:53.667,02:21:37.458
2023,6,Monaco Grand Prix,60,VER,02:21:37.458,02:23:18.998
2023,6,Monaco Grand Prix,61,VER,02:23:18.998,02:24:59.795
2023,6,Monaco Grand Prix,62,VER,02:24:59.795,02:26:39.067
2023,6,Monaco Grand Prix,63,VER,02:26:39.067,02:28:18.677
2023,6,Monaco Grand Prix,64,VER,02:28:18.677,02:29:57.041
2023,6,Monaco Grand Prix,65,VER,02:29:57.041,02:31:34.201
2023,6,Monaco Grand Prix,66,VER,02:31:34.201,02:33:08.236
2023,6,Monaco Grand Prix,67,VER,02:33:08.236,02:34:41.157
2023,6,Monaco Grand Prix,68,VER,02:34:41.157,02:36:14.816
2023,6,Monaco Grand Prix,69,VER,02:36:14.816,02:37:46.423
2023,6,Monaco Grand Prix,70,VER,02:37:46.423,02:39:17.667
2023,6,Monaco Grand Prix,71,VER,02:39:17.667,02:40:48.03
2023,6,Monaco Grand Prix,72,VER,02:40:48.03,02:42:18.432
2023,6,Monaco Grand Prix,73,VER,02:42:18.432,02:43:46.818
2023,6,Monaco Grand Prix,74,VER,02:43:46.818,02:45:13.682
2023,6,Monaco Grand Prix,75,VER,02:45:13.682,02:46:39.2
2023,6,Monaco Grand Prix,76,VER,02:46:39.2,02:48:04.516
2023,6,Monaco Grand Prix,77,VER,02:48:04.516,02:49:29.976
2023,6,Monaco Grand Prix,78,VER,02:49:29.976,02:50:55.177
2023,7,Spanish Grand Prix,1,VER,01:02:15.963,01:03:40.107
2023,7,Spanish Grand Prix,2,VER,01:03:40.107,01:05:00.509
2023,7,Spanish Grand Prix,3,VER,01:05:00.509,01:06:21.008
2023,7,Spanish Grand Prix,4,VER,01:06:21.008,01:07:41.354
2023,7,Spanish Grand Prix,5,VER,01:07:41.354,01:09:01.637
2023,7,Spanish Grand Prix,6,VER,01:09:01.637,01:10:22.039
2023,7,Spanish Grand Prix,7,VER,01:10:22.039,01:11:42.515
2023,7,Spanish Grand Prix,8,VER,01:11:42.515,01:13:02.409
2023,7,Spanish Grand Prix,9,VER,01:13:02.409,01:14:22.691
2023,7,Spanish Grand Prix,10,VER,01:14:22.691,01:15:43.025
2023,7,Spanish Grand Prix,11,VER,01:15:43.025,01:17:03.545
2023,7,Spanish Grand Prix,12,VER,01:17:03.545,01:18:23.987
2023,7,Spanish Grand Prix,13,VER,01:18:23.987,01:19:44.165
2023,7,Spanish Grand Prix,14,VER,01:19:44.165,01:21:04.543
2023,7,Spanish Grand Prix,15,VER,01:21:04.543,01:22:24.825
2023,7,Spanish Grand Prix,16,VER,01:22:24.825,01:23:45.011
2023,7,Spanish Grand Prix,17,VER,01:23:45.011,01:25:05.355
2023,7,Spanish Grand Prix,18,VER,01:25:05.355,01:26:25.613
2023,7,Spanish Grand Prix,19,VER,01:26:25.613,01:27:45.681
2023,7,Spanish Grand Prix,20,VER,01:27:45.681,01:29:05.669
2023,7,Spanish Grand Prix,21,VER,01:29:05.669,01:30:25.756
2023,7,Spanish Grand Prix,22,VER,01:30:25.756,01:31:45.625
2023,7,Spanish Grand Prix,23,VER,01:31:45.625,01:33:05.723
2023,7,Spanish Grand Prix,24,VER,01:33:05.723,01:34:25.669
2023,7,Spanish Grand Prix,25,VER,01:34:25.669,01:35:45.642
2023,7,Spanish Grand Prix,26,VER,01:35:45.642,01:37:09.485
2023,7,Spanish Grand Prix,27,VER,01:37:09.485,01:38:47.912
2023,7,Spanish Grand Prix,28,VER,01:38:47.912,01:40:06.619
2023,7,Spanish Grand Prix,29,VER,01:40:06.619,01:41:25.479
2023,7,Spanish Grand Prix,30,VER,01:41:25.479,01:42:44.455
2023,7,Spanish Grand Prix,31,VER,01:42:44.455,01:44:03.62
2023,7,Spanish Grand Prix,32,VER,01:44:03.62,01:45:22.498
2023,7,Spanish Grand Prix,33,VER,01:45:22.498,01:46:41.687
2023,7,Spanish Grand Prix,34,VER,01:46:41.687,01:48:00.493
2023,7,Spanish Grand Prix,35,VER,01:48:00.493,01:49:19.383
2023,7,Spanish Grand Prix,36,VER,01:49:19.383,01:50:38.172
2023,7,Spanish Grand Prix,37,VER,01:50:38.172,01:51:57.198
2023,7,Spanish Grand Prix,38,VER,01:51:57.198,01:53:16.615
2023,7,Spanish Grand Prix,39,VER,01:53:16.615,01:54:35.937
2023,7,Spanish Grand Prix,40,VER,01:54:35.937,01:55:55.325
2023,7,Spanish Grand Prix,41,VER,01:55:55.325,01:57:14.855
2023,7,Spanish Grand Prix,42,VER,01:57:14.855,01:58:33.947
2023,7,Spanish Grand Prix,43,VER,01:58:33.947,01:59:52.859
2023,7,Spanish Grand Prix,44,VER,01:59:52.859,02:01:11.829
2023,7,Spanish Grand Prix,45,VER,02:01:11.829,02:02:30.933
2023,7,Spanish Grand Prix,46,VER,02:02:30.933,02:03:49.773
2023,7,Spanish Grand Prix,47,VER,02:03:49.773,02:05:08.882
2023,7,Spanish Grand Prix,48,VER,02:05:08.882,02:06:27.835
2023,7,Spanish Grand Prix,49,VER,02:06:27.835,02:07:46.928
2023,7,Spanish Grand Prix,50,VER,02:07:46.928,02:09:06.149
2023,7,Spanish Grand Prix,51,VER,02:09:06.149,02:10:24.917
2023,7,Spanish Grand Prix,52,VER,02:10:24.917,02:11:47.766
2023,7,Spanish Grand Prix,53,VER,02:11:47.766,02:13:24.997
2023,7,Spanish Grand Prix,54,VER,02:13:24.997,02:14:42.47
2023,7,Spanish Grand Prix,55,VER,02:14:42.47,02:16:00.236
2023,7,Spanish Grand Prix,56,VER,02:16:00.236,02:17:17.419
2023,7,Spanish Grand Prix,57,VER,02:17:17.419,02:18:34.725
2023,7,Spanish Grand Prix,58,VER,02:18:34.725,02:19:52.227
2023,7,Spanish Grand Prix,59,VER,02:19:52.227,02:21:09.988
2023,7,Spanish Grand Prix,60,VER,02:21:09.988,02:22:28.193
2023,7,Spanish Grand Prix,61,VER,02:22:28.193,02:23:44.523
2023,7,Spanish Grand Prix,62,VER,02:23:44.523,02:25:02.537
2023,7,Spanish Grand Prix,63,VER,02:25:02.537,02:26:20.234
2023,7,Spanish Grand Prix,64,VER,02:26:20.234,02:27:38.793
2023,7,Spanish Grand Prix,65,VER,02:27:38.793,02:28:56.404
2023,7,Spanish Grand Prix,66,VER,02:28:56.404,02:30:14.112
2023,8,Canadian Grand Prix,1,VER,01:02:05.478,01:03:28.801
2023,8,Canadian Grand Prix,2,VER,01:03:28.801,01:04:46.876
2023,8,Canadian Grand Prix,3,VER,01:04:46.876,01:06:04.643
2023,8,Canadian Grand Prix,4,VER,01:06:04.643,01:07:21.846
2023,8,Canadian Grand Prix,5,VER,01:07:21.846,01:08:39.217
2023,8,Canadian Grand Prix,6,VER,01:08:39.217,01:09:56.824
2023,8,Canadian Grand Prix,7,VER,01:09:56.824,01:11:14.389
2023,8,Canadian Grand Prix,8,VER,01:11:14.389,01:12:47.044
2023,8,Canadian Grand Prix,9,VER,01:12:47.044,01:14:04.539
2023,8,Canadian Grand Prix,10,VER,01:14:04.539,01:15:21.898
2023,8,Canadian Grand Prix,11,VER,01:15:21.898,01:16:39.166
2023,8,Canadian Grand Prix,12,VER,01:16:39.166,01:18:12.358
2023,8,Canadian Grand Prix,13,VER,01:18:12.358,01:20:42.269
2023,8,Canadian Grand Prix,14,VER,01:20:42.269,01:22:46.908
2023,8,Canadian Grand Prix,15,VER,01:22:46.908,01:24:41.585
2023,8,Canadian Grand Prix,16,VER,01:24:41.585,01:26:56.49
2023,8,Canadian Grand Prix,17,VER,01:26:56.49,01:28:13.635
2023,8,Canadian Grand Prix,18,VER,01:28:13.635,01:29:30.317
2023,8,Canadian Grand Prix,19,VER,01:29:30.317,01:30:46.947
2023,8,Canadian Grand Prix,20,VER,01:30:46.947,01:32:03.554
2023,8,Canadian Grand Prix,21,VER,01:32:03.554,01:33:20.206
2023,8,Canadian Grand Prix,22,VER,01:33:20.206,01:34:36.903
2023,8,Canadian Grand Prix,23,VER,01:34:36.903,01:35:53.849
2023,8,Canadian Grand Prix,24,VER,01:35:53.849,01:37:10.49
2023,8,Canadian Grand Prix,25,VER,01:37:10.49,01:38:27.133
2023,8,Canadian Grand Prix,26,VER,01:38:27.133,01:39:43.918
2023,8,Canadian Grand Prix,27,VER,01:39:43.918,01:41:00.846
2023,8,Canadian Grand Prix,28,VER,01:41:00.846,01:42:17.85
2023,8,Canadian Grand Prix,29,VER,01:42:17.85,01:43:34.657
2023,8,Canadian Grand Prix,30,VER,01:43:34.657,01:44:51.673
2023,8,Canadian Grand Prix,31,VER,01:44:51.673,01:46:08.522
2023,8,Canadian Grand Prix,32,VER,01:46:08.522,01:47:25.44
2023,8,Canadian Grand Prix,33,VER,01:47:25.44,01:48:42.27
2023,8,Canadian Grand Prix,34,VER,01:48:42.27,01:49:59.324
2023,8,Canadian Grand Prix,35,VER,01:49:59.324,01:51:16.549
2023,8,Canadian Grand Prix,36,VER,01:51:16.549,01:52:34.314
2023,8,Canadian Grand Prix,37,VER,01:52:34.314,01:53:51.408
2023,8,Canadian Grand Prix,38,VER,01:53:51.408,01:55:08.419
2023,8,Canadian Grand Prix,39,VER,01:55:08.419,01:56:25.692
2023,8,Canadian Grand Prix,40,VER,01:56:25.692,01:57:43.092
2023,8,Canadian Grand Prix,41,VER,01:57:43.092,01:59:00.109
2023,8,Canadian Grand Prix,42,VER,01:59:00.109,02:00:33.382
2023,8,Canadian Grand Prix,43,VER,02:00:33.382,02:01:52.693
2023,8,Canadian Grand Prix,44,VER,02:01:52.693,02:03:09.015
2023,8,Canadian Grand Prix,45,VER,02:03:09.015,02:04:25.107
2023,8,Canadian Grand Prix,46,VER,02:04:25.107,02:05:41.311
2023,8,Canadian Grand Prix,47,VER,02:05:41.311,02:06:57.347
2023,8,Canadian Grand Prix,48,VER,02:06:57.347,02:08:13.456
2023,8,Canadian Grand Prix,49,VER,02:08:13.456,02:09:29.312
2023,8,Canadian Grand Prix,50,VER,02:09:29.312,02:10:45.231
2023,8,Canadian Grand Prix,51,VER,02:10:45.231,02:12:01.026
2023,8,Canadian Grand Prix,52,VER,02:12:01.026,02:13:17.129
2023,8,Canadian Grand Prix,53,VER,02:13:17.129,02:14:32.823
2023,8,Canadian Grand Prix,54,VER,02:14:32.823,02:15:48.555
2023,8,Canadian Grand Prix,55,VER,02:15:48.555,02:17:04.375
2023,8,Canadian Grand Prix,56,VER,02:17:04.375,02:18:20.263
2023,8,Canadian Grand Prix,57,VER,02:18:20.263,02:19:36.208
2023,8,Canadian Grand Prix,58,VER,02:19:36.208,02:20:52.165
2023,8,Canadian Grand Prix,59,VER,02:20:52.165,02:22:07.94
2023,8,Canadian Grand Prix,60,VER,02:22:07.94,02:23:23.806
2023,8,Canadian Grand Prix,61,VER,02:23:23.806,02:24:39.734
2023,8,Canadian Grand Prix,62,VER,02:24:39.734,02:25:55.667
2023,8,Canadian Grand Prix,63,VER,02:25:55.667,02:27:11.604
2023,8,Canadian Grand Prix,64,VER,02:27:11.604,02:28:27.818
2023,8,Canadian Grand Prix,65,VER,02:28:27.818,02:29:43.715
2023,8,Canadian Grand Prix,66,VER,02:29:43.715,02:30:59.948
2023,8,Canadian Grand Prix,67,VER,02:30:59.948,02:32:16.069
2023,8,Canadian Grand Prix,68,VER,02:32:16.069,02:33:31.663
2023,8,Canadian Grand Prix,69,VER,02:33:31.663,02:34:47.832
2023,8,Canadian Grand Prix,70,VER,02:34:47.832,02:36:04.069
2023,9,Austrian Grand Prix,1,VER,01:01:47.219,01:03:05.095
2023,9,Austrian Grand Prix,2,VER,01:03:05.095,01:05:00.574
2023,9,Austrian Grand Prix,3,VER,01:05:00.574,01:07:05.295
2023,9,Austrian Grand Prix,4,VER,01:07:05.295,01:08:14.986
2023,9,Austrian Grand Prix,5,VER,01:08:14.986,01:09:25.012
2023,9,Austrian Grand Prix,6,VER,01:09:25.012,01:10:35.168
2023,9,Austrian Grand Prix,7,VER,01:10:35.168,01:11:45.336
2023,9,Austrian Grand Prix,8,VER,01:11:45.336,01:12:55.303
2023,9,Austrian Grand Prix,9,VER,01:12:55.303,01:14:05.292
2023,9,Austrian Grand Prix,10,VER,01:14:05.292,01:15:15.148
2023,9,Austrian Grand Prix,11,VER,01:15:15.148,01:16:25.199
2023,9,Austrian Grand Prix,12,VER,01:16:25.199,01:17:35.032
2023,9,Austrian Grand Prix,13,VER,01:17:35.032,01:18:45.228
2023,9,Austrian Grand Prix,14,VER,01:18:45.228,01:19:58.801
2023,9,Austrian Grand Prix,15,VER,01:19:58.801,01:21:32.393
2023,9,Austrian Grand Prix,16,VER,01:21:32.393,01:22:52.004
2023,9,Austrian Grand Prix,17,VER,01:22:52.004,01:24:01.928
2023,9,Austrian Grand Prix,18,VER,01:24:01.928,01:25:11.93
2023,9,Austrian Grand Prix,19,VER,01:25:11.93,01:26:21.872
2023,9,Austrian Grand Prix,20,VER,01:26:21.872,01:27:32.032
2023,9,Austrian Grand Prix,21,VER,01:27:32.032,01:28:42.174
2023,9,Austrian Grand Prix,22,VER,01:28:42.174,01:29:52.511
2023,9,Austrian Grand Prix,23,VER,01:29:52.511,01:31:02.907
2023,9,Austrian Grand Prix,24,VER,01:31:02.907,01:32:16.426
2023,9,Austrian Grand Prix,25,LEC,01:32:26.533,01:33:36.393
2023,9,Austrian Grand Prix,26,LEC,01:33:36.393,01:34:46.298
2023,9,Austrian Grand Prix,27,LEC,01:34:46.298,01:35:56.197
2023,9,Austrian Grand Prix,28,LEC,01:35:56.197,01:37:06.207
2023,9,Austrian Grand Prix,29,LEC,01:37:06.207,01:38:16.167
2023,9,Austrian Grand Prix,30,LEC,01:38:16.167,01:39:26.083
2023,9,Austrian Grand Prix,31,LEC,01:39:26.083,01:40:36.373
2023,9,Austrian Grand Prix,32,LEC,01:40:36.373,01:41:46.789
2023,9,Austrian Grand Prix,33,LEC,01:41:46.789,01:42:57.178
2023,9,Austrian Grand Prix,34,LEC,01:42:57.178,01:44:07.499
2023,9,Austrian Grand Prix,35,VER,01:44:07.871,01:45:17.136
2023,9,Austrian Grand Prix,36,VER,01:45:17.136,01:46:26.503
2023,9,Austrian Grand Prix,37,VER,01:46:26.503,01:47:36.21
2023,9,Austrian Grand Prix,38,VER,01:47:36.21,01:48:45.778
2023,9,Austrian Grand Prix,39,VER,01:48:45.778,01:49:55.164
2023,9,Austrian Grand Prix,40,VER,01:49:55.164,01:51:04.595
2023,9,Austrian Grand Prix,41,VER,01:51:04.595,01:52:14.122
2023,9,Austrian Grand Prix,42,VER,01:52:14.122,01:53:23.633
2023,9,Austrian Grand Prix,43,VER,01:53:23.633,01:54:33.225
2023,9,Austrian Grand Prix,44,VER,01:54:33.225,01:55:42.903
2023,9,Austrian Grand Prix,45,VER,01:55:42.903,01:56:52.554
2023,9,Austrian Grand Prix,46,VER,01:56:52.554,01:58:02.117
2023,9,Austrian Grand Prix,47,VER,01:58:02.117,01:59:11.568
2023,9,Austrian Grand Prix,48,VER,01:59:11.568,02:00:20.987
2023,9,Austrian Grand Prix,49,VER,02:00:20.987,02:01:34.163
2023,9,Austrian Grand Prix,50,VER,02:01:34.163,02:03:00.431
2023,9,Austrian Grand Prix,51,VER,02:03:00.431,02:04:08.581
2023,9,Austrian Grand Prix,52,VER,02:04:08.581,02:05:16.923
2023,9,Austrian Grand Prix,53,VER,02:05:16.923,02:06:25.158
2023,9,Austrian Grand Prix,54,VER,02:06:25.158,02:07:33.408
2023,9,Austrian Grand Prix,55,VER,02:07:33.408,02:08:41.681
2023,9,Austrian Grand Prix,56,VER,02:08:41.681,02:09:50.031
2023,9,Austrian Grand Prix,57,VER,02:09:50.031,02:10:58.443
2023,9,Austrian Grand Prix,58,VER,02:10:58.443,02:12:06.932
2023,9,Austrian Grand Prix,59,VER,02:12:06.932,02:13:15.541
2023,9,Austrian Grand Prix,60,VER,02:13:15.541,02:14:24.076
2023,9,Austrian Grand Prix,61,VER,02:14:24.076,02:15:32.561
2023,9,Austrian Grand Prix,62,VER,02:15:32.561,02:16:41.128
2023,9,Austrian Grand Prix,63,VER,02:16:41.128,02:17:49.752
2023,9,Austrian Grand Prix,64,VER,02:17:49.752,02:18:58.444
2023,9,Austrian Grand Prix,65,VER,02:18:58.444,02:20:07.322
2023,9,Austrian Grand Prix,66,VER,02:20:07.322,02:21:15.923
2023,9,Austrian Grand Prix,67,VER,02:21:15.923,02:22:24.777
2023,9,Austrian Grand Prix,68,VER,02:22:24.777,02:23:33.993
2023,9,Austrian Grand Prix,69,VER,02:23:33.993,02:24:46.221
2023,9,Austrian Grand Prix,70,VER,02:24:46.221,02:26:14.051
2023,9,Austrian Grand Prix,71,VER,02:26:14.051,02:27:21.063
2023,10,British Grand Prix,1,NOR,01:02:08.731,01:03:45.505
2023,10,British Grand Prix,2,NOR,01:03:45.505,01:05:18.551
2023,10,British Grand Prix,3,NOR,01:05:18.551,01:06:51.731
2023,10,British Grand Prix,4,NOR,01:06:51.731,01:08:24.503
2023,10,British Grand Prix,5,VER,01:08:25.064,01:09:57.646
2023,10,British Grand Prix,6,VER,01:09:57.646,01:11:30.673
2023,10,British Grand Prix,7,VER,01:11:30.673,01:13:03.773
2023,10,British Grand Prix,8,VER,01:13:03.773,01:14:36.657
2023,10,British Grand Prix,9,VER,01:14:36.657,01:16:09.479
2023,10,British Grand Prix,10,VER,01:16:09.479,01:17:42.073
2023,10,British Grand Prix,11,VER,01:17:42.073,01:19:14.67
2023,10,British Grand Prix,12,VER,01:19:14.67,01:20:47.357
2023,10,British Grand Prix,13,VER,01:20:47.357,01:22:20.035
2023,10,British Grand Prix,14,VER,01:22:20.035,01:23:53.081
2023,10,British Grand Prix,15,VER,01:23:53.081,01:25:26.071
2023,10,British Grand Prix,16,VER,01:25:26.071,01:26:58.879
2023,10,British Grand Prix,17,VER,01:26:58.879,01:28:31.482
2023,10,British Grand Prix,18,VER,01:28:31.482,01:30:03.989
2023,10,British Grand Prix,19,VER,01:30:03.989,01:31:36.327
2023,10,British Grand Prix,20,VER,01:31:36.327,01:33:08.622
2023,10,British Grand Prix,21,VER,01:33:08.622,01:34:41.116
2023,10,British Grand Prix,22,VER,01:34:41.116,01:36:13.3
2023,10,British Grand Prix,23,VER,01:36:13.3,01:37:45.572
2023,10,British Grand Prix,24,VER,01:37:45.572,01:39:17.922
2023,10,British Grand Prix,25,VER,01:39:17.922,01:40:50.217
2023,10,British Grand Prix,26,VER,01:40:50.217,01:42:22.493
2023,10,British Grand Prix,27,VER,01:42:22.493,01:43:54.631
2023,10,British Grand Prix,28,VER,01:43:54.631,01:45:26.846
2023,10,British Grand Prix,29,VER,01:45:26.846,01:46:59.097
2023,10,British Grand Prix,30,VER,01:46:59.097,01:48:31.46
2023,10,British Grand Prix,31,VER,01:48:31.46,01:50:03.848
2023,10,British Grand Prix,32,VER,01:50:03.848,01:51:36.058
2023,10,British Grand Prix,33,VER,01:51:36.058,01:53:34.669
2023,10,British Grand Prix,34,VER,01:53:34.669,01:56:33.154
2023,10,British Grand Prix,35,VER,01:56:33.154,01:59:00.925
2023,10,British Grand Prix,36,VER,01:59:00.925,02:01:27.47
2023,10,British Grand Prix,37,VER,02:01:27.47,02:03:51.305
2023,10,British Grand Prix,38,VER,02:03:51.305,02:06:12.979
2023,10,British Grand Prix,39,VER,02:06:12.979,02:07:43.327
2023,10,British Grand Prix,40,VER,02:07:43.327,02:09:13.874
2023,10,British Grand Prix,41,VER,02:09:13.874,02:10:44.562
2023,10,British Grand Prix,42,VER,02:10:44.562,02:12:14.837
2023,10,British Grand Prix,43,VER,02:12:14.837,02:13:45.372
2023,10,British Grand Prix,44,VER,02:13:45.372,02:15:16.02
2023,10,British Grand Prix,45,VER,02:15:16.02,02:16:47.362
2023,10,British Grand Prix,46,VER,02:16:47.362,02:18:18.476
2023,10,British Grand Prix,47,VER,02:18:18.476,02:19:49.624
2023,10,British Grand Prix,48,VER,02:19:49.624,02:21:21.024
2023,10,British Grand Prix,49,VER,02:21:21.024,02:22:52.242
2023,10,British Grand Prix,50,VER,02:22:52.242,02:24:23.534
2023,10,British Grand Prix,51,VER,02:24:23.534,02:25:54.931
2023,10,British Grand Prix,52,VER,02:25:54.931,02:27:25.906
2023,11,Hungarian Grand Prix,1,VER,01:02:04.106,01:03:32.264
2023,11,Hungarian Grand Prix,2,VER,01:03:32.264,01:04:57.421
2023,11,Hungarian Grand Prix,3,VER,01:04:57.421,01:06:22.491
2023,11,Hungarian Grand Prix,4,VER,01:06:22.491,01:07:47.033
2023,11,Hungarian Grand Prix,5,VER,01:07:47.033,01:09:11.876
2023,11,Hungarian Grand Prix,6,VER,01:09:11.876,01:10:36.472
2023,11,Hungarian Grand Prix,7,VER,01:10:36.472,01:12:00.959
2023,11,Hungarian Grand Prix,8,VER,01:12:00.959,01:13:25.468
2023,11,Hungarian Grand Prix,9,VER,01:13:25.468,01:14:49.905
2023,11,Hungarian Grand Prix,10,VER,01:14:49.905,01:16:14.31
2023,11,Hungarian Grand Prix,11,VER,01:16:14.31,01:17:38.772
2023,11,Hungarian Grand Prix,12,VER,01:17:38.772,01:19:03.078
2023,11,Hungarian Grand Prix,13,VER,01:19:03.078,01:20:27.433
2023,11,Hungarian Grand Prix,14,VER,01:20:27.433,01:21:51.634
2023,11,Hungarian Grand Prix,15,VER,01:21:51.634,01:23:15.755
2023,11,Hungarian Grand Prix,16,VER,01:23:15.755,01:24:40.128
2023,11,Hungarian Grand Prix,17,VER,01:24:40.128,01:26:04.342
2023,11,Hungarian Grand Prix,18,VER,01:26:04.342,01:27:28.537
2023,11,Hungarian Grand Prix,19,VER,01:27:28.537,01:28:52.933
2023,11,Hungarian Grand Prix,20,VER,01:28:52.933,01:30:16.998
2023,11,Hungarian Grand Prix,21,VER,01:30:16.998,01:31:41.01
2023,11,Hungarian Grand Prix,22,VER,01:31:41.01,01:33:05.37
2023,11,Hungarian Grand Prix,23,VER,01:33:05.37,01:34:32.521
2023,11,Hungarian Grand Prix,24,VER,01:34:32.521,01:36:14.528
2023,11,Hungarian Grand Prix,25,VER,01:36:14.528,01:37:38.305
2023,11,Hungarian Grand Prix,26,VER,01:37:38.305,01:39:02.022
2023,11,Hungarian Grand Prix,27,VER,01:39:02.022,01:40:25.658
2023,11,Hungarian Grand Prix,28,VER,01:40:25.658,01:41:49.345
2023,11,Hungarian Grand Prix,29,VER,01:41:49.345,01:43:13.107
2023,11,Hungarian Grand Prix,30,VER,01:43:13.107,01:44:36.731
2023,11,Hungarian Grand Prix,31,VER,01:44:36.731,01:46:00.321
2023,11,Hungarian Grand Prix,32,VER,01:46:00.321,01:47:23.613
2023,11,Hungarian Grand Prix,33,VER,01:47:23.613,01:48:47.136
2023,11,Hungarian Grand Prix,34,VER,01:48:47.136,01:50:10.643
2023,11,Hungarian Grand Prix,35,VER,01:50:10.643,01:51:34.132
2023,11,Hungarian Grand Prix,36,VER,01:51:34.132,01:52:57.417
2023,11,Hungarian Grand Prix,37,VER,01:52:57.417,01:54:20.667
2023,11,Hungarian Grand Prix,38,VER,01:54:20.667,01:55:44.137
2023,11,Hungarian Grand Prix,39,VER,01:55:44.137,01:57:08.28
2023,11,Hungarian Grand Prix,40,VER,01:57:08.28,01:58:31.985
2023,11,Hungarian Grand Prix,41,VER,01:58:31.985,01:59:55.008
2023,11,Hungarian Grand Prix,42,VER,01:59:55.008,02:01:18.317
2023,11,Hungarian Grand Prix,43,VER,02:01:18.317,02:02:41.655
2023,11,Hungarian Grand Prix,44,VER,02:02:41.655,02:04:05.427
2023,11,Hungarian Grand Prix,45,VER,02:04:05.427,02:05:29.357
2023,11,Hungarian Grand Prix,46,VER,02:05:29.357,02:06:52.996
2023,11,Hungarian Grand Prix,47,VER,02:06:52.996,02:08:16.604
2023,11,Hungarian Grand Prix,48,VER,02:08:16.604,02:09:40.091
2023,11,Hungarian Grand Prix,49,VER,02:09:40.091,02:11:03.913
2023,11,Hungarian Grand Prix,50,VER,02:11:03.913,02:12:27.695
2023,11,Hungarian Grand Prix,51,VER,02:12:27.695,02:13:53.905
2023,11,Hungarian Grand Prix,52,VER,02:13:53.905,02:15:36.628
2023,11,Hungarian Grand Prix,53,VER,02:15:36.628,02:16:57.132
2023,11,Hungarian Grand Prix,54,VER,02:16:57.132,02:18:21.067
2023,11,Hungarian Grand Prix,55,VER,02:18:21.067,02:19:43.914
2023,11,Hungarian Grand Prix,56,VER,02:19:43.914,02:21:06.514
2023,11,Hungarian Grand Prix,57,VER,02:21:06.514,02:22:28.939
2023,11,Hungarian Grand Prix,58,VER,02:22:28.939,02:23:51.589
2023,11,Hungarian Grand Prix,59,VER,02:23:51.589,02:25:13.469
2023,11,Hungarian Grand Prix,60,VER,02:25:13.469,02:26:35.023
2023,11,Hungarian Grand Prix,61,VER,02:26:35.023,02:27:56.543
2023,11,Hungarian Grand Prix,62,VER,02:27:56.543,02:29:18.236
2023,11,Hungarian Grand Prix,63,VER,02:29:18.236,02:30:40.008
2023,11,Hungarian Grand Prix,64,VER,02:30:40.008,02:32:02.13
2023,11,Hungarian Grand Prix,65,VER,02:32:02.13,02:33:24.353
2023,11,Hungarian Grand Prix,66,VER,02:33:24.353,02:34:46.294
2023,11,Hungarian Grand Prix,67,VER,02:34:46.294,02:36:08.048
2023,11,Hungarian Grand Prix,68,VER,02:36:08.048,02:37:29.572
2023,11,Hungarian Grand Prix,69,VER,02:37:29.572,02:38:50.752
2023,11,Hungarian Grand Prix,70,VER,02:38:50.752,02:40:12.986
2023,12,Belgian Grand Prix,1,PER,01:02:44.614,01:04:38.11
2023,12,Belgian Grand Prix,2,PER,01:04:38.11,01:06:30.276
2023,12,Belgian Grand Prix,3,PER,01:06:30.276,01:08:22.429
2023,12,Belgian Grand Prix,4,PER,01:08:22.429,01:10:14.765
2023,12,Belgian Grand Prix,5,PER,01:10:14.765,01:12:07.337
2023,12,Belgian Grand Prix,6,PER,01:12:07.337,01:13:59.803
2023,12,Belgian Grand Prix,7,PER,01:13:59.803,01:15:52.323
2023,12,Belgian Grand Prix,8,PER,01:15:52.323,01:17:44.628
2023,12,Belgian Grand Prix,9,PER,01:17:44.628,01:19:37.093
2023,12,Belgian Grand Prix,10,PER,01:19:37.093,01:21:29.813
2023,12,Belgian Grand Prix,11,PER,01:21:29.813,01:23:22.457
2023,12,Belgian Grand Prix,12,PER,01:23:22.457,01:25:15.43
2023,12,Belgian Grand Prix,13,VER,01:25:17.924,01:27:10.886
2023,12,Belgian Grand Prix,14,VER,01:27:10.886,01:29:08.052
2023,12,Belgian Grand Prix,15,PER,01:29:19.304,01:31:10.925
2023,12,Belgian Grand Prix,16,PER,01:31:10.925,01:33:02.341
2023,12,Belgian Grand Prix,17,VER,01:33:02.734,01:34:52.842
2023,12,Belgian Grand Prix,18,VER,01:34:52.842,01:36:44.479
2023,12,Belgian Grand Prix,19,VER,01:36:44.479,01:38:36.435
2023,12,Belgian Grand Prix,20,VER,01:38:36.435,01:40:32.168
2023,12,Belgian Grand Prix,21,VER,01:40:32.168,01:42:27.083
2023,12,Belgian Grand Prix,22,VER,01:42:27.083,01:44:22.408
2023,12,Belgian Grand Prix,23,VER,01:44:22.408,01:46:15.313
2023,12,Belgian Grand Prix,24,VER,01:46:15.313,01:48:06.309
2023,12,Belgian Grand Prix,25,VER,01:48:06.309,01:49:57.415
2023,12,Belgian Grand Prix,26,VER,01:49:57.415,01:51:48.792
2023,12,Belgian Grand Prix,27,VER,01:51:48.792,01:53:40.264
2023,12,Belgian Grand Prix,28,VER,01:53:40.264,01:55:31.674
2023,12,Belgian Grand Prix,29,VER,01:55:31.674,01:57:23.269
2023,12,Belgian Grand Prix,30,VER,01:57:23.269,01:59:19.151
2023,12,Belgian Grand Prix,31,VER,01:59:19.151,02:01:22.736
2023,12,Belgian Grand Prix,32,VER,02:01:22.736,02:03:11.658
2023,12,Belgian Grand Prix,33,VER,02:03:11.658,02:05:02.244
2023,12,Belgian Grand Prix,34,VER,02:05:02.244,02:06:53.036
2023,12,Belgian Grand Prix,35,VER,02:06:53.036,02:08:43.444
2023,12,Belgian Grand Prix,36,VER,02:08:43.444,02:10:33.806
2023,12,Belgian Grand Prix,37,VER,02:10:33.806,02:12:24.123
2023,12,Belgian Grand Prix,38,VER,02:12:24.123,02:14:14.27
2023,12,Belgian Grand Prix,39,VER,02:14:14.27,02:16:04.383
2023,12,Belgian Grand Prix,40,VER,02:16:04.383,02:17:54.45
2023,12,Belgian Grand Prix,41,VER,02:17:54.45,02:19:44.404
2023,12,Belgian Grand Prix,42,VER,02:19:44.404,02:21:34.591
2023,12,Belgian Grand Prix,43,VER,02:21:34.591,02:23:24.686
2023,12,Belgian Grand Prix,44,VER,02:23:24.686,02:25:15.265
2023,13,Dutch Grand Prix,1,VER,01:02:04.96,01:03:34.672
2023,13,Dutch Grand Prix,2,NOR,01:03:35.322,01:05:23.17
2023,13,Dutch Grand Prix,3,PER,01:05:32.443,01:06:59.965
2023,13,Dutch Grand Prix,4,PER,01:06:59.965,01:08:24.307
2023,13,Dutch Grand Prix,5,PER,01:08:24.307,01:09:48.407
2023,13,Dutch Grand Prix,6,PER,01:09:48.407,01:11:12.799
2023,13,Dutch Grand Prix,7,PER,01:11:12.799,01:12:39.144
2023,13,Dutch Grand Prix,8,PER,01:12:39.144,01:14:03.743
2023,13,Dutch Grand Prix,9,PER,01:14:03.743,01:15:28.238
2023,13,Dutch Grand Prix,10,PER,01:15:28.238,01:16:52.821
2023,13,Dutch Grand Prix,11,PER,01:16:52.821,01:18:17.928
2023,13,Dutch Grand Prix,12,PER,01:18:17.928,01:19:46.367
2023,13,Dutch Grand Prix,13,VER,01:20:01.927,01:21:20.702
2023,13,Dutch Grand Prix,14,VER,01:21:20.702,01:22:38.252
2023,13,Dutch Grand Prix,15,VER,01:22:38.252,01:23:55.182
2023,13,Dutch Grand Prix,16,VER,01:23:55.182,01:25:22.097
2023,13,Dutch Grand Prix,17,VER,01:25:22.097,01:27:24.314
2023,13,Dutch Grand Prix,18,VER,01:27:24.314,01:29:32.629
2023,13,Dutch Grand Prix,19,VER,01:29:32.629,01:31:32.474
2023,13,Dutch Grand Prix,20,VER,01:31:32.474,01:33:27.731
2023,13,Dutch Grand Prix,21,VER,01:33:27.731,01:35:35.353
2023,13,Dutch Grand Prix,22,VER,01:35:35.353,01:36:51.658
2023,13,Dutch Grand Prix,23,VER,01:36:51.658,01:38:07.743
2023,13,Dutch Grand Prix,24,VER,01:38:07.743,01:39:23.526
2023,13,Dutch Grand Prix,25,VER,01:39:23.526,01:40:39.19
2023,13,Dutch Grand Prix,26,VER,01:40:39.19,01:41:54.849
2023,13,Dutch Grand Prix,27,VER,01:41:54.849,01:43:10.53
2023,13,Dutch Grand Prix,28,VER,01:43:10.53,01:44:26.029
2023,13,Dutch Grand Prix,29,VER,01:44:26.029,01:45:41.403
2023,13,Dutch Grand Prix,30,VER,01:45:41.403,01:46:56.913
2023,13,Dutch Grand Prix,31,VER,01:46:56.913,01:48:12.474
2023,13,Dutch Grand Prix,32,VER,01:48:12.474,01:49:27.888
2023,13,Dutch Grand Prix,33,VER,01:49:27.888,01:50:43.23
2023,13,Dutch Grand Prix,34,VER,01:50:43.23,01:51:58.502
2023,13,Dutch Grand Prix,35,VER,01:51:58.502,01:53:13.777
2023,13,Dutch Grand Prix,36,VER,01:53:13.777,01:54:28.998
2023,13,Dutch Grand Prix,37,VER,01:54:28.998,01:55:44.165
2023,13,Dutch Grand Prix,38,VER,01:55:44.165,01:56:59.236
2023,13,Dutch Grand Prix,39,VER,01:56:59.236,01:58:14.429
2023,13,Dutch Grand Prix,40,VER,01:58:14.429,01:59:29.561
2023,13,Dutch Grand Prix,41,VER,01:59:29.561,02:00:44.867
2023,13,Dutch Grand Prix,42,VER,02:00:44.867,02:02:00.2
2023,13,Dutch Grand Prix,43,VER,02:02:00.2,02:03:15.566
2023,13,Dutch Grand Prix,44,VER,02:03:15.566,02:04:31.159
2023,13,Dutch Grand Prix,45,VER,02:04:31.159,02:05:46.718
2023,13,Dutch Grand Prix,46,VER,02:05:46.718,02:07:02.228
2023,13,Dutch Grand Prix,47,VER,02:07:02.228,02:08:17.803
2023,13,Dutch Grand Prix,48,VER,02:08:17.803,02:09:33.211
2023,13,Dutch Grand Prix,49,VER,02:09:33.211,02:10:51.742
2023,13,Dutch Grand Prix,50,VER,02:10:51.742,02:12:23.746
2023,13,Dutch Grand Prix,51,VER,02:12:23.746,02:13:37.687
2023,13,Dutch Grand Prix,52,VER,02:13:37.687,02:14:51.969
2023,13,Dutch Grand Prix,53,VER,02:14:51.969,02:16:06.241
2023,13,Dutch Grand Prix,54,VER,02:16:06.241,02:17:20.497
2023,13,Dutch Grand Prix,55,VER,02:17:20.497,02:18:34.912
2023,13,Dutch Grand Prix,56,VER,02:18:34.912,02:19:49.322
2023,13,Dutch Grand Prix,57,VER,02:19:49.322,02:21:03.418
2023,13,Dutch Grand Prix,58,VER,02:21:03.418,02:22:17.307
2023,13,Dutch Grand Prix,59,VER,02:22:17.307,02:23:31.25
2023,13,Dutch Grand Prix,60,VER,02:23:31.25,02:24:45.752
2023,13,Dutch Grand Prix,61,VER,02:24:45.752,02:26:10.434
2023,13,Dutch Grand Prix,62,VER,02:26:10.434,02:27:53.384
2023,13,Dutch Grand Prix,63,VER,02:27:53.384,02:29:25.952
2023,13,Dutch Grand Prix,64,VER,02:29:25.952,02:31:50.968
2023,13,Dutch Grand Prix,65,VER,03:12:59.758,03:15:36.571
2023,13,Dutch Grand Prix,66,VER,03:15:36.571,03:17:54.594
2023,13,Dutch Grand Prix,67,VER,03:17:54.594,03:19:20.13
2023,13,Dutch Grand Prix,68,VER,03:19:20.13,03:20:42.997
2023,13,Dutch Grand Prix,69,VER,03:20:42.997,03:22:04.756
2023,13,Dutch Grand Prix,70,VER,03:22:04.756,03:23:25.621
2023,13,Dutch Grand Prix,71,VER,03:23:25.621,03:24:46.645
2023,13,Dutch Grand Prix,72,VER,03:24:46.645,03:26:07.56
2023,14,Italian Grand Prix,1,TSU,01:22:21.726,01:23:48.992
2023,14,Italian Grand Prix,2,SAI,01:23:48.992,01:25:14.998
2023,14,Italian Grand Prix,3,SAI,01:25:14.998,01:26:40.974
2023,14,Italian Grand Prix,4,SAI,01:26:40.974,01:28:07.041
2023,14,Italian Grand Prix,5,SAI,01:28:07.041,01:29:33.464
2023,14,Italian Grand Prix,6,SAI,01:29:33.464,01:31:00.079
2023,14,Italian Grand Prix,7,SAI,01:31:00.079,01:32:26.437
2023,14,Italian Grand Prix,8,SAI,01:32:26.437,01:33:52.661
2023,14,Italian Grand Prix,9,SAI,01:33:52.661,01:35:19.137
2023,14,Italian Grand Prix,10,SAI,01:35:19.137,01:36:45.648
2023,14,Italian Grand Prix,11,SAI,01:36:45.648,01:38:12.339
2023,14,Italian Grand Prix,12,SAI,01:38:12.339,01:39:38.747
2023,14,Italian Grand Prix,13,SAI,01:39:38.747,01:41:05.634
2023,14,Italian Grand Prix,14,SAI,01:41:05.634,01:42:32.606
2023,14,Italian Grand Prix,15,VER,01:42:33.053,01:43:59.835
2023,14,Italian Grand Prix,16,VER,01:43:59.835,01:45:26.553
2023,14,Italian Grand Prix,17,VER,01:45:26.553,01:46:53.286
2023,14,Italian Grand Prix,18,VER,01:46:53.286,01:48:19.559
2023,14,Italian Grand Prix,19,VER,01:48:19.559,01:49:45.997
2023,14,Italian Grand Prix,20,VER,01:49:45.997,01:51:16.846
2023,14,Italian Grand Prix,21,PER,01:51:19.015,01:52:49.949
2023,14,Italian Grand Prix,22,PIA,01:52:57.515,01:54:24.934
2023,14,Italian Grand Prix,23,HAM,01:54:26.217,01:55:53.484
2023,14,Italian Grand Prix,24,HAM,01:55:53.484,01:57:20.795
2023,14,Italian Grand Prix,25,VER,01:57:20.877,01:58:46.791
2023,14,Italian Grand Prix,26,VER,01:58:46.791,02:00:12.577
2023,14,Italian Grand Prix,27,VER,02:00:12.577,02:01:38.078
2023,14,Italian Grand Prix,28,VER,02:01:38.078,02:03:03.512
2023,14,Italian Grand Prix,29,VER,02:03:03.512,02:04:28.983
2023,14,Italian Grand Prix,30,VER,02:04:28.983,02:05:54.381
2023,14,Italian Grand Prix,31,VER,02:05:54.381,02:07:19.883
2023,14,Italian Grand Prix,32,VER,02:07:19.883,02:08:45.293
2023,14,Italian Grand Prix,33,VER,02:08:45.293,02:10:10.533
2023,14,Italian Grand Prix,34,VER,02:10:10.533,02:11:36.216
2023,14,Italian Grand Prix,35,VER,02:11:36.216,02:13:02.031
2023,14,Italian Grand Prix,36,VER,02:13:02.031,02:14:27.629
2023,14,Italian Grand Prix,37,VER,02:14:27.629,02:15:53.312
2023,14,Italian Grand Prix,38,VER,02:15:53.312,02:17:18.897
2023,14,Italian Grand Prix,39,VER,02:17:18.897,02:18:44.383
2023,14,Italian Grand Prix,40,VER,02:18:44.383,02:20:10.284
2023,14,Italian Grand Prix,41,VER,02:20:10.284,02:21:36.063
2023,14,Italian Grand Prix,42,VER,02:21:36.063,02:23:01.975
2023,14,Italian Grand Prix,43,VER,02:23:01.975,02:24:27.969
2023,14,Italian Grand Prix,44,VER,02:24:27.969,02:25:53.72
2023,14,Italian Grand Prix,45,VER,02:25:53.72,02:27:19.636
2023,14,Italian Grand Prix,46,VER,02:27:19.636,02:28:45.821
2023,14,Italian Grand Prix,47,VER,02:28:45.821,02:30:11.958
2023,14,Italian Grand Prix,48,VER,02:30:11.958,02:31:39.193
2023,14,Italian Grand Prix,49,VER,02:31:39.193,02:33:07.1
2023,14,Italian Grand Prix,50,VER,02:33:07.1,02:34:35.493
2023,14,Italian Grand Prix,51,VER,02:34:35.493,02:36:03.018
2023,15,Singapore Grand Prix,1,TSU,01:02:44.148,01:04:27.7
2023,15,Singapore Grand Prix,2,SAI,01:04:27.7,01:06:09.083
2023,15,Singapore Grand Prix,3,SAI,01:06:09.083,01:07:50.045
2023,15,Singapore Grand Prix,4,SAI,01:07:50.045,01:09:30.625
2023,15,Singapore Grand Prix,5,SAI,01:09:30.625,01:11:11.176
2023,15,Singapore Grand Prix,6,SAI,01:11:11.176,01:12:51.289
2023,15,Singapore Grand Prix,7,SAI,01:12:51.289,01:14:31.467
2023,15,Singapore Grand Prix,8,SAI,01:14:31.467,01:16:11.97
2023,15,Singapore Grand Prix,9,SAI,01:16:11.97,01:17:51.596
2023,15,Singapore Grand Prix,10,SAI,01:17:51.596,01:19:31.965
2023,15,Singapore Grand Prix,11,SAI,01:19:31.965,01:21:12.262
2023,15,Singapore Grand Prix,12,SAI,01:21:12.262,01:22:52.792
2023,15,Singapore Grand Prix,13,SAI,01:22:52.792,01:24:33.148
2023,15,Singapore Grand Prix,14,SAI,01:24:33.148,01:26:13.546
2023,15,Singapore Grand Prix,15,SAI,01:26:13.546,01:27:53.483
2023,15,Singapore Grand Prix,16,SAI,01:27:53.483,01:29:32.881
2023,15,Singapore Grand Prix,17,SAI,01:29:32.881,01:31:12.329
2023,15,Singapore Grand Prix,18,SAI,01:31:12.329,01:32:51.321
2023,15,Singapore Grand Prix,19,SAI,01:32:51.321,01:34:30.35
2023,15,Singapore Grand Prix,20,SAI,01:34:30.35,01:36:27.174
2023,15,Singapore Grand Prix,21,SAI,01:36:27.174,01:39:35.817
2023,15,Singapore Grand Prix,22,SAI,01:39:35.817,01:42:06.558
2023,15,Singapore Grand Prix,23,SAI,01:42:06.558,01:43:48.981
2023,15,Singapore Grand Prix,24,SAI,01:43:48.981,01:45:28.773
2023,15,Singapore Grand Prix,25,SAI,01:45:28.773,01:47:08.499
2023,15,Singapore Grand Prix,26,SAI,01:47:08.499,01:48:47.684
2023,15,Singapore Grand Prix,27,SAI,01:48:47.684,01:50:27.519
2023,15,Singapore Grand Prix,28,SAI,01:50:27.519,01:52:08.749
2023,15,Singapore Grand Prix,29,SAI,01:52:08.749,01:53:48.974
2023,15,Singapore Grand Prix,30,SAI,01:53:48.974,01:55:29.191
2023,15,Singapore Grand Prix,31,SAI,01:55:29.191,01:57:08.824
2023,15,Singapore Grand Prix,32,SAI,01:57:08.824,01:58:48.008
2023,15,Singapore Grand Prix,33,SAI,01:58:48.008,02:00:27.243
2023,15,Singapore Grand Prix,34,SAI,02:00:27.243,02:02:07.268
2023,15,Singapore Grand Prix,35,SAI,02:02:07.268,02:03:47.238
2023,15,Singapore Grand Prix,36,SAI,02:03:47.238,02:05:26.782
2023,15,Singapore Grand Prix,37,SAI,02:05:26.782,02:07:06.666
2023,15,Singapore Grand Prix,38,SAI,02:07:06.666,02:08:46.185
2023,15,Singapore Grand Prix,39,SAI,02:08:46.185,02:10:25.438
2023,15,Singapore Grand Prix,40,SAI,02:10:25.438,02:12:04.831
2023,15,Singapore Grand Prix,41,SAI,02:12:04.831,02:13:44.629
2023,15,Singapore Grand Prix,42,SAI,02:13:44.629,02:15:24.568
2023,15,Singapore Grand Prix,43,SAI,02:15:24.568,02:17:03.816
2023,15,Singapore Grand Prix,44,SAI,02:17:03.816,02:19:22.386
2023,15,Singapore Grand Prix,45,SAI,02:19:22.386,02:21:23.71
2023,15,Singapore Grand Prix,46,SAI,02:21:23.71,02:23:01.623
2023,15,Singapore Grand Prix,47,SAI,02:23:01.623,02:24:39.289
2023,15,Singapore Grand Prix,48,SAI,02:24:39.289,02:26:17.489
2023,15,Singapore Grand Prix,49,SAI,02:26:17.489,02:27:55.71
2023,15,Singapore Grand Prix,50,SAI,02:27:55.71,02:29:34.347
2023,15,Singapore Grand Prix,51,SAI,02:29:34.347,02:31:12.387
2023,15,Singapore Grand Prix,52,SAI,02:31:12.387,02:32:50.605
2023,15,Singapore Grand Prix,53,SAI,02:32:50.605,02:34:28.932
2023,15,Singapore Grand Prix,54,SAI,02:34:28.932,02:36:07.639
2023,15,Singapore Grand Prix,55,SAI,02:36:07.639,02:37:46.18
2023,15,Singapore Grand Prix,56,SAI,02:37:46.18,02:39:24.7
2023,15,Singapore Grand Prix,57,SAI,02:39:24.7,02:41:03.609
2023,15,Singapore Grand Prix,58,SAI,02:41:03.609,02:42:42.946
2023,15,Singapore Grand Prix,59,SAI,02:42:42.946,02:44:22.521
2023,15,Singapore Grand Prix,60,SAI,02:44:22.521,02:46:02.563
2023,15,Singapore Grand Prix,61,SAI,02:46:02.563,02:47:41.855
2023,15,Singapore Grand Prix,62,SAI,02:47:41.855,02:49:21.813
2023,16,Japanese Grand Prix,1,VER,01:03:03.844,01:05:04.229
2023,16,Japanese Grand Prix,2,VER,01:05:04.229,01:07:48.591
2023,16,Japanese Grand Prix,3,VER,01:07:48.591,01:10:33.919
2023,16,Japanese Grand Prix,4,VER,01:10:33.919,01:13:29.577
2023,16,Japanese Grand Prix,5,VER,01:13:29.577,01:15:06.325
2023,16,Japanese Grand Prix,6,VER,01:15:06.325,01:16:44.162
2023,16,Japanese Grand Prix,7,VER,01:16:44.162,01:18:22.195
2023,16,Japanese Grand Prix,8,VER,01:18:22.195,01:20:00.343
2023,16,Japanese Grand Prix,9,VER,01:20:00.343,01:21:38.584
2023,16,Japanese Grand Prix,10,VER,01:21:38.584,01:23:16.885
2023,16,Japanese Grand Prix,11,VER,01:23:16.885,01:24:55.404
2023,16,Japanese Grand Prix,12,VER,01:24:55.404,01:26:34.055
2023,16,Japanese Grand Prix,13,VER,01:26:34.055,01:28:12.744
2023,16,Japanese Grand Prix,14,VER,01:28:12.744,01:30:12.498
2023,16,Japanese Grand Prix,15,VER,01:30:12.498,01:31:50.871
2023,16,Japanese Grand Prix,16,VER,01:31:50.871,01:33:32.043
2023,16,Japanese Grand Prix,17,NOR,01:33:40.104,01:35:21.344
2023,16,Japanese Grand Prix,18,SAI,01:35:22.992,01:37:04.796
2023,16,Japanese Grand Prix,19,VER,01:37:07.467,01:38:45.236
2023,16,Japanese Grand Prix,20,VER,01:38:45.236,01:40:22.58
2023,16,Japanese Grand Prix,21,VER,01:40:22.58,01:42:00.145
2023,16,Japanese Grand Prix,22,VER,01:42:00.145,01:43:37.737
2023,16,Japanese Grand Prix,23,VER,01:43:37.737,01:45:15.459
2023,16,Japanese Grand Prix,24,VER,01:45:15.459,01:46:53.173
2023,16,Japanese Grand Prix,25,VER,01:46:53.173,01:48:31.119
2023,16,Japanese Grand Prix,26,VER,01:48:31.119,01:50:09.022
2023,16,Japanese Grand Prix,27,VER,01:50:09.022,01:51:46.887
2023,16,Japanese Grand Prix,28,VER,01:51:46.887,01:53:24.445
2023,16,Japanese Grand Prix,29,VER,01:53:24.445,01:55:01.869
2023,16,Japanese Grand Prix,30,VER,01:55:01.869,01:56:39.468
2023,16,Japanese Grand Prix,31,VER,01:56:39.468,01:58:17.067
2023,16,Japanese Grand Prix,32,VER,01:58:17.067,01:59:54.987
2023,16,Japanese Grand Prix,33,VER,01:59:54.987,02:01:32.642
2023,16,Japanese Grand Prix,34,VER,02:01:32.642,02:03:10.375
2023,16,Japanese Grand Prix,35,VER,02:03:10.375,02:04:48.163
2023,16,Japanese Grand Prix,36,VER,02:04:48.163,02:06:25.983
2023,16,Japanese Grand Prix,37,VER,02:06:25.983,02:08:06.247
2023,16,Japanese Grand Prix,38,VER,02:08:06.247,02:10:02.325
2023,16,Japanese Grand Prix,39,VER,02:10:02.325,02:11:36.508
2023,16,Japanese Grand Prix,40,VER,02:11:36.508,02:13:12.422
2023,16,Japanese Grand Prix,41,VER,02:13:12.422,02:14:47.855
2023,16,Japanese Grand Prix,42,VER,02:14:47.855,02:16:23.103
2023,16,Japanese Grand Prix,43,VER,02:16:23.103,02:17:59.072
2023,16,Japanese Grand Prix,44,VER,02:17:59.072,02:19:34.534
2023,16,Japanese Grand Prix,45,VER,02:19:34.534,02:21:10.449
2023,16,Japanese Grand Prix,46,VER,02:21:10.449,02:22:46.432
2023,16,Japanese Grand Prix,47,VER,02:22:46.432,02:24:22.652
2023,16,Japanese Grand Prix,48,VER,02:24:22.652,02:25:58.85
2023,16,Japanese Grand Prix,49,VER,02:25:58.85,02:27:35.539
2023,16,Japanese Grand Prix,50,VER,02:27:35.539,02:29:12.416
2023,16,Japanese Grand Prix,51,VER,02:29:12.416,02:30:49.056
2023,16,Japanese Grand Prix,52,VER,02:30:49.056,02:32:26.106
2023,16,Japanese Grand Prix,53,VER,02:32:26.106,02:34:02.406
2023,17,Qatar Grand Prix,1,VER,01:02:33.771,01:04:22.816
2023,17,Qatar Grand Prix,2,VER,01:04:22.816,01:06:48.419
2023,17,Qatar Grand Prix,3,VER,01:06:48.419,01:09:14.382
2023,17,Qatar Grand Prix,4,VER,01:09:14.382,01:11:47.524
2023,17,Qatar Grand Prix,5,VER,01:11:47.524,01:13:17.797
2023,17,Qatar Grand Prix,6,VER,01:13:17.797,01:14:47.206
2023,17,Qatar Grand Prix,7,VER,01:14:47.206,01:16:16.289
2023,17,Qatar Grand Prix,8,VER,01:16:16.289,01:17:45.651
2023,17,Qatar Grand Prix,9,VER,01:17:45.651,01:19:14.977
2023,17,Qatar Grand Prix,10,VER,01:19:14.977,01:20:44.434
2023,17,Qatar Grand Prix,11,VER,01:20:44.434,01:22:13.791
2023,17,Qatar Grand Prix,12,VER,01:22:13.791,01:23:42.993
2023,17,Qatar Grand Prix,13,VER,01:23:42.993,01:25:12.008
2023,17,Qatar Grand Prix,14,VER,01:25:12.008,01:26:41.131
2023,17,Qatar Grand Prix,15,VER,01:26:41.131,01:28:09.843
2023,17,Qatar Grand Prix,16,VER,01:28:09.843,01:29:37.718
2023,17,Qatar Grand Prix,17,VER,01:29:37.718,01:31:09.923
2023,17,Qatar Grand Prix,18,VER,01:31:09.923,01:33:01.697
2023,17,Qatar Grand Prix,19,VER,01:33:01.697,01:34:30.773
2023,17,Qatar Grand Prix,20,VER,01:34:30.773,01:35:59.227
2023,17,Qatar Grand Prix,21,VER,01:35:59.227,01:37:27.333
2023,17,Qatar Grand Prix,22,VER,01:37:27.333,01:38:55.357
2023,17,Qatar Grand Prix,23,VER,01:38:55.357,01:40:23.248
2023,17,Qatar Grand Prix,24,VER,01:40:23.248,01:41:51.062
2023,17,Qatar Grand Prix,25,VER,01:41:51.062,01:43:18.837
2023,17,Qatar Grand Prix,26,VER,01:43:18.837,01:44:46.605
2023,17,Qatar Grand Prix,27,VER,01:44:46.605,01:46:14.411
2023,17,Qatar Grand Prix,28,VER,01:46:14.411,01:47:42.153
2023,17,Qatar Grand Prix,29,VER,01:47:42.153,01:49:09.741
2023,17,Qatar Grand Prix,30,VER,01:49:09.741,01:50:37.256
2023,17,Qatar Grand Prix,31,VER,01:50:37.256,01:52:04.222
2023,17,Qatar Grand Prix,32,VER,01:52:04.222,01:53:30.887
2023,17,Qatar Grand Prix,33,VER,01:53:30.887,01:54:57.509
2023,17,Qatar Grand Prix,34,VER,01:54:57.509,01:56:28.505
2023,17,Qatar Grand Prix,35,VER,01:56:28.505,01:58:18.307
2023,17,Qatar Grand Prix,36,VER,01:58:18.307,01:59:44.562
2023,17,Qatar Grand Prix,37,VER,01:59:44.562,02:01:10.643
2023,17,Qatar Grand Prix,38,VER,02:01:10.643,02:02:36.478
2023,17,Qatar Grand Prix,39,VER,02:02:36.478,02:04:02.293
2023,17,Qatar Grand Prix,40,VER,02:04:02.293,02:05:27.986
2023,17,Qatar Grand Prix,41,VER,02:05:27.986,02:06:53.847
2023,17,Qatar Grand Prix,42,VER,02:06:53.847,02:08:19.674
2023,17,Qatar Grand Prix,43,VER,02:08:19.674,02:09:45.554
2023,17,Qatar Grand Prix,44,VER,02:09:45.554,02:11:11.029
2023,17,Qatar Grand Prix,45,VER,02:11:11.029,02:12:36.65
2023,17,Qatar Grand Prix,46,VER,02:12:36.65,02:14:02.639
2023,17,Qatar Grand Prix,47,VER,02:14:02.639,02:15:28.608
2023,17,Qatar Grand Prix,48,VER,02:15:28.608,02:16:54.824
2023,17,Qatar Grand Prix,49,VER,02:16:54.824,02:18:20.801
2023,17,Qatar Grand Prix,50,VER,02:18:20.801,02:19:46.816
2023,17,Qatar Grand Prix,51,VER,02:19:46.816,02:21:17.535
2023,17,Qatar Grand Prix,52,VER,02:21:17.535,02:23:07.483
2023,17,Qatar Grand Prix,53,VER,02:23:07.483,02:24:32.774
2023,17,Qatar Grand Prix,54,VER,02:24:32.774,02:25:57.811
2023,17,Qatar Grand Prix,55,VER,02:25:57.811,02:27:23.034
2023,17,Qatar Grand Prix,56,VER,02:27:23.034,02:28:47.353
2023,17,Qatar Grand Prix,57,VER,02:28:47.353,02:30:13.156
2023,18,United States Grand Prix,1,NOR,01:02:39.217,01:04:21.175
2023,18,United States Grand Prix,2,NOR,01:04:21.175,01:06:03.157
2023,18,United States Grand Prix,3,NOR,01:06:03.157,01:07:45.437
2023,18,United States Grand Prix,4,NOR,01:07:45.437,01:09:27.768
2023,18,United States Grand Prix,5,NOR,01:09:27.768,01:11:10.012
2023,18,United States Grand Prix,6,NOR,01:11:10.012,01:12:52.814
2023,18,United States Grand Prix,7,NOR,01:12:52.814,01:14:35.556
2023,18,United States Grand Prix,8,NOR,01:14:35.556,01:16:18.056
2023,18,United States Grand Prix,9,NOR,01:16:18.056,01:18:00.723
2023,18,United States Grand Prix,10,NOR,01:18:00.723,01:19:43.114
2023,18,United States Grand Prix,11,NOR,01:19:43.114,01:21:25.54
2023,18,United States Grand Prix,12,NOR,01:21:25.54,01:23:07.653
2023,18,United States Grand Prix,13,NOR,01:23:07.653,01:24:50.724
2023,18,United States Grand Prix,14,NOR,01:24:50.724,01:26:33.516
2023,18,United States Grand Prix,15,NOR,01:26:33.516,01:28:16.073
2023,18,United States Grand Prix,16,NOR,01:28:16.073,01:29:58.798
2023,18,United States Grand Prix,17,NOR,01:29:58.798,01:31:41.392
2023,18,United States Grand Prix,18,HAM,01:31:43.041,01:33:25.828
2023,18,United States Grand Prix,19,HAM,01:33:25.828,01:35:09.351
2023,18,United States Grand Prix,20,HAM,01:35:09.351,01:36:53.124
2023,18,United States Grand Prix,21,LEC,01:36:58.835,01:38:42.201
2023,18,United States Grand Prix,22,LEC,01:38:42.201,01:40:25.818
2023,18,United States Grand Prix,23,LEC,01:40:25.818,01:42:09.388
2023,18,United States Grand Prix,24,NOR,01:42:09.546,01:43:50.516
2023,18,United States Grand Prix,25,NOR,01:43:50.516,01:45:32.921
2023,18,United States Grand Prix,26,NOR,01:45:32.921,01:47:15.036
2023,18,United States Grand Prix,27,NOR,01:47:15.036,01:48:56.866
2023,18,United States Grand Prix,28,VER,01:48:57.79,01:50:39.364
2023,18,United States Grand Prix,29,VER,01:50:39.364,01:52:20.956
2023,18,United States Grand Prix,30,VER,01:52:20.956,01:54:02.614
2023,18,United States Grand Prix,31,VER,01:54:02.614,01:55:43.951
2023,18,United States Grand Prix,32,VER,01:55:43.951,01:57:25.527
2023,18,United States Grand Prix,33,VER,01:57:25.527,01:59:07.034
2023,18,United States Grand Prix,34,VER,01:59:07.034,02:00:48.615
2023,18,United States Grand Prix,35,VER,02:00:48.615,02:02:30.392
2023,18,United States Grand Prix,36,HAM,02:02:36.171,02:04:17.37
2023,18,United States Grand Prix,37,HAM,02:04:17.37,02:05:58.677
2023,18,United States Grand Prix,38,HAM,02:05:58.677,02:07:40.869
2023,18,United States Grand Prix,39,VER,02:07:53.76,02:09:33.884
2023,18,United States Grand Prix,40,VER,02:09:33.884,02:11:13.912
2023,18,United States Grand Prix,41,VER,02:11:13.912,02:12:54.361
2023,18,United States Grand Prix,42,VER,02:12:54.361,02:14:34.71
2023,18,United States Grand Prix,43,VER,02:14:34.71,02:16:14.922
2023,18,United States Grand Prix,44,VER,02:16:14.922,02:17:55.692
2023,18,United States Grand Prix,45,VER,02:17:55.692,02:19:35.937
2023,18,United States Grand Prix,46,VER,02:19:35.937,02:21:16.525
2023,18,United States Grand Prix,47,VER,02:21:16.525,02:22:56.835
2023,18,United States Grand Prix,48,VER,02:22:56.835,02:24:37.164
2023,18,United States Grand Prix,49,VER,02:24:37.164,02:26:17.582
2023,18,United States Grand Prix,50,VER,02:26:17.582,02:27:57.791
2023,18,United States Grand Prix,51,VER,02:27:57.791,02:29:37.89
2023,18,United States Grand Prix,52,VER,02:29:37.89,02:31:18.225
2023,18,United States Grand Prix,53,VER,02:31:18.225,02:32:58.861
2023,18,United States Grand Prix,54,VER,02:32:58.861,02:34:39.49
2023,18,United States Grand Prix,55,VER,02:34:39.49,02:36:20.488
2023,18,United States Grand Prix,56,VER,02:36:20.488,02:38:00.825
2023,19,Mexico City Grand Prix,1,VER,01:02:18.241,01:03:44.135
2023,19,Mexico City Grand Prix,2,VER,01:03:44.135,01:05:07.994
2023,19,Mexico City Grand Prix,3,VER,01:05:07.994,01:06:31.567
2023,19,Mexico City Grand Prix,4,VER,01:06:31.567,01:07:55.275
2023,19,Mexico City Grand Prix,5,VER,01:07:55.275,01:09:40.094
2023,19,Mexico City Grand Prix,6,VER,01:09:40.094,01:11:03.433
2023,19,Mexico City Grand Prix,7,VER,01:11:03.433,01:12:26.886
2023,19,Mexico City Grand Prix,8,VER,01:12:26.886,01:13:50.243
2023,19,Mexico City Grand Prix,9,VER,01:13:50.243,01:15:13.461
2023,19,Mexico City Grand Prix,10,VER,01:15:13.461,01:16:36.737
2023,19,Mexico City Grand Prix,11,VER,01:16:36.737,01:18:00.363
2023,19,Mexico City Grand Prix,12,VER,01:18:00.363,01:19:24.007
2023,19,Mexico City Grand Prix,13,VER,01:19:24.007,01:20:47.799
2023,19,Mexico City Grand Prix,14,VER,01:20:47.799,01:22:11.494
2023,19,Mexico City Grand Prix,15,VER,01:22:11.494,01:23:35.208
2023,19,Mexico City Grand Prix,16,VER,01:23:35.208,01:24:58.793
2023,19,Mexico City Grand Prix,17,VER,01:24:58.793,01:26:22.437
2023,19,Mexico City Grand Prix,18,VER,01:26:22.437,01:27:46.364
2023,19,Mexico City Grand Prix,19,VER,01:27:46.364,01:29:13.189
2023,19,Mexico City Grand Prix,20,LEC,01:29:14.885,01:30:38.381
2023,19,Mexico City Grand Prix,21,LEC,01:30:38.381,01:32:01.833
2023,19,Mexico City Grand Prix,22,LEC,01:32:01.833,01:33:25.499
2023,19,Mexico City Grand Prix,23,LEC,01:33:25.499,01:34:49.377
2023,19,Mexico City Grand Prix,24,LEC,01:34:49.377,01:36:13.163
2023,19,Mexico City Grand Prix,25,LEC,01:36:13.163,01:37:37.104
2023,19,Mexico City Grand Prix,26,LEC,01:37:37.104,01:39:00.813
2023,19,Mexico City Grand Prix,27,LEC,01:39:00.813,01:40:25.077
2023,19,Mexico City Grand Prix,28,LEC,01:40:25.077,01:41:48.767
2023,19,Mexico City Grand Prix,29,LEC,01:41:48.767,01:43:12.627
2023,19,Mexico City Grand Prix,30,LEC,01:43:12.627,01:44:36.758
2023,19,Mexico City Grand Prix,31,LEC,01:44:36.758,01:46:04.682
2023,19,Mexico City Grand Prix,32,VER,01:46:06.293,01:47:29.497
2023,19,Mexico City Grand Prix,33,VER,01:47:29.497,01:49:05.161
2023,19,Mexico City Grand Prix,34,VER,01:49:05.161,01:52:00.272
2023,19,Mexico City Grand Prix,35,VER,02:12:00.23,02:14:10.007
2023,19,Mexico City Grand Prix,36,VER,02:14:10.007,02:16:51.017
2023,19,Mexico City Grand Prix,37,VER,02:16:51.017,02:18:13.488
2023,19,Mexico City Grand Prix,38,VER,02:18:13.488,02:19:35.673
2023,19,Mexico City Grand Prix,39,VER,02:19:35.673,02:20:57.732
2023,19,Mexico City Grand Prix,40,VER,02:20:57.732,02:22:19.376
2023,19,Mexico City Grand Prix,41,VER,02:22:19.376,02:23:41.163
2023,19,Mexico City Grand Prix,42,VER,02:23:41.163,02:25:03.149
2023,19,Mexico City Grand Prix,43,VER,02:25:03.149,02:26:25.19
2023,19,Mexico City Grand Prix,44,VER,02:26:25.19,02:27:47.258
2023,19,Mexico City Grand Prix,45,VER,02:27:47.258,02:29:09.387
2023,19,Mexico City Grand Prix,46,VER,02:29:09.387,02:30:31.492
2023,19,Mexico City Grand Prix,47,VER,02:30:31.492,02:31:53.552
2023,19,Mexico City Grand Prix,48,VER,02:31:53.552,02:33:15.731
2023,19,Mexico City Grand Prix,49,VER,02:33:15.731,02:34:37.903
2023,19,Mexico City Grand Prix,50,VER,02:34:37.903,02:36:00.197
2023,19,Mexico City Grand Prix,51,VER,02:36:00.197,02:37:22.52
2023,19,Mexico City Grand Prix,52,VER,02:37:22.52,02:38:44.856
2023,19,Mexico City Grand Prix,53,VER,02:38:44.856,02:40:07.142
2023,19,Mexico City Grand Prix,54,VER,02:40:07.142,02:41:29.56
2023,19,Mexico City Grand Prix,55,VER,02:41:29.56,02:42:51.981
2023,19,Mexico City Grand Prix,56,VER,02:42:51.981,02:44:14.396
2023,19,Mexico City Grand Prix,57,VER,02:44:14.396,02:45:36.626
2023,19,Mexico City Grand Prix,58,VER,02:45:36.626,02:46:58.996
2023,19,Mexico City Grand Prix,59,VER,02:46:58.996,02:48:21.204
2023,19,Mexico City Grand Prix,60,VER,02:48:21.204,02:49:43.195
2023,19,Mexico City Grand Prix,61,VER,02:49:43.195,02:51:05.295
2023,19,Mexico City Grand Prix,62,VER,02:51:05.295,02:52:27.491
2023,19,Mexico City Grand Prix,63,VER,02:52:27.491,02:53:49.736
2023,19,Mexico City Grand Prix,64,VER,02:53:49.736,02:55:11.936
2023,19,Mexico City Grand Prix,65,VER,02:55:11.936,02:56:34.313
2023,19,Mexico City Grand Prix,66,VER,02:56:34.313,02:57:56.423
2023,19,Mexico City Grand Prix,67,VER,02:57:56.423,02:59:19.197
2023,19,Mexico City Grand Prix,68,VER,02:59:19.197,03:00:41.627
2023,19,Mexico City Grand Prix,69,VER,03:00:41.627,03:02:04.097
2023,19,Mexico City Grand Prix,70,VER,03:02:04.097,03:03:26.464
2023,19,Mexico City Grand Prix,71,VER,03:03:26.464,03:04:49.314
2023,20,São Paulo Grand Prix,1,VER,01:02:22.839,01:04:22.976
2023,20,São Paulo Grand Prix,2,VER,01:04:22.976,01:06:46.332
2023,20,São Paulo Grand Prix,3,VER,01:30:00.364,01:32:11.454
2023,20,São Paulo Grand Prix,4,VER,01:32:11.454,01:34:24.124
2023,20,São Paulo Grand Prix,5,VER,01:34:24.124,01:35:39.869
2023,20,São Paulo Grand Prix,6,VER,01:35:39.869,01:36:55.416
2023,20,São Paulo Grand Prix,7,VER,01:36:55.416,01:38:11.007
2023,20,São Paulo Grand Prix,8,VER,01:38:11.007,01:39:26.871
2023,20,São Paulo Grand Prix,9,VER,01:39:26.871,01:40:43.04
2023,20,São Paulo Grand Prix,10,VER,01:40:43.04,01:41:59.029
2023,20,São Paulo Grand Prix,11,VER,01:41:59.029,01:43:15.301
2023,20,São Paulo Grand Prix,12,VER,01:43:15.301,01:44:31.18
2023,20,São Paulo Grand Prix,13,VER,01:44:31.18,01:45:47.479
2023,20,São Paulo Grand Prix,14,VER,01:45:47.479,01:47:03.559
2023,20,São Paulo Grand Prix,15,VER,01:47:03.559,01:48:19.967
2023,20,São Paulo Grand Prix,16,VER,01:48:19.967,01:49:36.272
2023,20,São Paulo Grand Prix,17,VER,01:49:36.272,01:50:52.442
2023,20,São Paulo Grand Prix,18,VER,01:50:52.442,01:52:08.783
2023,20,São Paulo Grand Prix,19,VER,01:52:08.783,01:53:24.83
2023,20,São Paulo Grand Prix,20,VER,01:53:24.83,01:54:40.826
2023,20,São Paulo Grand Prix,21,VER,01:54:40.826,01:55:57.033
2023,20,São Paulo Grand Prix,22,VER,01:55:57.033,01:57:13.239
2023,20,São Paulo Grand Prix,23,VER,01:57:13.239,01:58:29.265
2023,20,São Paulo Grand Prix,24,VER,01:58:29.265,01:59:45.662
2023,20,São Paulo Grand Prix,25,VER,01:59:45.662,02:01:01.931
2023,20,São Paulo Grand Prix,26,VER,02:01:01.931,02:02:18.366
2023,20,São Paulo Grand Prix,27,VER,02:02:18.366,02:03:38.63
2023,20,São Paulo Grand Prix,28,VER,02:03:38.63,02:05:11.431
2023,20,São Paulo Grand Prix,29,VER,02:05:11.431,02:06:27.144
2023,20,São Paulo Grand Prix,30,VER,02:06:27.144,02:07:42.943
2023,20,São Paulo Grand Prix,31,VER,02:07:42.943,02:08:58.73
2023,20,São Paulo Grand Prix,32,VER,02:08:58.73,02:10:14.169
2023,20,São Paulo Grand Prix,33,VER,02:10:14.169,02:11:29.343
2023,20,São Paulo Grand Prix,34,VER,02:11:29.343,02:12:44.458
2023,20,São Paulo Grand Prix,35,VER,02:12:44.458,02:13:59.615
2023,20,São Paulo Grand Prix,36,VER,02:13:59.615,02:15:14.74
2023,20,São Paulo Grand Prix,37,VER,02:15:14.74,02:16:29.422
2023,20,São Paulo Grand Prix,38,VER,02:16:29.422,02:17:44.376
2023,20,São Paulo Grand Prix,39,VER,02:17:44.376,02:18:59.35
2023,20,São Paulo Grand Prix,40,VER,02:18:59.35,02:20:14.568
2023,20,São Paulo Grand Prix,41,VER,02:20:14.568,02:21:29.923
2023,20,São Paulo Grand Prix,42,VER,02:21:29.923,02:22:45.125
2023,20,São Paulo Grand Prix,43,VER,02:22:45.125,02:24:00.177
2023,20,São Paulo Grand Prix,44,VER,02:24:00.177,02:25:15.497
2023,20,São Paulo Grand Prix,45,VER,02:25:15.497,02:26:30.968
2023,20,São Paulo Grand Prix,46,VER,02:26:30.968,02:27:46.297
2023,20,São Paulo Grand Prix,47,VER,02:27:46.297,02:29:01.659
2023,20,São Paulo Grand Prix,48,VER,02:29:01.659,02:30:17.183
2023,20,São Paulo Grand Prix,49,VER,02:30:17.183,02:31:32.625
2023,20,São Paulo Grand Prix,50,VER,02:31:32.625,02:32:48.061
2023,20,São Paulo Grand Prix,51,VER,02:32:48.061,02:34:03.501
2023,20,São Paulo Grand Prix,52,VER,02:34:03.501,02:35:18.891
2023,20,São Paulo Grand Prix,53,VER,02:35:18.891,02:36:34.197
2023,20,São Paulo Grand Prix,54,VER,02:36:34.197,02:37:49.585
2023,20,São Paulo Grand Prix,55,VER,02:37:49.585,02:39:05.106
2023,20,São Paulo Grand Prix,56,VER,02:39:05.106,02:40:24.415
2023,20,São Paulo Grand Prix,57,NOR,02:40:28.612,02:41:44.241
2023,20,São Paulo Grand Prix,58,NOR,02:41:44.241,02:43:00.054
2023,20,São Paulo Grand Prix,59,NOR,02:43:00.054,02:44:19.85
2023,20,São Paulo Grand Prix,60,VER,02:44:23.866,02:45:38.131
2023,20,São Paulo Grand Prix,61,VER,02:45:38.131,02:46:52.715
2023,20,São Paulo Grand Prix,62,VER,02:46:52.715,02:48:07.227
2023,20,São Paulo Grand Prix,63,VER,02:48:07.227,02:49:21.576
2023,20,São Paulo Grand Prix,64,VER,02:49:21.576,02:50:35.669
2023,20,São Paulo Grand Prix,65,VER,02:50:35.669,02:51:49.685
2023,20,São Paulo Grand Prix,66,VER,02:51:49.685,02:53:03.451
2023,20,São Paulo Grand Prix,67,VER,02:53:03.451,02:54:16.981
2023,20,São Paulo Grand Prix,68,VER,02:54:16.981,02:55:30.403
2023,20,São Paulo Grand Prix,69,VER,02:55:30.403,02:56:44.462
2023,20,São Paulo Grand Prix,70,VER,02:56:44.462,02:57:58.03
2023,20,São Paulo Grand Prix,71,VER,02:57:58.03,02:59:11.965
2023,21,Las Vegas Grand Prix,1,VER,00:14:02.793,00:15:48.731
2023,21,Las Vegas Grand Prix,2,VER,00:15:48.731,00:18:01.742
2023,21,Las Vegas Grand Prix,3,VER,00:18:01.742,00:19:51.73
2023,21,Las Vegas Grand Prix,4,VER,00:19:51.73,00:22:57.526
2023,21,Las Vegas Grand Prix,5,VER,00:22:57.526,00:25:45.176
2023,21,Las Vegas Grand Prix,6,VER,00:25:45.176,00:28:26.574
2023,21,Las Vegas Grand Prix,7,VER,00:28:26.574,00:30:07.359
2023,21,Las Vegas Grand Prix,8,VER,00:30:07.359,00:31:47.501
2023,21,Las Vegas Grand Prix,9,VER,00:31:47.501,00:33:27.17
2023,21,Las Vegas Grand Prix,10,VER,00:33:27.17,00:35:06.654
2023,21,Las Vegas Grand Prix,11,VER,00:35:06.654,00:36:45.417
2023,21,Las Vegas Grand Prix,12,VER,00:36:45.417,00:38:24.19
2023,21,Las Vegas Grand Prix,13,VER,00:38:24.19,00:40:02.949
2023,21,Las Vegas Grand Prix,14,VER,00:40:02.949,00:41:41.891
2023,21,Las Vegas Grand Prix,15,VER,00:41:41.891,00:43:21.368
2023,21,Las Vegas Grand Prix,16,LEC,00:43:21.961,00:45:01.449
2023,21,Las Vegas Grand Prix,17,LEC,00:45:01.449,00:46:39.556
2023,21,Las Vegas Grand Prix,18,LEC,00:46:39.556,00:48:18.55
2023,21,Las Vegas Grand Prix,19,LEC,00:48:18.55,00:49:57.068
2023,21,Las Vegas Grand Prix,20,LEC,00:49:57.068,00:51:36.124
2023,21,Las Vegas Grand Prix,21,LEC,00:51:36.124,00:53:19.504
2023,21,Las Vegas Grand Prix,22,PER,00:53:28.073,00:55:06.264
2023,21,Las Vegas Grand Prix,23,PER,00:55:06.264,00:56:44.581
2023,21,Las Vegas Grand Prix,24,PER,00:56:44.581,00:58:22.55
2023,21,Las Vegas Grand Prix,25,PER,00:58:22.55,01:00:00.909
2023,21,Las Vegas Grand Prix,26,PER,01:00:00.909,01:01:53.728
2023,21,Las Vegas Grand Prix,27,LEC,01:02:01.904,01:04:56.378
2023,21,Las Vegas Grand Prix,28,LEC,01:04:56.378,01:07:43.017
2023,21,Las Vegas Grand Prix,29,LEC,01:07:43.017,01:09:22.689
2023,21,Las Vegas Grand Prix,30,LEC,01:09:22.689,01:11:00.917
2023,21,Las Vegas Grand Prix,31,LEC,01:11:00.917,01:12:38.144
2023,21,Las Vegas Grand Prix,32,PER,01:12:38.546,01:14:15.722
2023,21,Las Vegas Grand Prix,33,PER,01:14:15.722,01:15:52.734
2023,21,Las Vegas Grand Prix,34,PER,01:15:52.734,01:17:29.56
2023,21,Las Vegas Grand Prix,35,LEC,01:17:30.303,01:19:06.95
2023,21,Las Vegas Grand Prix,36,LEC,01:19:06.95,01:20:43.512
2023,21,Las Vegas Grand Prix,37,VER,01:20:44.141,01:22:20.801
2023,21,Las Vegas Grand Prix,38,VER,01:22:20.801,01:23:56.901
2023,21,Las Vegas Grand Prix,39,VER,01:23:56.901,01:25:32.839
2023,21,Las Vegas Grand Prix,40,VER,01:25:32.839,01:27:08.836
2023,21,Las Vegas Grand Prix,41,VER,01:27:08.836,01:28:44.756
2023,21,Las Vegas Grand Prix,42,VER,01:28:44.756,01:30:20.968
2023,21,Las Vegas Grand Prix,43,VER,01:30:20.968,01:31:56.951
2023,21,Las Vegas Grand Prix,44,VER,01:31:56.951,01:33:32.565
2023,21,Las Vegas Grand Prix,45,VER,01:33:32.565,01:35:08.432
2023,21,Las Vegas Grand Prix,46,VER,01:35:08.432,01:36:44.328
2023,21,Las Vegas Grand Prix,47,VER,01:36:44.328,01:38:20.207
2023,21,Las Vegas Grand Prix,48,VER,01:38:20.207,01:39:56.704
2023,21,Las Vegas Grand Prix,49,VER,01:39:56.704,01:41:33.654
2023,21,Las Vegas Grand Prix,50,VER,01:41:33.654,01:43:11.291
2023,22,Abu Dhabi Grand Prix,1,VER,01:02:24.519,01:03:56.965
2023,22,Abu Dhabi Grand Prix,2,VER,01:03:56.965,01:05:27.675
2023,22,Abu Dhabi Grand Prix,3,VER,01:05:27.675,01:06:58.083
2023,22,Abu Dhabi Grand Prix,4,VER,01:06:58.083,01:08:28.799
2023,22,Abu Dhabi Grand Prix,5,VER,01:08:28.799,01:09:59.351
2023,22,Abu Dhabi Grand Prix,6,VER,01:09:59.351,01:11:29.791
2023,22,Abu Dhabi Grand Prix,7,VER,01:11:29.791,01:13:00.32
2023,22,Abu Dhabi Grand Prix,8,VER,01:13:00.32,01:14:30.836
2023,22,Abu Dhabi Grand Prix,9,VER,01:14:30.836,01:16:01.468
2023,22,Abu Dhabi Grand Prix,10,VER,01:16:01.468,01:17:31.974
2023,22,Abu Dhabi Grand Prix,11,VER,01:17:31.974,01:19:02.535
2023,22,Abu Dhabi Grand Prix,12,VER,01:19:02.535,01:20:33.125
2023,22,Abu Dhabi Grand Prix,13,VER,01:20:33.125,01:22:03.686
2023,22,Abu Dhabi Grand Prix,14,VER,01:22:03.686,01:23:34.333
2023,22,Abu Dhabi Grand Prix,15,VER,01:23:34.333,01:25:04.6
2023,22,Abu Dhabi Grand Prix,16,VER,01:25:04.6,01:26:37.158
2023,22,Abu Dhabi Grand Prix,17,LEC,01:26:37.356,01:28:09.824
2023,22,Abu Dhabi Grand Prix,18,TSU,01:28:16.871,01:29:48.115
2023,22,Abu Dhabi Grand Prix,19,TSU,01:29:48.115,01:31:19.568
2023,22,Abu Dhabi Grand Prix,20,TSU,01:31:19.568,01:32:50.779
2023,22,Abu Dhabi Grand Prix,21,TSU,01:32:50.779,01:34:21.913
2023,22,Abu Dhabi Grand Prix,22,TSU,01:34:21.913,01:35:54.48
2023,22,Abu Dhabi Grand Prix,23,VER,01:35:55.072,01:37:24.706
2023,22,Abu Dhabi Grand Prix,24,VER,01:37:24.706,01:38:53.999
2023,22,Abu Dhabi Grand Prix,25,VER,01:38:53.999,01:40:23.4
2023,22,Abu Dhabi Grand Prix,26,VER,01:40:23.4,01:41:52.689
2023,22,Abu Dhabi Grand Prix,27,VER,01:41:52.689,01:43:21.845
2023,22,Abu Dhabi Grand Prix,28,VER,01:43:21.845,01:44:51.062
2023,22,Abu Dhabi Grand Prix,29,VER,01:44:51.062,01:46:20.245
2023,22,Abu Dhabi Grand Prix,30,VER,01:46:20.245,01:47:49.511
2023,22,Abu Dhabi Grand Prix,31,VER,01:47:49.511,01:49:18.66
2023,22,Abu Dhabi Grand Prix,32,VER,01:49:18.66,01:50:47.76
2023,22,Abu Dhabi Grand Prix,33,VER,01:50:47.76,01:52:16.897
2023,22,Abu Dhabi Grand Prix,34,VER,01:52:16.897,01:53:45.974
2023,22,Abu Dhabi Grand Prix,35,VER,01:53:45.974,01:55:15.122
2023,22,Abu Dhabi Grand Prix,36,VER,01:55:15.122,01:56:44.024
2023,22,Abu Dhabi Grand Prix,37,VER,01:56:44.024,01:58:12.934
2023,22,Abu Dhabi Grand Prix,38,VER,01:58:12.934,01:59:42.007
2023,22,Abu Dhabi Grand Prix,39,VER,01:59:42.007,02:01:10.856
2023,22,Abu Dhabi Grand Prix,40,VER,02:01:10.856,02:02:39.909
2023,22,Abu Dhabi Grand Prix,41,VER,02:02:39.909,02:04:08.912
2023,22,Abu Dhabi Grand Prix,42,VER,02:04:08.912,02:05:37.994
2023,22,Abu Dhabi Grand Prix,43,VER,02:05:37.994,02:07:09.385
2023,22,Abu Dhabi Grand Prix,44,VER,02:07:09.385,02:08:57.555
2023,22,Abu Dhabi Grand Prix,45,VER,02:08:57.555,02:10:24.548
2023,22,Abu Dhabi Grand Prix,46,VER,02:10:24.548,02:11:52.45
2023,22,Abu Dhabi Grand Prix,47,VER,02:11:52.45,02:13:20.412
2023,22,Abu Dhabi Grand Prix,48,VER,02:13:20.412,02:14:48.38
2023,22,Abu Dhabi Grand Prix,49,VER,02:14:48.38,02:16:16.281
2023,22,Abu Dhabi Grand Prix,50,VER,02:16:16.281,02:17:44.321
2023,22,Abu Dhabi Grand Prix,51,VER,02:17:44.321,02:19:12.17
2023,22,Abu Dhabi Grand Prix,52,VER,02:19:12.17,02:20:40.021
2023,22,Abu Dhabi Grand Prix,53,VER,02:20:40.021,02:22:07.704
2023,22,Abu Dhabi Grand Prix,54,VER,02:22:07.704,02:23:35.217
2023,22,Abu Dhabi Grand Prix,55,VER,02:23:35.217,02:25:03.147
2023,22,Abu Dhabi Grand Prix,56,VER,02:25:03.147,02:26:30.874
2023,22,Abu Dhabi Grand Prix,57,VER,02:26:30.874,02:27:58.854
2023,22,Abu Dhabi Grand Prix,58,VER,02:27:58.854,02:29:27.399
2024,1,Bahrain Grand Prix,1,VER,00:59:59.911,01:01:37.489
2024,1,Bahrain Grand Prix,2,VER,01:01:37.489,01:03:13.785
2024,1,Bahrain Grand Prix,3,VER,01:03:13.785,01:04:50.538
2024,1,Bahrain Grand Prix,4,VER,01:04:50.538,01:06:27.185
2024,1,Bahrain Grand Prix,5,VER,01:06:27.185,01:08:04.358
2024,1,Bahrain Grand Prix,6,VER,01:08:04.358,01:09:41.45
2024,1,Bahrain Grand Prix,7,VER,01:09:41.45,01:11:18.488
2024,1,Bahrain Grand Prix,8,VER,01:11:18.488,01:12:55.512
2024,1,Bahrain Grand Prix,9,VER,01:12:55.512,01:14:32.741
2024,1,Bahrain Grand Prix,10,VER,01:14:32.741,01:16:09.701
2024,1,Bahrain Grand Prix,11,VER,01:16:09.701,01:17:46.786
2024,1,Bahrain Grand Prix,12,VER,01:17:46.786,01:19:23.831
2024,1,Bahrain Grand Prix,13,VER,01:19:23.831,01:21:00.861
2024,1,Bahrain Grand Prix,14,VER,01:21:00.861,01:22:37.889
2024,1,Bahrain Grand Prix,15,VER,01:22:37.889,01:24:14.9
2024,1,Bahrain Grand Prix,16,VER,01:24:14.9,01:25:52.068
2024,1,Bahrain Grand Prix,17,VER,01:25:52.068,01:27:31.964
2024,1,Bahrain Grand Prix,18,VER,01:27:31.964,01:29:29.818
2024,1,Bahrain Grand Prix,19,VER,01:29:29.818,01:31:05.101
2024,1,Bahrain Grand Prix,20,VER,01:31:05.101,01:32:40.261
2024,1,Bahrain Grand Prix,21,VER,01:32:40.261,01:34:15.577
2024,1,Bahrain Grand Prix,22,VER,01:34:15.577,01:35:50.781
2024,1,Bahrain Grand Prix,23,VER,01:35:50.781,01:37:25.997
2024,1,Bahrain Grand Prix,24,VER,01:37:25.997,01:39:01.286
2024,1,Bahrain Grand Prix,25,VER,01:39:01.286,01:40:36.628
2024,1,Bahrain Grand Prix,26,VER,01:40:36.628,01:42:11.851
2024,1,Bahrain Grand Prix,27,VER,01:42:11.851,01:43:47.432
2024,1,Bahrain Grand Prix,28,VER,01:43:47.432,01:45:22.909
2024,1,Bahrain Grand Prix,29,VER,01:45:22.909,01:46:58.702
2024,1,Bahrain Grand Prix,30,VER,01:46:58.702,01:48:34.473
2024,1,Bahrain Grand Prix,31,VER,01:48:34.473,01:50:10.152
2024,1,Bahrain Grand Prix,32,VER,01:50:10.152,01:51:46.038
2024,1,Bahrain Grand Prix,33,VER,01:51:46.038,01:53:21.901
2024,1,Bahrain Grand Prix,34,VER,01:53:21.901,01:54:58.034
2024,1,Bahrain Grand Prix,35,VER,01:54:58.034,01:56:34.052
2024,1,Bahrain Grand Prix,36,VER,01:56:34.052,01:58:10.257
2024,1,Bahrain Grand Prix,37,VER,01:58:10.257,01:59:49.491
2024,1,Bahrain Grand Prix,38,VER,01:59:49.491,02:01:45.936
2024,1,Bahrain Grand Prix,39,VER,02:01:45.936,02:03:18.544
2024,1,Bahrain Grand Prix,40,VER,02:03:18.544,02:04:55.133
2024,1,Bahrain Grand Prix,41,VER,02:04:55.133,02:06:30.423
2024,1,Bahrain Grand Prix,42,VER,02:06:30.423,02:08:05.09
2024,1,Bahrain Grand Prix,43,VER,02:08:05.09,02:09:39.241
2024,1,Bahrain Grand Prix,44,VER,02:09:39.241,02:11:13.772
2024,1,Bahrain Grand Prix,45,VER,02:11:13.772,02:12:48.021
2024,1,Bahrain Grand Prix,46,VER,02:12:48.021,02:14:22.214
2024,1,Bahrain Grand Prix,47,VER,02:14:22.214,02:15:56.453
2024,1,Bahrain Grand Prix,48,VER,02:15:56.453,02:17:30.803
2024,1,Bahrain Grand Prix,49,VER,02:17:30.803,02:19:05.206
2024,1,Bahrain Grand Prix,50,VER,02:19:05.206,02:20:39.989
2024,1,Bahrain Grand Prix,51,VER,02:20:39.989,02:22:14.329
2024,1,Bahrain Grand Prix,52,VER,02:22:14.329,02:23:49.235
2024,1,Bahrain Grand Prix,53,VER,02:23:49.235,02:25:24.835
2024,1,Bahrain Grand Prix,54,VER,02:25:24.835,02:27:00.169
2024,1,Bahrain Grand Prix,55,VER,02:27:00.169,02:28:35.353
2024,1,Bahrain Grand Prix,56,VER,02:28:35.353,02:30:10.024
2024,1,Bahrain Grand Prix,57,VER,02:30:10.024,02:31:44.947
2024,2,Saudi Arabian Grand Prix,1,VER,00:59:43.836,01:01:19.63
2024,2,Saudi Arabian Grand Prix,2,VER,01:01:19.63,01:02:53.835
2024,2,Saudi Arabian Grand Prix,3,VER,01:02:53.835,01:04:27.878
2024,2,Saudi Arabian Grand Prix,4,VER,01:04:27.878,01:06:01.632
2024,2,Saudi Arabian Grand Prix,5,VER,01:06:01.632,01:07:35.587
2024,2,Saudi Arabian Grand Prix,6,VER,01:07:35.587,01:09:09.263
2024,2,Saudi Arabian Grand Prix,7,VER,01:09:09.263,01:11:12.182
2024,2,Saudi Arabian Grand Prix,8,NOR,01:11:26.214,01:14:20.245
2024,2,Saudi Arabian Grand Prix,9,NOR,01:14:20.245,01:17:01.98
2024,2,Saudi Arabian Grand Prix,10,NOR,01:17:01.98,01:18:36.332
2024,2,Saudi Arabian Grand Prix,11,NOR,01:18:36.332,01:20:10.006
2024,2,Saudi Arabian Grand Prix,12,NOR,01:20:10.006,01:21:43.883
2024,2,Saudi Arabian Grand Prix,13,VER,01:21:44.204,01:23:17.348
2024,2,Saudi Arabian Grand Prix,14,VER,01:23:17.348,01:24:50.542
2024,2,Saudi Arabian Grand Prix,15,VER,01:24:50.542,01:26:24.054
2024,2,Saudi Arabian Grand Prix,16,VER,01:26:24.054,01:27:57.246
2024,2,Saudi Arabian Grand Prix,17,VER,01:27:57.246,01:29:30.305
2024,2,Saudi Arabian Grand Prix,18,VER,01:29:30.305,01:31:03.444
2024,2,Saudi Arabian Grand Prix,19,VER,01:31:03.444,01:32:36.579
2024,2,Saudi Arabian Grand Prix,20,VER,01:32:36.579,01:34:09.645
2024,2,Saudi Arabian Grand Prix,21,VER,01:34:09.645,01:35:42.578
2024,2,Saudi Arabian Grand Prix,22,VER,01:35:42.578,01:37:15.558
2024,2,Saudi Arabian Grand Prix,23,VER,01:37:15.558,01:38:48.35
2024,2,Saudi Arabian Grand Prix,24,VER,01:38:48.35,01:40:21.033
2024,2,Saudi Arabian Grand Prix,25,VER,01:40:21.033,01:41:53.818
2024,2,Saudi Arabian Grand Prix,26,VER,01:41:53.818,01:43:26.379
2024,2,Saudi Arabian Grand Prix,27,VER,01:43:26.379,01:44:59.101
2024,2,Saudi Arabian Grand Prix,28,VER,01:44:59.101,01:46:31.775
2024,2,Saudi Arabian Grand Prix,29,VER,01:46:31.775,01:48:04.527
2024,2,Saudi Arabian Grand Prix,30,VER,01:48:04.527,01:49:37.128
2024,2,Saudi Arabian Grand Prix,31,VER,01:49:37.128,01:51:09.582
2024,2,Saudi Arabian Grand Prix,32,VER,01:51:09.582,01:52:42.127
2024,2,Saudi Arabian Grand Prix,33,VER,01:52:42.127,01:54:14.436
2024,2,Saudi Arabian Grand Prix,34,VER,01:54:14.436,01:55:46.994
2024,2,Saudi Arabian Grand Prix,35,VER,01:55:46.994,01:57:19.53
2024,2,Saudi Arabian Grand Prix,36,VER,01:57:19.53,01:58:51.943
2024,2,Saudi Arabian Grand Prix,37,VER,01:58:51.943,02:00:24.355
2024,2,Saudi Arabian Grand Prix,38,VER,02:00:24.355,02:01:56.651
2024,2,Saudi Arabian Grand Prix,39,VER,02:01:56.651,02:03:28.646
2024,2,Saudi Arabian Grand Prix,40,VER,02:03:28.646,02:05:01.201
2024,2,Saudi Arabian Grand Prix,41,VER,02:05:01.201,02:06:33.692
2024,2,Saudi Arabian Grand Prix,42,VER,02:06:33.692,02:08:06.705
2024,2,Saudi Arabian Grand Prix,43,VER,02:08:06.705,02:09:39.828
2024,2,Saudi Arabian Grand Prix,44,VER,02:09:39.828,02:11:12.205
2024,2,Saudi Arabian Grand Prix,45,VER,02:11:12.205,02:12:45.215
2024,2,Saudi Arabian Grand Prix,46,VER,02:12:45.215,02:14:18.104
2024,2,Saudi Arabian Grand Prix,47,VER,02:14:18.104,02:15:50.888
2024,2,Saudi Arabian Grand Prix,48,VER,02:15:50.888,02:17:23.451
2024,2,Saudi Arabian Grand Prix,49,VER,02:17:23.451,02:18:55.614
2024,2,Saudi Arabian Grand Prix,50,VER,02:18:55.614,02:20:27.387
2024,3,Australian Grand Prix,1,VER,00:58:29.232,00:59:56.944
2024,3,Australian Grand Prix,2,SAI,00:59:57.861,01:01:20.461
2024,3,Australian Grand Prix,3,SAI,01:01:20.461,01:02:43.467
2024,3,Australian Grand Prix,4,SAI,01:02:43.467,01:04:05.9
2024,3,Australian Grand Prix,5,SAI,01:04:05.9,01:05:28.529
2024,3,Australian Grand Prix,6,SAI,01:05:28.529,01:06:51.101
2024,3,Australian Grand Prix,7,SAI,01:06:51.101,01:08:13.535
2024,3,Australian Grand Prix,8,SAI,01:08:13.535,01:09:35.838
2024,3,Australian Grand Prix,9,SAI,01:09:35.838,01:10:57.863
2024,3,Australian Grand Prix,10,SAI,01:10:57.863,01:12:19.578
2024,3,Australian Grand Prix,11,SAI,01:12:19.578,01:13:41.516
2024,3,Australian Grand Prix,12,SAI,01:13:41.516,01:15:03.691
2024,3,Australian Grand Prix,13,SAI,01:15:03.691,01:16:25.896
2024,3,Australian Grand Prix,14,SAI,01:16:25.896,01:17:48.383
2024,3,Australian Grand Prix,15,SAI,01:17:48.383,01:19:11.003
2024,3,Australian Grand Prix,16,SAI,01:19:11.003,01:20:47.313
2024,3,Australian Grand Prix,17,SAI,01:20:47.313,01:22:31.078
2024,3,Australian Grand Prix,18,SAI,01:22:31.078,01:24:01.008
2024,3,Australian Grand Prix,19,SAI,01:24:01.008,01:25:22.819
2024,3,Australian Grand Prix,20,SAI,01:25:22.819,01:26:44.421
2024,3,Australian Grand Prix,21,SAI,01:26:44.421,01:28:06.352
2024,3,Australian Grand Prix,22,SAI,01:28:06.352,01:29:27.823
2024,3,Australian Grand Prix,23,SAI,01:29:27.823,01:30:49.354
2024,3,Australian Grand Prix,24,SAI,01:30:49.354,01:32:10.812
2024,3,Australian Grand Prix,25,SAI,01:32:10.812,01:33:32.055
2024,3,Australian Grand Prix,26,SAI,01:33:32.055,01:34:53.133
2024,3,Australian Grand Prix,27,SAI,01:34:53.133,01:36:14.59
2024,3,Australian Grand Prix,28,SAI,01:36:14.59,01:37:36.03
2024,3,Australian Grand Prix,29,SAI,01:37:36.03,01:38:57.519
2024,3,Australian Grand Prix,30,SAI,01:38:57.519,01:40:19.142
2024,3,Australian Grand Prix,31,SAI,01:40:19.142,01:41:40.424
2024,3,Australian Grand Prix,32,SAI,01:41:40.424,01:43:01.629
2024,3,Australian Grand Prix,33,SAI,01:43:01.629,01:44:23.124
2024,3,Australian Grand Prix,34,SAI,01:44:23.124,01:45:44.841
2024,3,Australian Grand Prix,35,SAI,01:45:44.841,01:47:06.562
2024,3,Australian Grand Prix,36,SAI,01:47:06.562,01:48:28.58
2024,3,Australian Grand Prix,37,SAI,01:48:28.58,01:49:50.551
2024,3,Australian Grand Prix,38,SAI,01:49:50.551,01:51:11.963
2024,3,Australian Grand Prix,39,SAI,01:51:11.963,01:52:33.517
2024,3,Australian Grand Prix,40,SAI,01:52:33.517,01:53:54.96
2024,3,Australian Grand Prix,41,SAI,01:53:54.96,01:55:30.47
2024,3,Australian Grand Prix,42,SAI,01:55:30.47,01:56:57.685
2024,3,Australian Grand Prix,43,SAI,01:56:57.685,01:58:18.415
2024,3,Australian Grand Prix,44,SAI,01:58:18.415,01:59:39.182
2024,3,Australian Grand Prix,45,SAI,01:59:39.182,02:00:59.405
2024,3,Australian Grand Prix,46,SAI,02:00:59.405,02:02:19.779
2024,3,Australian Grand Prix,47,SAI,02:02:19.779,02:03:39.982
2024,3,Australian Grand Prix,48,SAI,02:03:39.982,02:05:00.013
2024,3,Australian Grand Prix,49,SAI,02:05:00.013,02:06:20.294
2024,3,Australian Grand Prix,50,SAI,02:06:20.294,02:07:40.744
2024,3,Australian Grand Prix,51,SAI,02:07:40.744,02:09:00.827
2024,3,Australian Grand Prix,52,SAI,02:09:00.827,02:10:21.036
2024,3,Australian Grand Prix,53,SAI,02:10:21.036,02:11:41.651
2024,3,Australian Grand Prix,54,SAI,02:11:41.651,02:13:02.233
2024,3,Australian Grand Prix,55,SAI,02:13:02.233,02:14:22.986
2024,3,Australian Grand Prix,56,SAI,02:14:22.986,02:15:44.084
2024,3,Australian Grand Prix,57,SAI,02:15:44.084,02:17:04.966
2024,3,Australian Grand Prix,58,SAI,02:17:04.966,02:18:56.329
2024,4,Japanese Grand Prix,1,VER,01:02:40.422,01:04:51.506
2024,4,Japanese Grand Prix,2,VER,01:30:58.774,01:33:22.63
2024,4,Japanese Grand Prix,3,VER,01:33:22.63,01:36:15.449
2024,4,Japanese Grand Prix,4,VER,01:36:15.449,01:37:51.921
2024,4,Japanese Grand Prix,5,VER,01:37:51.921,01:39:28.358
2024,4,Japanese Grand Prix,6,VER,01:39:28.358,01:41:05.213
2024,4,Japanese Grand Prix,7,VER,01:41:05.213,01:42:42.183
2024,4,Japanese Grand Prix,8,VER,01:42:42.183,01:44:19.512
2024,4,Japanese Grand Prix,9,VER,01:44:19.512,01:45:56.69
2024,4,Japanese Grand Prix,10,VER,01:45:56.69,01:47:34.28
2024,4,Japanese Grand Prix,11,VER,01:47:34.28,01:49:12.054
2024,4,Japanese Grand Prix,12,VER,01:49:12.054,01:50:49.807
2024,4,Japanese Grand Prix,13,VER,01:50:49.807,01:52:27.534
2024,4,Japanese Grand Prix,14,VER,01:52:27.534,01:54:05.444
2024,4,Japanese Grand Prix,15,VER,01:54:05.444,01:55:43.298
2024,4,Japanese Grand Prix,16,VER,01:55:43.298,01:57:23.57
2024,4,Japanese Grand Prix,17,LEC,01:57:38.528,01:59:16.384
2024,4,Japanese Grand Prix,18,LEC,01:59:16.384,02:00:54.144
2024,4,Japanese Grand Prix,19,LEC,02:00:54.144,02:02:31.667
2024,4,Japanese Grand Prix,20,LEC,02:02:31.667,02:04:09.147
2024,4,Japanese Grand Prix,21,VER,02:04:09.524,02:05:45.141
2024,4,Japanese Grand Prix,22,VER,02:05:45.141,02:07:21.525
2024,4,Japanese Grand Prix,23,VER,02:07:21.525,02:08:57.73
2024,4,Japanese Grand Prix,24,VER,02:08:57.73,02:10:34.262
2024,4,Japanese Grand Prix,25,VER,02:10:34.262,02:12:10.599
2024,4,Japanese Grand Prix,26,VER,02:12:10.599,02:13:47.036
2024,4,Japanese Grand Prix,27,VER,02:13:47.036,02:15:23.69
2024,4,Japanese Grand Prix,28,VER,02:15:23.69,02:17:00.186
2024,4,Japanese Grand Prix,29,VER,02:17:00.186,02:18:36.841
2024,4,Japanese Grand Prix,30,VER,02:18:36.841,02:20:13.69
2024,4,Japanese Grand Prix,31,VER,02:20:13.69,02:21:50.451
2024,4,Japanese Grand Prix,32,VER,02:21:50.451,02:23:27.371
2024,4,Japanese Grand Prix,33,VER,02:23:27.371,02:25:04.419
2024,4,Japanese Grand Prix,34,VER,02:25:04.419,02:26:43.645
2024,4,Japanese Grand Prix,35,SAI,02:26:58.156,02:28:35.104
2024,4,Japanese Grand Prix,36,VER,02:28:39.148,02:30:13.767
2024,4,Japanese Grand Prix,37,VER,02:30:13.767,02:31:48.737
2024,4,Japanese Grand Prix,38,VER,02:31:48.737,02:33:23.723
2024,4,Japanese Grand Prix,39,VER,02:33:23.723,02:34:58.217
2024,4,Japanese Grand Prix,40,VER,02:34:58.217,02:36:32.56
2024,4,Japanese Grand Prix,41,VER,02:36:32.56,02:38:06.833
2024,4,Japanese Grand Prix,42,VER,02:38:06.833,02:39:41.798
2024,4,Japanese Grand Prix,43,VER,02:39:41.798,02:41:16.101
2024,4,Japanese Grand Prix,44,VER,02:41:16.101,02:42:50.556
2024,4,Japanese Grand Prix,45,VER,02:42:50.556,02:44:25.162
2024,4,Japanese Grand Prix,46,VER,02:44:25.162,02:45:59.772
2024,4,Japanese Grand Prix,47,VER,02:45:59.772,02:47:34.885
2024,4,Japanese Grand Prix,48,VER,02:47:34.885,02:49:10.635
2024,4,Japanese Grand Prix,49,VER,02:49:10.635,02:50:45.52
2024,4,Japanese Grand Prix,50,VER,02:50:45.52,02:52:19.226
2024,4,Japanese Grand Prix,51,VER,02:52:19.226,02:53:53.994
2024,4,Japanese Grand Prix,52,VER,02:53:53.994,02:55:28.964
2024,4,Japanese Grand Prix,53,VER,02:55:28.964,02:57:04.227
2024,5,Chinese Grand Prix,1,VER,00:55:18.169,00:56:59.963
2024,5,Chinese Grand Prix,2,VER,00:56:59.963,00:58:40.066
2024,5,Chinese Grand Prix,3,VER,00:58:40.066,01:00:20.56
2024,5,Chinese Grand Prix,4,VER,01:00:20.56,01:02:01.133
2024,5,Chinese Grand Prix,5,VER,01:02:01.133,01:03:42.052
2024,5,Chinese Grand Prix,6,VER,01:03:42.052,01:05:23.199
2024,5,Chinese Grand Prix,7,VER,01:05:23.199,01:07:04.317
2024,5,Chinese Grand Prix,8,VER,01:07:04.317,01:08:45.427
2024,5,Chinese Grand Prix,9,VER,01:08:45.427,01:10:26.582
2024,5,Chinese Grand Prix,10,VER,01:10:26.582,01:12:08.006
2024,5,Chinese Grand Prix,11,VER,01:12:08.006,01:13:49.407
2024,5,Chinese Grand Prix,12,VER,01:13:49.407,01:15:30.725
2024,5,Chinese Grand Prix,13,VER,01:15:30.725,01:17:17.251
2024,5,Chinese Grand Prix,14,NOR,01:17:24.568,01:19:06.224
2024,5,Chinese Grand Prix,15,NOR,01:19:06.224,01:20:48.264
2024,5,Chinese Grand Prix,16,NOR,01:20:48.264,01:22:30.059
2024,5,Chinese Grand Prix,17,NOR,01:22:30.059,01:24:11.759
2024,5,Chinese Grand Prix,18,NOR,01:24:11.759,01:25:53.753
2024,5,Chinese Grand Prix,19,VER,01:25:55.49,01:27:35.629
2024,5,Chinese Grand Prix,20,VER,01:27:35.629,01:29:15.71
2024,5,Chinese Grand Prix,21,VER,01:29:15.71,01:30:56.2
2024,5,Chinese Grand Prix,22,VER,01:30:56.2,01:33:10.496
2024,5,Chinese Grand Prix,23,VER,01:33:10.496,01:35:28.434
2024,5,Chinese Grand Prix,24,VER,01:35:28.434,01:38:14.743
2024,5,Chinese Grand Prix,25,VER,01:38:14.743,01:40:39.793
2024,5,Chinese Grand Prix,26,VER,01:40:39.793,01:43:17.156
2024,5,Chinese Grand Prix,27,VER,01:43:17.156,01:45:04.279
2024,5,Chinese Grand Prix,28,VER,01:45:04.279,01:47:35.67
2024,5,Chinese Grand Prix,29,VER,01:47:35.67,01:50:02.24
2024,5,Chinese Grand Prix,30,VER,01:50:02.24,01:52:22.358
2024,5,Chinese Grand Prix,31,VER,01:52:22.358,01:54:51.128
2024,5,Chinese Grand Prix,32,VER,01:54:51.128,01:56:29.732
2024,5,Chinese Grand Prix,33,VER,01:56:29.732,01:58:08.138
2024,5,Chinese Grand Prix,34,VER,01:58:08.138,01:59:46.564
2024,5,Chinese Grand Prix,35,VER,01:59:46.564,02:01:25.329
2024,5,Chinese Grand Prix,36,VER,02:01:25.329,02:03:04.154
2024,5,Chinese Grand Prix,37,VER,02:03:04.154,02:04:42.955
2024,5,Chinese Grand Prix,38,VER,02:04:42.955,02:06:21.81
2024,5,Chinese Grand Prix,39,VER,02:06:21.81,02:08:00.552
2024,5,Chinese Grand Prix,40,VER,02:08:00.552,02:09:39.508
2024,5,Chinese Grand Prix,41,VER,02:09:39.508,02:11:18.575
2024,5,Chinese Grand Prix,42,VER,02:11:18.575,02:12:57.802
2024,5,Chinese Grand Prix,43,VER,02:12:57.802,02:14:37.026
2024,5,Chinese Grand Prix,44,VER,02:14:37.026,02:16:16.331
2024,5,Chinese Grand Prix,45,VER,02:16:16.331,02:17:55.547
2024,5,Chinese Grand Prix,46,VER,02:17:55.547,02:19:34.98
2024,5,Chinese Grand Prix,47,VER,02:19:34.98,02:21:14.402
2024,5,Chinese Grand Prix,48,VER,02:21:14.402,02:22:53.727
2024,5,Chinese Grand Prix,49,VER,02:22:53.727,02:24:33.077
2024,5,Chinese Grand Prix,50,VER,02:24:33.077,02:26:12.522
2024,5,Chinese Grand Prix,51,VER,02:26:12.522,02:27:51.798
2024,5,Chinese Grand Prix,52,VER,02:27:51.798,02:29:31.492
2024,5,Chinese Grand Prix,53,VER,02:29:31.492,02:31:11.146
2024,5,Chinese Grand Prix,54,VER,02:31:11.146,02:32:50.919
2024,5,Chinese Grand Prix,55,VER,02:32:50.919,02:34:30.724
2024,5,Chinese Grand Prix,56,VER,02:34:30.724,02:36:10.977
2024,6,Miami Grand Prix,1,VER,00:55:43.028,00:57:17.644
2024,6,Miami Grand Prix,2,VER,00:57:17.644,00:58:50.737
2024,6,Miami Grand Prix,3,VER,00:58:50.737,01:00:23.874
2024,6,Miami Grand Prix,4,VER,01:00:23.874,01:01:57.378
2024,6,Miami Grand Prix,5,VER,01:01:57.378,01:03:30.212
2024,6,Miami Grand Prix,6,VER,01:03:30.212,01:05:03.151
2024,6,Miami Grand Prix,7,VER,01:05:03.151,01:06:36.046
2024,6,Miami Grand Prix,8,VER,01:06:36.046,01:08:08.884
2024,6,Miami Grand Prix,9,VER,01:08:08.884,01:09:42.173
2024,6,Miami Grand Prix,10,VER,01:09:42.173,01:11:15.44
2024,6,Miami Grand Prix,11,VER,01:11:15.44,01:12:48.941
2024,6,Miami Grand Prix,12,VER,01:12:48.941,01:14:22.038
2024,6,Miami Grand Prix,13,VER,01:14:22.038,01:15:55.167
2024,6,Miami Grand Prix,14,VER,01:15:55.167,01:17:28.085
2024,6,Miami Grand Prix,15,VER,01:17:28.085,01:19:00.892
2024,6,Miami Grand Prix,16,VER,01:19:00.892,01:20:33.641
2024,6,Miami Grand Prix,17,VER,01:20:33.641,01:22:06.561
2024,6,Miami Grand Prix,18,VER,01:22:06.561,01:23:39.583
2024,6,Miami Grand Prix,19,VER,01:23:39.583,01:25:12.251
2024,6,Miami Grand Prix,20,VER,01:25:12.251,01:26:44.781
2024,6,Miami Grand Prix,21,VER,01:26:44.781,01:28:17.707
2024,6,Miami Grand Prix,22,VER,01:28:17.707,01:29:50.613
2024,6,Miami Grand Prix,23,PIA,01:29:54.154,01:31:41.258
2024,6,Miami Grand Prix,24,PIA,01:31:41.258,01:33:13.713
2024,6,Miami Grand Prix,25,PIA,01:33:13.713,01:34:46.166
2024,6,Miami Grand Prix,26,PIA,01:34:46.166,01:36:18.822
2024,6,Miami Grand Prix,27,NOR,01:36:23.381,01:37:55.543
2024,6,Miami Grand Prix,28,NOR,01:37:55.543,01:39:27.585
2024,6,Miami Grand Prix,29,NOR,01:39:27.585,01:41:40.949
2024,6,Miami Grand Prix,30,NOR,01:41:40.949,01:43:58.964
2024,6,Miami Grand Prix,31,NOR,01:43:58.964,01:45:56.477
2024,6,Miami Grand Prix,32,NOR,01:45:56.477,01:48:33.121
2024,6,Miami Grand Prix,33,NOR,01:48:33.121,01:50:04.278
2024,6,Miami Grand Prix,34,NOR,01:50:04.278,01:51:35.567
2024,6,Miami Grand Prix,35,NOR,01:51:35.567,01:53:06.958
2024,6,Miami Grand Prix,36,NOR,01:53:06.958,01:54:38.091
2024,6,Miami Grand Prix,37,NOR,01:54:38.091,01:56:09.165
2024,6,Miami Grand Prix,38,NOR,01:56:09.165,01:57:40.299
2024,6,Miami Grand Prix,39,NOR,01:57:40.299,01:59:11.491
2024,6,Miami Grand Prix,40,NOR,01:59:11.491,02:00:42.713
2024,6,Miami Grand Prix,41,NOR,02:00:42.713,02:02:13.772
2024,6,Miami Grand Prix,42,NOR,02:02:13.772,02:03:45.112
2024,6,Miami Grand Prix,43,NOR,02:03:45.112,02:05:16.178
2024,6,Miami Grand Prix,44,NOR,02:05:16.178,02:06:47.358
2024,6,Miami Grand Prix,45,NOR,02:06:47.358,02:08:18.426
2024,6,Miami Grand Prix,46,NOR,02:08:18.426,02:09:49.778
2024,6,Miami Grand Prix,47,NOR,02:09:49.778,02:11:21.201
2024,6,Miami Grand Prix,48,NOR,02:11:21.201,02:12:52.336
2024,6,Miami Grand Prix,49,NOR,02:12:52.336,02:14:23.513
2024,6,Miami Grand Prix,50,NOR,02:14:23.513,02:15:54.74
2024,6,Miami Grand Prix,51,NOR,02:15:54.74,02:17:25.82
2024,6,Miami Grand Prix,52,NOR,02:17:25.82,02:18:57.064
2024,6,Miami Grand Prix,53,NOR,02:18:57.064,02:20:28.315
2024,6,Miami Grand Prix,54,NOR,02:20:28.315,02:21:59.591
2024,6,Miami Grand Prix,55,NOR,02:21:59.591,02:23:30.571
2024,6,Miami Grand Prix,56,NOR,02:23:30.571,02:25:01.611
2024,6,Miami Grand Prix,57,NOR,02:25:01.611,02:26:33.186
2024,7,Emilia Romagna Grand Prix,1,VER,00:55:36.608,00:56:59.731
2024,7,Emilia Romagna Grand Prix,2,VER,00:56:59.731,00:58:20.327
2024,7,Emilia Romagna Grand Prix,3,VER,00:58:20.327,00:59:41.199
2024,7,Emilia Romagna Grand Prix,4,VER,00:59:41.199,01:01:01.87
2024,7,Emilia Romagna Grand Prix,5,VER,01:01:01.87,01:02:22.604
2024,7,Emilia Romagna Grand Prix,6,VER,01:02:22.604,01:03:43.472
2024,7,Emilia Romagna Grand Prix,7,VER,01:03:43.472,01:05:04.34
2024,7,Emilia Romagna Grand Prix,8,VER,01:05:04.34,01:06:25.102
2024,7,Emilia Romagna Grand Prix,9,VER,01:06:25.102,01:07:45.645
2024,7,Emilia Romagna Grand Prix,10,VER,01:07:45.645,01:09:06.738
2024,7,Emilia Romagna Grand Prix,11,VER,01:09:06.738,01:10:27.623
2024,7,Emilia Romagna Grand Prix,12,VER,01:10:27.623,01:11:48.91
2024,7,Emilia Romagna Grand Prix,13,VER,01:11:48.91,01:13:09.983
2024,7,Emilia Romagna Grand Prix,14,VER,01:13:09.983,01:14:30.965
2024,7,Emilia Romagna Grand Prix,15,VER,01:14:30.965,01:15:52.288
2024,7,Emilia Romagna Grand Prix,16,VER,01:15:52.288,01:17:13.65
2024,7,Emilia Romagna Grand Prix,17,VER,01:17:13.65,01:18:34.978
2024,7,Emilia Romagna Grand Prix,18,VER,01:18:34.978,01:19:56.389
2024,7,Emilia Romagna Grand Prix,19,VER,01:19:56.389,01:21:17.906
2024,7,Emilia Romagna Grand Prix,20,VER,01:21:17.906,01:22:39.456
2024,7,Emilia Romagna Grand Prix,21,VER,01:22:39.456,01:24:01.064
2024,7,Emilia Romagna Grand Prix,22,VER,01:24:01.064,01:25:22.827
2024,7,Emilia Romagna Grand Prix,23,VER,01:25:22.827,01:26:44.815
2024,7,Emilia Romagna Grand Prix,24,VER,01:26:44.815,01:28:11.027
2024,7,Emilia Romagna Grand Prix,25,SAI,01:28:19.038,01:29:40.506
2024,7,Emilia Romagna Grand Prix,26,SAI,01:29:40.506,01:31:02.094
2024,7,Emilia Romagna Grand Prix,27,SAI,01:31:02.094,01:32:28.444
2024,7,Emilia Romagna Grand Prix,28,VER,01:32:36.054,01:33:56.763
2024,7,Emilia Romagna Grand Prix,29,VER,01:33:56.763,01:35:17.378
2024,7,Emilia Romagna Grand Prix,30,VER,01:35:17.378,01:36:37.949
2024,7,Emilia Romagna Grand Prix,31,VER,01:36:37.949,01:37:58.494
2024,7,Emilia Romagna Grand Prix,32,VER,01:37:58.494,01:39:19.207
2024,7,Emilia Romagna Grand Prix,33,VER,01:39:19.207,01:40:40.348
2024,7,Emilia Romagna Grand Prix,34,VER,01:40:40.348,01:42:01.108
2024,7,Emilia Romagna Grand Prix,35,VER,01:42:01.108,01:43:21.908
2024,7,Emilia Romagna Grand Prix,36,VER,01:43:21.908,01:44:42.612
2024,7,Emilia Romagna Grand Prix,37,VER,01:44:42.612,01:46:03.096
2024,7,Emilia Romagna Grand Prix,38,VER,01:46:03.096,01:47:23.462
2024,7,Emilia Romagna Grand Prix,39,VER,01:47:23.462,01:48:44.009
2024,7,Emilia Romagna Grand Prix,40,VER,01:48:44.009,01:50:04.654
2024,7,Emilia Romagna Grand Prix,41,VER,01:50:04.654,01:51:25.329
2024,7,Emilia Romagna Grand Prix,42,VER,01:51:25.329,01:52:46.161
2024,7,Emilia Romagna Grand Prix,43,VER,01:52:46.161,01:54:06.918
2024,7,Emilia Romagna Grand Prix,44,VER,01:54:06.918,01:55:27.752
2024,7,Emilia Romagna Grand Prix,45,VER,01:55:27.752,01:56:49.116
2024,7,Emilia Romagna Grand Prix,46,VER,01:56:49.116,01:58:09.816
2024,7,Emilia Romagna Grand Prix,47,VER,01:58:09.816,01:59:30.725
2024,7,Emilia Romagna Grand Prix,48,VER,01:59:30.725,02:00:51.648
2024,7,Emilia Romagna Grand Prix,49,VER,02:00:51.648,02:02:12.471
2024,7,Emilia Romagna Grand Prix,50,VER,02:02:12.471,02:03:33.288
2024,7,Emilia Romagna Grand Prix,51,VER,02:03:33.288,02:04:54.024
2024,7,Emilia Romagna Grand Prix,52,VER,02:04:54.024,02:06:14.58
2024,7,Emilia Romagna Grand Prix,53,VER,02:06:14.58,02:07:35.218
2024,7,Emilia Romagna Grand Prix,54,VER,02:07:35.218,02:08:56.136
2024,7,Emilia Romagna Grand Prix,55,VER,02:08:56.136,02:10:17.098
2024,7,Emilia Romagna Grand Prix,56,VER,02:10:17.098,02:11:37.588
2024,7,Emilia Romagna Grand Prix,57,VER,02:11:37.588,02:12:58.099
2024,7,Emilia Romagna Grand Prix,58,VER,02:12:58.099,02:14:18.612
2024,7,Emilia Romagna Grand Prix,59,VER,02:14:18.612,02:15:38.979
2024,7,Emilia Romagna Grand Prix,60,VER,02:15:38.979,02:16:59.616
2024,7,Emilia Romagna Grand Prix,61,VER,02:16:59.616,02:18:20.314
2024,7,Emilia Romagna Grand Prix,62,VER,02:18:20.314,02:19:41.067
2024,7,Emilia Romagna Grand Prix,63,VER,02:19:41.067,02:21:02.102
2024,8,Monaco Grand Prix,1,LEC,00:55:05.68,01:36:02.319
2024,8,Monaco Grand Prix,2,LEC,01:35:54.733,01:39:00.14
2024,8,Monaco Grand Prix,3,LEC,01:39:00.14,01:40:24.764
2024,8,Monaco Grand Prix,4,LEC,01:40:24.764,01:41:47.389
2024,8,Monaco Grand Prix,5,LEC,01:41:47.389,01:43:09.184
2024,8,Monaco Grand Prix,6,LEC,01:43:09.184,01:44:30.329
2024,8,Monaco Grand Prix,7,LEC,01:44:30.329,01:45:51.309
2024,8,Monaco Grand Prix,8,LEC,01:45:51.309,01:47:12.339
2024,8,Monaco Grand Prix,9,LEC,01:47:12.339,01:48:32.453
2024,8,Monaco Grand Prix,10,LEC,01:48:32.453,01:49:53.228
2024,8,Monaco Grand Prix,11,LEC,01:49:53.228,01:51:14.274
2024,8,Monaco Grand Prix,12,LEC,01:51:14.274,01:52:34.526
2024,8,Monaco Grand Prix,13,LEC,01:52:34.526,01:53:53.543
2024,8,Monaco Grand Prix,14,LEC,01:53:53.543,01:55:13.456
2024,8,Monaco Grand Prix,15,LEC,01:55:13.456,01:56:33.294
2024,8,Monaco Grand Prix,16,LEC,01:56:33.294,01:57:53.45
2024,8,Monaco Grand Prix,17,LEC,01:57:53.45,01:59:13.729
2024,8,Monaco Grand Prix,18,LEC,01:59:13.729,02:00:33.309
2024,8,Monaco Grand Prix,19,LEC,02:00:33.309,02:01:52.151
2024,8,Monaco Grand Prix,20,LEC,02:01:52.151,02:03:10.875
2024,8,Monaco Grand Prix,21,LEC,02:03:10.875,02:04:29.347
2024,8,Monaco Grand Prix,22,LEC,02:04:29.347,02:05:47.967
2024,8,Monaco Grand Prix,23,LEC,02:05:47.967,02:07:06.425
2024,8,Monaco Grand Prix,24,LEC,02:07:06.425,02:08:25.15
2024,8,Monaco Grand Prix,25,LEC,02:08:25.15,02:09:44.123
2024,8,Monaco Grand Prix,26,LEC,02:09:44.123,02:11:02.568
2024,8,Monaco Grand Prix,27,LEC,02:11:02.568,02:12:20.919
2024,8,Monaco Grand Prix,28,LEC,02:12:20.919,02:13:39.629
2024,8,Monaco Grand Prix,29,LEC,02:13:39.629,02:14:58.682
2024,8,Monaco Grand Prix,30,LEC,02:14:58.682,02:16:18.617
2024,8,Monaco Grand Prix,31,LEC,02:16:18.617,02:17:37.01
2024,8,Monaco Grand Prix,32,LEC,02:17:37.01,02:18:56.135
2024,8,Monaco Grand Prix,33,LEC,02:18:56.135,02:20:14.629
2024,8,Monaco Grand Prix,34,LEC,02:20:14.629,02:21:33.948
2024,8,Monaco Grand Prix,35,LEC,02:21:33.948,02:22:52.478
2024,8,Monaco Grand Prix,36,LEC,02:22:52.478,02:24:11.167
2024,8,Monaco Grand Prix,37,LEC,02:24:11.167,02:25:30.092
2024,8,Monaco Grand Prix,38,LEC,02:25:30.092,02:26:48.62
2024,8,Monaco Grand Prix,39,LEC,02:26:48.62,02:28:06.801
2024,8,Monaco Grand Prix,40,LEC,02:28:06.801,02:29:25.534
2024,8,Monaco Grand Prix,41,LEC,02:29:25.534,02:30:44.228
2024,8,Monaco Grand Prix,42,LEC,02:30:44.228,02:32:03.505
2024,8,Monaco Grand Prix,43,LEC,02:32:03.505,02:33:21.37
2024,8,Monaco Grand Prix,44,LEC,02:33:21.37,02:34:39.646
2024,8,Monaco Grand Prix,45,LEC,02:34:39.646,02:35:58.187
2024,8,Monaco Grand Prix,46,LEC,02:35:58.187,02:37:16.754
2024,8,Monaco Grand Prix,47,LEC,02:37:16.754,02:38:35.939
2024,8,Monaco Grand Prix,48,LEC,02:38:35.939,02:39:53.88
2024,8,Monaco Grand Prix,49,LEC,02:39:53.88,02:41:12.386
2024,8,Monaco Grand Prix,50,LEC,02:41:12.386,02:42:30.571
2024,8,Monaco Grand Prix,51,LEC,02:42:30.571,02:43:48.361
2024,8,Monaco Grand Prix,52,LEC,02:43:48.361,02:45:06.672
2024,8,Monaco Grand Prix,53,LEC,02:45:06.672,02:46:24.42
2024,8,Monaco Grand Prix,54,LEC,02:46:24.42,02:47:41.777
2024,8,Monaco Grand Prix,55,LEC,02:47:41.777,02:48:59.221
2024,8,Monaco Grand Prix,56,LEC,02:48:59.221,02:50:16.487
2024,8,Monaco Grand Prix,57,LEC,02:50:16.487,02:51:34.127
2024,8,Monaco Grand Prix,58,LEC,02:51:34.127,02:52:51.155
2024,8,Monaco Grand Prix,59,LEC,02:52:51.155,02:54:08.189
2024,8,Monaco Grand Prix,60,LEC,02:54:08.189,02:55:24.603
2024,8,Monaco Grand Prix,61,LEC,02:55:24.603,02:56:41.466
2024,8,Monaco Grand Prix,62,LEC,02:56:41.466,02:57:58.92
2024,8,Monaco Grand Prix,63,LEC,02:57:58.92,02:59:15.891
2024,8,Monaco Grand Prix,64,LEC,02:59:15.891,03:00:32.451
2024,8,Monaco Grand Prix,65,LEC,03:00:32.451,03:01:49.058
2024,8,Monaco Grand Prix,66,LEC,03:01:49.058,03:03:05.547
2024,8,Monaco Grand Prix,67,LEC,03:03:05.547,03:04:21.488
2024,8,Monaco Grand Prix,68,LEC,03:04:21.488,03:05:37.57
2024,8,Monaco Grand Prix,69,LEC,03:05:37.57,03:06:53.943
2024,8,Monaco Grand Prix,70,LEC,03:06:53.943,03:08:09.71
2024,8,Monaco Grand Prix,71,LEC,03:08:09.71,03:09:24.872
2024,8,Monaco Grand Prix,72,LEC,03:09:24.872,03:10:40.419
2024,8,Monaco Grand Prix,73,LEC,03:10:40.419,03:11:56.638
2024,8,Monaco Grand Prix,74,LEC,03:11:56.638,03:13:12.743
2024,8,Monaco Grand Prix,75,LEC,03:13:12.743,03:14:29.13
2024,8,Monaco Grand Prix,76,LEC,03:14:29.13,03:15:45.938
2024,8,Monaco Grand Prix,77,LEC,03:15:45.938,03:17:02.871
2024,8,Monaco Grand Prix,78,LEC,03:17:02.871,03:18:21.507
2024,9,Canadian Grand Prix,1,RUS,00:04:05.608,00:05:49.596
2024,9,Canadian Grand Prix,2,RUS,00:05:49.596,00:07:26.152
2024,9,Canadian Grand Prix,3,RUS,00:07:26.152,00:09:02.548
2024,9,Canadian Grand Prix,4,RUS,00:09:02.548,00:10:37.133
2024,9,Canadian Grand Prix,5,RUS,00:10:37.133,00:12:11.227
2024,9,Canadian Grand Prix,6,RUS,00:12:11.227,00:13:44.126
2024,9,Canadian Grand Prix,7,RUS,00:13:44.126,00:15:15.1
2024,9,Canadian Grand Prix,8,RUS,00:15:15.1,00:16:46.567
2024,9,Canadian Grand Prix,9,RUS,00:16:46.567,00:18:16.968
2024,9,Canadian Grand Prix,10,RUS,00:18:16.968,00:19:46.758
2024,9,Canadian Grand Prix,11,RUS,00:19:46.758,00:21:16.499
2024,9,Canadian Grand Prix,12,RUS,00:21:16.499,00:22:45.944
2024,9,Canadian Grand Prix,13,RUS,00:22:45.944,00:24:14.526
2024,9,Canadian Grand Prix,14,RUS,00:24:14.526,00:25:43.304
2024,9,Canadian Grand Prix,15,RUS,00:25:43.304,00:27:12.009
2024,9,Canadian Grand Prix,16,RUS,00:27:12.009,00:28:39.5
2024,9,Canadian Grand Prix,17,RUS,00:28:39.5,00:30:07.101
2024,9,Canadian Grand Prix,18,RUS,00:30:07.101,00:31:34.458
2024,9,Canadian Grand Prix,19,RUS,00:31:34.458,00:33:00.984
2024,9,Canadian Grand Prix,20,RUS,00:33:00.984,00:34:26.998
2024,9,Canadian Grand Prix,21,NOR,00:34:28.002,00:35:53.194
2024,9,Canadian Grand Prix,22,NOR,00:35:53.194,00:37:17.623
2024,9,Canadian Grand Prix,23,NOR,00:37:17.623,00:38:42.869
2024,9,Canadian Grand Prix,24,NOR,00:38:42.869,00:40:07.612
2024,9,Canadian Grand Prix,25,NOR,00:40:07.612,00:41:39.012
2024,9,Canadian Grand Prix,26,VER,00:42:09.229,00:43:59.078
2024,9,Canadian Grand Prix,27,VER,00:43:59.078,00:46:09.186
2024,9,Canadian Grand Prix,28,VER,00:46:09.186,00:48:17.502
2024,9,Canadian Grand Prix,29,VER,00:48:17.502,00:50:31.448
2024,9,Canadian Grand Prix,30,VER,00:50:31.448,00:51:57.635
2024,9,Canadian Grand Prix,31,VER,00:51:57.635,00:53:26.854
2024,9,Canadian Grand Prix,32,VER,00:53:26.854,00:54:57.569
2024,9,Canadian Grand Prix,33,VER,00:54:57.569,00:56:27.097
2024,9,Canadian Grand Prix,34,VER,00:56:27.097,00:57:54.851
2024,9,Canadian Grand Prix,35,VER,00:57:54.851,00:59:21.643
2024,9,Canadian Grand Prix,36,VER,00:59:21.643,01:00:47.912
2024,9,Canadian Grand Prix,37,VER,01:00:47.912,01:02:13.66
2024,9,Canadian Grand Prix,38,VER,01:02:13.66,01:03:39.046
2024,9,Canadian Grand Prix,39,VER,01:03:39.046,01:05:03.905
2024,9,Canadian Grand Prix,40,VER,01:05:03.905,01:06:28.616
2024,9,Canadian Grand Prix,41,VER,01:06:28.616,01:07:52.775
2024,9,Canadian Grand Prix,42,VER,01:07:52.775,01:09:16.854
2024,9,Canadian Grand Prix,43,VER,01:09:16.854,01:10:41.146
2024,9,Canadian Grand Prix,44,VER,01:10:41.146,01:12:05.527
2024,9,Canadian Grand Prix,45,NOR,01:12:09.351,01:13:32.92
2024,9,Canadian Grand Prix,46,NOR,01:13:32.92,01:14:56.192
2024,9,Canadian Grand Prix,47,NOR,01:14:56.192,01:16:36.016
2024,9,Canadian Grand Prix,48,VER,01:16:39.867,01:18:00.337
2024,9,Canadian Grand Prix,49,VER,01:18:00.337,01:19:19.738
2024,9,Canadian Grand Prix,50,VER,01:19:19.738,01:20:38.334
2024,9,Canadian Grand Prix,51,VER,01:20:38.334,01:21:56.443
2024,9,Canadian Grand Prix,52,VER,01:21:56.443,01:23:14.348
2024,9,Canadian Grand Prix,53,VER,01:23:14.348,01:24:31.599
2024,9,Canadian Grand Prix,54,VER,01:24:31.599,01:26:11.488
2024,9,Canadian Grand Prix,55,VER,01:26:11.488,01:28:22.277
2024,9,Canadian Grand Prix,56,VER,01:28:22.277,01:30:26.269
2024,9,Canadian Grand Prix,57,VER,01:30:26.269,01:32:22.926
2024,9,Canadian Grand Prix,58,VER,01:32:22.926,01:34:38.49
2024,9,Canadian Grand Prix,59,VER,01:34:38.49,01:35:56.851
2024,9,Canadian Grand Prix,60,VER,01:35:56.851,01:37:14.323
2024,9,Canadian Grand Prix,61,VER,01:37:14.323,01:38:30.948
2024,9,Canadian Grand Prix,62,VER,01:38:30.948,01:39:47.266
2024,9,Canadian Grand Prix,63,VER,01:39:47.266,01:41:03.249
2024,9,Canadian Grand Prix,64,VER,01:41:03.249,01:42:19.079
2024,9,Canadian Grand Prix,65,VER,01:42:19.079,01:43:34.961
2024,9,Canadian Grand Prix,66,VER,01:43:34.961,01:44:50.784
2024,9,Canadian Grand Prix,67,VER,01:44:50.784,01:46:06.554
2024,9,Canadian Grand Prix,68,VER,01:46:06.554,01:47:22.296
2024,9,Canadian Grand Prix,69,VER,01:47:22.296,01:48:38.231
2024,9,Canadian Grand Prix,70,VER,01:48:38.231,01:49:53.8
2024,10,Spanish Grand Prix,1,RUS,00:56:57.095,00:58:19.889
2024,10,Spanish Grand Prix,2,RUS,00:58:19.889,00:59:39.746
2024,10,Spanish Grand Prix,3,VER,00:59:40.378,01:00:59.742
2024,10,Spanish Grand Prix,4,VER,01:00:59.742,01:02:20.508
2024,10,Spanish Grand Prix,5,VER,01:02:20.508,01:03:41.335
2024,10,Spanish Grand Prix,6,VER,01:03:41.335,01:05:02.211
2024,10,Spanish Grand Prix,7,VER,01:05:02.211,01:06:23.184
2024,10,Spanish Grand Prix,8,VER,01:06:23.184,01:07:44.173
2024,10,Spanish Grand Prix,9,VER,01:07:44.173,01:09:05.215
2024,10,Spanish Grand Prix,10,VER,01:09:05.215,01:10:26.218
2024,10,Spanish Grand Prix,11,VER,01:10:26.218,01:11:47.172
2024,10,Spanish Grand Prix,12,VER,01:11:47.172,01:13:08.548
2024,10,Spanish Grand Prix,13,VER,01:13:08.548,01:14:29.355
2024,10,Spanish Grand Prix,14,VER,01:14:29.355,01:15:50.344
2024,10,Spanish Grand Prix,15,VER,01:15:50.344,01:17:11.441
2024,10,Spanish Grand Prix,16,VER,01:17:11.441,01:18:32.664
2024,10,Spanish Grand Prix,17,VER,01:18:32.664,01:19:57.54
2024,10,Spanish Grand Prix,18,NOR,01:19:58.377,01:21:18.824
2024,10,Spanish Grand Prix,19,NOR,01:21:18.824,01:22:39.459
2024,10,Spanish Grand Prix,20,NOR,01:22:39.459,01:24:00.275
2024,10,Spanish Grand Prix,21,NOR,01:24:00.275,01:25:21.182
2024,10,Spanish Grand Prix,22,NOR,01:25:21.182,01:26:42.11
2024,10,Spanish Grand Prix,23,NOR,01:26:42.11,01:28:07.295
2024,10,Spanish Grand Prix,24,VER,01:28:14.539,01:29:34.24
2024,10,Spanish Grand Prix,25,VER,01:29:34.24,01:30:53.603
2024,10,Spanish Grand Prix,26,VER,01:30:53.603,01:32:13.485
2024,10,Spanish Grand Prix,27,VER,01:32:13.485,01:33:33.179
2024,10,Spanish Grand Prix,28,VER,01:33:33.179,01:34:53.28
2024,10,Spanish Grand Prix,29,VER,01:34:53.28,01:36:13.072
2024,10,Spanish Grand Prix,30,VER,01:36:13.072,01:37:32.879
2024,10,Spanish Grand Prix,31,VER,01:37:32.879,01:38:52.89
2024,10,Spanish Grand Prix,32,VER,01:38:52.89,01:40:12.781
2024,10,Spanish Grand Prix,33,VER,01:40:12.781,01:41:32.617
2024,10,Spanish Grand Prix,34,VER,01:41:32.617,01:42:52.575
2024,10,Spanish Grand Prix,35,VER,01:42:52.575,01:44:12.76
2024,10,Spanish Grand Prix,36,VER,01:44:12.76,01:45:32.686
2024,10,Spanish Grand Prix,37,VER,01:45:32.686,01:46:52.489
2024,10,Spanish Grand Prix,38,VER,01:46:52.489,01:48:12.302
2024,10,Spanish Grand Prix,39,VER,01:48:12.302,01:49:31.971
2024,10,Spanish Grand Prix,40,VER,01:49:31.971,01:50:52.281
2024,10,Spanish Grand Prix,41,VER,01:50:52.281,01:52:11.929
2024,10,Spanish Grand Prix,42,VER,01:52:11.929,01:53:31.849
2024,10,Spanish Grand Prix,43,VER,01:53:31.849,01:54:52.15
2024,10,Spanish Grand Prix,44,VER,01:54:52.15,01:56:15.577
2024,10,Spanish Grand Prix,45,NOR,01:56:16.341,01:57:35.095
2024,10,Spanish Grand Prix,46,NOR,01:57:35.095,01:58:54.514
2024,10,Spanish Grand Prix,47,NOR,01:58:54.514,02:00:17.5
2024,10,Spanish Grand Prix,48,VER,02:00:28.514,02:01:46.93
2024,10,Spanish Grand Prix,49,VER,02:01:46.93,02:03:05.184
2024,10,Spanish Grand Prix,50,VER,02:03:05.184,02:04:23.258
2024,10,Spanish Grand Prix,51,VER,02:04:23.258,02:05:41.216
2024,10,Spanish Grand Prix,52,VER,02:05:41.216,02:06:59.147
2024,10,Spanish Grand Prix,53,VER,02:06:59.147,02:08:17.287
2024,10,Spanish Grand Prix,54,VER,02:08:17.287,02:09:35.063
2024,10,Spanish Grand Prix,55,VER,02:09:35.063,02:10:53.084
2024,10,Spanish Grand Prix,56,VER,02:10:53.084,02:12:11.438
2024,10,Spanish Grand Prix,57,VER,02:12:11.438,02:13:29.565
2024,10,Spanish Grand Prix,58,VER,02:13:29.565,02:14:47.752
2024,10,Spanish Grand Prix,59,VER,02:14:47.752,02:16:05.866
2024,10,Spanish Grand Prix,60,VER,02:16:05.866,02:17:24.031
2024,10,Spanish Grand Prix,61,VER,02:17:24.031,02:18:42.391
2024,10,Spanish Grand Prix,62,VER,02:18:42.391,02:20:00.692
2024,10,Spanish Grand Prix,63,VER,02:20:00.692,02:21:19.235
2024,10,Spanish Grand Prix,64,VER,02:21:19.235,02:22:38.307
2024,10,Spanish Grand Prix,65,VER,02:22:38.307,02:23:57.774
2024,10,Spanish Grand Prix,66,VER,02:23:57.774,02:25:17.548
2024,11,Austrian Grand Prix,1,VER,00:55:31.047,00:56:43.337
2024,11,Austrian Grand Prix,2,VER,00:56:43.337,00:57:53.275
2024,11,Austrian Grand Prix,3,VER,00:57:53.275,00:59:03.132
2024,11,Austrian Grand Prix,4,VER,00:59:03.132,01:00:13.035
2024,11,Austrian Grand Prix,5,VER,01:00:13.035,01:01:23.04
2024,11,Austrian Grand Prix,6,VER,01:01:23.04,01:02:33.278
2024,11,Austrian Grand Prix,7,VER,01:02:33.278,01:03:43.498
2024,11,Austrian Grand Prix,8,VER,01:03:43.498,01:04:53.829
2024,11,Austrian Grand Prix,9,VER,01:04:53.829,01:06:04.429
2024,11,Austrian Grand Prix,10,VER,01:06:04.429,01:07:15.025
2024,11,Austrian Grand Prix,11,VER,01:07:15.025,01:08:25.587
2024,11,Austrian Grand Prix,12,VER,01:08:25.587,01:09:36.099
2024,11,Austrian Grand Prix,13,VER,01:09:36.099,01:10:47.054
2024,11,Austrian Grand Prix,14,VER,01:10:47.054,01:11:57.761
2024,11,Austrian Grand Prix,15,VER,01:11:57.761,01:13:08.789
2024,11,Austrian Grand Prix,16,VER,01:13:08.789,01:14:19.746
2024,11,Austrian Grand Prix,17,VER,01:14:19.746,01:15:30.727
2024,11,Austrian Grand Prix,18,VER,01:15:30.727,01:16:42.091
2024,11,Austrian Grand Prix,19,VER,01:16:42.091,01:17:53.606
2024,11,Austrian Grand Prix,20,VER,01:17:53.606,01:19:05.154
2024,11,Austrian Grand Prix,21,VER,01:19:05.154,01:20:16.454
2024,11,Austrian Grand Prix,22,VER,01:20:16.454,01:21:28.003
2024,11,Austrian Grand Prix,23,VER,01:21:28.003,01:22:42.682
2024,11,Austrian Grand Prix,24,PIA,01:22:56.498,01:24:07.833
2024,11,Austrian Grand Prix,25,VER,01:24:10.076,01:25:19.842
2024,11,Austrian Grand Prix,26,VER,01:25:19.842,01:26:29.348
2024,11,Austrian Grand Prix,27,VER,01:26:29.348,01:27:38.799
2024,11,Austrian Grand Prix,28,VER,01:27:38.799,01:28:48.38
2024,11,Austrian Grand Prix,29,VER,01:28:48.38,01:29:58.076
2024,11,Austrian Grand Prix,30,VER,01:29:58.076,01:31:07.737
2024,11,Austrian Grand Prix,31,VER,01:31:07.737,01:32:17.433
2024,11,Austrian Grand Prix,32,VER,01:32:17.433,01:33:27.009
2024,11,Austrian Grand Prix,33,VER,01:33:27.009,01:34:36.464
2024,11,Austrian Grand Prix,34,VER,01:34:36.464,01:35:45.946
2024,11,Austrian Grand Prix,35,VER,01:35:45.946,01:36:55.904
2024,11,Austrian Grand Prix,36,VER,01:36:55.904,01:38:05.811
2024,11,Austrian Grand Prix,37,VER,01:38:05.811,01:39:15.931
2024,11,Austrian Grand Prix,38,VER,01:39:15.931,01:40:26.074
2024,11,Austrian Grand Prix,39,VER,01:40:26.074,01:41:36.332
2024,11,Austrian Grand Prix,40,VER,01:41:36.332,01:42:46.549
2024,11,Austrian Grand Prix,41,VER,01:42:46.549,01:43:57.663
2024,11,Austrian Grand Prix,42,VER,01:43:57.663,01:45:08.291
2024,11,Austrian Grand Prix,43,VER,01:45:08.291,01:46:19.195
2024,11,Austrian Grand Prix,44,VER,01:46:19.195,01:47:29.674
2024,11,Austrian Grand Prix,45,VER,01:47:29.674,01:48:40.023
2024,11,Austrian Grand Prix,46,VER,01:48:40.023,01:49:50.311
2024,11,Austrian Grand Prix,47,VER,01:49:50.311,01:51:00.969
2024,11,Austrian Grand Prix,48,VER,01:51:00.969,01:52:11.329
2024,11,Austrian Grand Prix,49,VER,01:52:11.329,01:53:21.872
2024,11,Austrian Grand Prix,50,VER,01:53:21.872,01:54:32.61
2024,11,Austrian Grand Prix,51,VER,01:54:32.61,01:55:46.47
2024,11,Austrian Grand Prix,52,VER,01:55:46.47,01:57:18.055
2024,11,Austrian Grand Prix,53,VER,01:57:18.055,01:58:26.827
2024,11,Austrian Grand Prix,54,VER,01:58:26.827,01:59:35.616
2024,11,Austrian Grand Prix,55,VER,01:59:35.616,02:00:44.829
2024,11,Austrian Grand Prix,56,VER,02:00:44.829,02:01:53.452
2024,11,Austrian Grand Prix,57,VER,02:01:53.452,02:03:02.427
2024,11,Austrian Grand Prix,58,VER,02:03:02.427,02:04:11.61
2024,11,Austrian Grand Prix,59,VER,02:04:11.61,02:05:22.256
2024,11,Austrian Grand Prix,60,VER,02:05:22.256,02:06:31.655
2024,11,Austrian Grand Prix,61,VER,02:06:31.655,02:07:41.658
2024,11,Austrian Grand Prix,62,VER,02:07:41.658,02:08:51.186
2024,11,Austrian Grand Prix,63,VER,02:08:51.186,02:10:01.598
2024,11,Austrian Grand Prix,64,RUS,02:10:17.387,02:11:28.311
2024,11,Austrian Grand Prix,65,RUS,02:11:28.311,02:12:38.589
2024,11,Austrian Grand Prix,66,RUS,02:12:38.589,02:14:05.521
2024,11,Austrian Grand Prix,67,RUS,02:14:05.521,02:15:14.873
2024,11,Austrian Grand Prix,68,RUS,02:15:14.873,02:16:24.518
2024,11,Austrian Grand Prix,69,RUS,02:16:24.518,02:17:34.265
2024,11,Austrian Grand Prix,70,RUS,02:17:34.265,02:18:43.892
2024,11,Austrian Grand Prix,71,RUS,02:18:43.892,02:19:54.085
2024,12,British Grand Prix,1,RUS,00:58:15.512,00:59:50.955
2024,12,British Grand Prix,2,RUS,00:59:50.955,01:01:22.373
2024,12,British Grand Prix,3,RUS,01:01:22.373,01:02:53.671
2024,12,British Grand Prix,4,RUS,01:02:53.671,01:04:25.47
2024,12,British Grand Prix,5,RUS,01:04:25.47,01:05:57.098
2024,12,British Grand Prix,6,RUS,01:05:57.098,01:07:28.723
2024,12,British Grand Prix,7,RUS,01:07:28.723,01:09:00.386
2024,12,British Grand Prix,8,RUS,01:09:00.386,01:10:32.117
2024,12,British Grand Prix,9,RUS,01:10:32.117,01:12:03.738
2024,12,British Grand Prix,10,RUS,01:12:03.738,01:13:35.377
2024,12,British Grand Prix,11,RUS,01:13:35.377,01:15:06.963
2024,12,British Grand Prix,12,RUS,01:15:06.963,01:16:38.582
2024,12,British Grand Prix,13,RUS,01:16:38.582,01:18:10.298
2024,12,British Grand Prix,14,RUS,01:18:10.298,01:19:41.776
2024,12,British Grand Prix,15,RUS,01:19:41.776,01:21:13.342
2024,12,British Grand Prix,16,RUS,01:21:13.342,01:22:44.968
2024,12,British Grand Prix,17,RUS,01:22:44.968,01:24:19.761
2024,12,British Grand Prix,18,HAM,01:24:20.594,01:25:55.665
2024,12,British Grand Prix,19,HAM,01:25:55.665,01:27:39.376
2024,12,British Grand Prix,20,NOR,01:27:39.599,01:29:17.303
2024,12,British Grand Prix,21,NOR,01:29:17.303,01:30:48.816
2024,12,British Grand Prix,22,NOR,01:30:48.816,01:32:19.676
2024,12,British Grand Prix,23,NOR,01:32:19.676,01:33:50.852
2024,12,British Grand Prix,24,NOR,01:33:50.852,01:35:22.481
2024,12,British Grand Prix,25,NOR,01:35:22.481,01:36:56.788
2024,12,British Grand Prix,26,NOR,01:36:56.788,01:38:38.303
2024,12,British Grand Prix,27,NOR,01:38:38.303,01:40:23.109
2024,12,British Grand Prix,28,PIA,01:40:28.655,01:42:21.631
2024,12,British Grand Prix,29,NOR,01:42:24.024,01:44:04.29
2024,12,British Grand Prix,30,NOR,01:44:04.29,01:45:45.007
2024,12,British Grand Prix,31,NOR,01:45:45.007,01:47:26.32
2024,12,British Grand Prix,32,NOR,01:47:26.32,01:49:08.536
2024,12,British Grand Prix,33,NOR,01:49:08.536,01:50:51.143
2024,12,British Grand Prix,34,NOR,01:50:51.143,01:52:34.221
2024,12,British Grand Prix,35,NOR,01:52:34.221,01:54:17.156
2024,12,British Grand Prix,36,NOR,01:54:17.156,01:55:59.496
2024,12,British Grand Prix,37,NOR,01:55:59.496,01:57:39.282
2024,12,British Grand Prix,38,NOR,01:57:39.282,01:59:17.281
2024,12,British Grand Prix,39,NOR,01:59:17.281,02:00:54.027
2024,12,British Grand Prix,40,HAM,02:01:15.826,02:02:46.144
2024,12,British Grand Prix,41,HAM,02:02:46.144,02:04:16.262
2024,12,British Grand Prix,42,HAM,02:04:16.262,02:05:45.879
2024,12,British Grand Prix,43,HAM,02:05:45.879,02:07:15.672
2024,12,British Grand Prix,44,HAM,02:07:15.672,02:08:45.369
2024,12,British Grand Prix,45,HAM,02:08:45.369,02:10:14.807
2024,12,British Grand Prix,46,HAM,02:10:14.807,02:11:44.448
2024,12,British Grand Prix,47,HAM,02:11:44.448,02:13:13.986
2024,12,British Grand Prix,48,HAM,02:13:13.986,02:14:43.565
2024,12,British Grand Prix,49,HAM,02:14:43.565,02:16:13.232
2024,12,British Grand Prix,50,HAM,02:16:13.232,02:17:42.914
2024,12,British Grand Prix,51,HAM,02:17:42.914,02:19:12.657
2024,12,British Grand Prix,52,HAM,02:19:12.657,02:20:42.803
2024,13,Hungarian Grand Prix,1,PIA,00:55:04.938,00:56:31.948
2024,13,Hungarian Grand Prix,2,PIA,00:56:31.948,00:57:55.986
2024,13,Hungarian Grand Prix,3,PIA,00:57:55.986,00:59:20.387
2024,13,Hungarian Grand Prix,4,PIA,00:59:20.387,01:00:44.502
2024,13,Hungarian Grand Prix,5,PIA,01:00:44.502,01:02:08.298
2024,13,Hungarian Grand Prix,6,PIA,01:02:08.298,01:03:32.144
2024,13,Hungarian Grand Prix,7,PIA,01:03:32.144,01:04:56.254
2024,13,Hungarian Grand Prix,8,PIA,01:04:56.254,01:06:20.146
2024,13,Hungarian Grand Prix,9,PIA,01:06:20.146,01:07:44.352
2024,13,Hungarian Grand Prix,10,PIA,01:07:44.352,01:09:08.609
2024,13,Hungarian Grand Prix,11,PIA,01:09:08.609,01:10:32.671
2024,13,Hungarian Grand Prix,12,PIA,01:10:32.671,01:11:56.564
2024,13,Hungarian Grand Prix,13,PIA,01:11:56.564,01:13:20.451
2024,13,Hungarian Grand Prix,14,PIA,01:13:20.451,01:14:45.134
2024,13,Hungarian Grand Prix,15,PIA,01:14:45.134,01:16:09.433
2024,13,Hungarian Grand Prix,16,PIA,01:16:09.433,01:17:33.67
2024,13,Hungarian Grand Prix,17,PIA,01:17:33.67,01:18:57.918
2024,13,Hungarian Grand Prix,18,PIA,01:18:57.918,01:20:24.414
2024,13,Hungarian Grand Prix,19,VER,01:20:30.592,01:21:55.115
2024,13,Hungarian Grand Prix,20,VER,01:21:55.115,01:23:19.616
2024,13,Hungarian Grand Prix,21,VER,01:23:19.616,01:24:46.643
2024,13,Hungarian Grand Prix,22,LEC,01:24:47.727,01:26:12.198
2024,13,Hungarian Grand Prix,23,LEC,01:26:12.198,01:27:39.116
2024,13,Hungarian Grand Prix,24,PIA,01:27:40.339,01:29:03.434
2024,13,Hungarian Grand Prix,25,PIA,01:29:03.434,01:30:26.396
2024,13,Hungarian Grand Prix,26,PIA,01:30:26.396,01:31:49.05
2024,13,Hungarian Grand Prix,27,PIA,01:31:49.05,01:33:11.797
2024,13,Hungarian Grand Prix,28,PIA,01:33:11.797,01:34:34.587
2024,13,Hungarian Grand Prix,29,PIA,01:34:34.587,01:35:57.291
2024,13,Hungarian Grand Prix,30,PIA,01:35:57.291,01:37:20.332
2024,13,Hungarian Grand Prix,31,PIA,01:37:20.332,01:38:43.504
2024,13,Hungarian Grand Prix,32,PIA,01:38:43.504,01:40:06.901
2024,13,Hungarian Grand Prix,33,PIA,01:40:06.901,01:41:32.764
2024,13,Hungarian Grand Prix,34,PIA,01:41:32.764,01:42:57.493
2024,13,Hungarian Grand Prix,35,PIA,01:42:57.493,01:44:22.05
2024,13,Hungarian Grand Prix,36,PIA,01:44:22.05,01:45:46.243
2024,13,Hungarian Grand Prix,37,PIA,01:45:46.243,01:47:10.627
2024,13,Hungarian Grand Prix,38,PIA,01:47:10.627,01:48:34.798
2024,13,Hungarian Grand Prix,39,PIA,01:48:34.798,01:49:59.038
2024,13,Hungarian Grand Prix,40,PIA,01:49:59.038,01:51:22.798
2024,13,Hungarian Grand Prix,41,PIA,01:51:22.798,01:52:46.748
2024,13,Hungarian Grand Prix,42,PIA,01:52:46.748,01:54:10.819
2024,13,Hungarian Grand Prix,43,PIA,01:54:10.819,01:55:35.019
2024,13,Hungarian Grand Prix,44,PIA,01:55:35.019,01:56:59.052
2024,13,Hungarian Grand Prix,45,PIA,01:56:59.052,01:58:23.156
2024,13,Hungarian Grand Prix,46,PIA,01:58:23.156,01:59:47.367
2024,13,Hungarian Grand Prix,47,PIA,01:59:47.367,02:01:13.619
2024,13,Hungarian Grand Prix,48,VER,02:01:20.599,02:02:44.852
2024,13,Hungarian Grand Prix,49,VER,02:02:44.852,02:04:11.32
2024,13,Hungarian Grand Prix,50,NOR,02:04:13.735,02:05:35.447
2024,13,Hungarian Grand Prix,51,NOR,02:05:35.447,02:06:57.423
2024,13,Hungarian Grand Prix,52,NOR,02:06:57.423,02:08:19.852
2024,13,Hungarian Grand Prix,53,NOR,02:08:19.852,02:09:41.742
2024,13,Hungarian Grand Prix,54,NOR,02:09:41.742,02:11:03.561
2024,13,Hungarian Grand Prix,55,NOR,02:11:03.561,02:12:25.732
2024,13,Hungarian Grand Prix,56,NOR,02:12:25.732,02:13:47.903
2024,13,Hungarian Grand Prix,57,NOR,02:13:47.903,02:15:10.125
2024,13,Hungarian Grand Prix,58,NOR,02:15:10.125,02:16:32.056
2024,13,Hungarian Grand Prix,59,NOR,02:16:32.056,02:17:54.275
2024,13,Hungarian Grand Prix,60,NOR,02:17:54.275,02:19:16.073
2024,13,Hungarian Grand Prix,61,NOR,02:19:16.073,02:20:37.959
2024,13,Hungarian Grand Prix,62,NOR,02:20:37.959,02:21:59.842
2024,13,Hungarian Grand Prix,63,NOR,02:21:59.842,02:23:22.444
2024,13,Hungarian Grand Prix,64,NOR,02:23:22.444,02:24:44.913
2024,13,Hungarian Grand Prix,65,NOR,02:24:44.913,02:26:07.394
2024,13,Hungarian Grand Prix,66,NOR,02:26:07.394,02:27:30.014
2024,13,Hungarian Grand Prix,67,NOR,02:27:30.014,02:28:55.68
2024,13,Hungarian Grand Prix,68,PIA,02:28:58.668,02:30:21.667
2024,13,Hungarian Grand Prix,69,PIA,02:30:21.667,02:31:44.264
2024,13,Hungarian Grand Prix,70,PIA,02:31:44.264,02:33:07.191
2024,14,Belgian Grand Prix,1,LEC,00:55:14.764,00:57:06.947
2024,14,Belgian Grand Prix,2,LEC,00:57:06.947,00:58:57.187
2024,14,Belgian Grand Prix,3,HAM,00:58:57.584,01:00:46.693
2024,14,Belgian Grand Prix,4,HAM,01:00:46.693,01:02:36.501
2024,14,Belgian Grand Prix,5,HAM,01:02:36.501,01:04:25.877
2024,14,Belgian Grand Prix,6,HAM,01:04:25.877,01:06:15.277
2024,14,Belgian Grand Prix,7,HAM,01:06:15.277,01:08:04.634
2024,14,Belgian Grand Prix,8,HAM,01:08:04.634,01:09:54.3
2024,14,Belgian Grand Prix,9,HAM,01:09:54.3,01:11:44.004
2024,14,Belgian Grand Prix,10,HAM,01:11:44.004,01:13:33.955
2024,14,Belgian Grand Prix,11,LEC,01:13:36.06,01:15:26.027
2024,14,Belgian Grand Prix,12,LEC,01:15:26.027,01:17:20.118
2024,14,Belgian Grand Prix,13,SAI,01:17:20.543,01:19:09.791
2024,14,Belgian Grand Prix,14,SAI,01:19:09.791,01:20:58.838
2024,14,Belgian Grand Prix,15,SAI,01:20:58.838,01:22:49.99
2024,14,Belgian Grand Prix,16,SAI,01:22:49.99,01:24:39.151
2024,14,Belgian Grand Prix,17,SAI,01:24:39.151,01:26:27.982
2024,14,Belgian Grand Prix,18,SAI,01:26:27.982,01:28:17.024
2024,14,Belgian Grand Prix,19,SAI,01:28:17.024,01:30:06.076
2024,14,Belgian Grand Prix,20,HAM,01:30:09.433,01:31:57.67
2024,14,Belgian Grand Prix,21,HAM,01:31:57.67,01:33:46.066
2024,14,Belgian Grand Prix,22,HAM,01:33:46.066,01:35:34.434
2024,14,Belgian Grand Prix,23,HAM,01:35:34.434,01:37:22.772
2024,14,Belgian Grand Prix,24,HAM,01:37:22.772,01:39:10.8
2024,14,Belgian Grand Prix,25,HAM,01:39:10.8,01:40:58.645
2024,14,Belgian Grand Prix,26,HAM,01:40:58.645,01:42:50.692
2024,14,Belgian Grand Prix,27,PIA,01:42:51.137,01:44:38.161
2024,14,Belgian Grand Prix,28,PIA,01:44:38.161,01:46:25.77
2024,14,Belgian Grand Prix,29,PIA,01:46:25.77,01:48:13.423
2024,14,Belgian Grand Prix,30,PIA,01:48:13.423,01:50:05.161
2024,14,Belgian Grand Prix,31,RUS,01:50:06.491,01:51:53.971
2024,14,Belgian Grand Prix,32,RUS,01:51:53.971,01:53:41.567
2024,14,Belgian Grand Prix,33,RUS,01:53:41.567,01:55:28.882
2024,14,Belgian Grand Prix,34,RUS,01:55:28.882,01:57:16.314
2024,14,Belgian Grand Prix,35,RUS,01:57:16.314,01:59:03.876
2024,14,Belgian Grand Prix,36,RUS,01:59:03.876,02:00:51.496
2024,14,Belgian Grand Prix,37,RUS,02:00:51.496,02:02:39.415
2024,14,Belgian Grand Prix,38,RUS,02:02:39.415,02:04:27.015
2024,14,Belgian Grand Prix,39,RUS,02:04:27.015,02:06:14.811
2024,14,Belgian Grand Prix,40,RUS,02:06:14.811,02:08:02.442
2024,14,Belgian Grand Prix,41,RUS,02:08:02.442,02:09:50.196
2024,14,Belgian Grand Prix,42,RUS,02:09:50.196,02:11:37.661
2024,14,Belgian Grand Prix,43,RUS,02:11:37.661,02:13:24.962
2024,14,Belgian Grand Prix,44,RUS,02:13:24.962,02:15:12.075
2024,15,Dutch Grand Prix,1,VER,00:57:35.434,00:58:55.643
2024,15,Dutch Grand Prix,2,VER,00:58:55.643,01:00:11.749
2024,15,Dutch Grand Prix,3,VER,01:00:11.749,01:01:27.88
2024,15,Dutch Grand Prix,4,VER,01:01:27.88,01:02:44.312
2024,15,Dutch Grand Prix,5,VER,01:02:44.312,01:04:00.493
2024,15,Dutch Grand Prix,6,VER,01:04:00.493,01:05:16.648
2024,15,Dutch Grand Prix,7,VER,01:05:16.648,01:06:32.929
2024,15,Dutch Grand Prix,8,VER,01:06:32.929,01:07:49.276
2024,15,Dutch Grand Prix,9,VER,01:07:49.276,01:09:05.528
2024,15,Dutch Grand Prix,10,VER,01:09:05.528,01:10:21.983
2024,15,Dutch Grand Prix,11,VER,01:10:21.983,01:11:38.343
2024,15,Dutch Grand Prix,12,VER,01:11:38.343,01:12:54.881
2024,15,Dutch Grand Prix,13,VER,01:12:54.881,01:14:11.219
2024,15,Dutch Grand Prix,14,VER,01:14:11.219,01:15:27.685
2024,15,Dutch Grand Prix,15,VER,01:15:27.685,01:16:43.907
2024,15,Dutch Grand Prix,16,VER,01:16:43.907,01:18:00.142
2024,15,Dutch Grand Prix,17,VER,01:18:00.142,01:19:16.446
2024,15,Dutch Grand Prix,18,NOR,01:19:16.585,01:20:32.651
2024,15,Dutch Grand Prix,19,NOR,01:20:32.651,01:21:48.55
2024,15,Dutch Grand Prix,20,NOR,01:21:48.55,01:23:04.593
2024,15,Dutch Grand Prix,21,NOR,01:23:04.593,01:24:20.322
2024,15,Dutch Grand Prix,22,NOR,01:24:20.322,01:25:36.118
2024,15,Dutch Grand Prix,23,NOR,01:25:36.118,01:26:51.902
2024,15,Dutch Grand Prix,24,NOR,01:26:51.902,01:28:07.594
2024,15,Dutch Grand Prix,25,NOR,01:28:07.594,01:29:23.303
2024,15,Dutch Grand Prix,26,NOR,01:29:23.303,01:30:39.176
2024,15,Dutch Grand Prix,27,NOR,01:30:39.176,01:31:54.92
2024,15,Dutch Grand Prix,28,NOR,01:31:54.92,01:33:14.161
2024,15,Dutch Grand Prix,29,PIA,01:33:23.44,01:34:39.507
2024,15,Dutch Grand Prix,30,PIA,01:34:39.507,01:35:55.596
2024,15,Dutch Grand Prix,31,PIA,01:35:55.596,01:37:12.178
2024,15,Dutch Grand Prix,32,PIA,01:37:12.178,01:38:28.392
2024,15,Dutch Grand Prix,33,NOR,01:38:32.749,01:39:47.238
2024,15,Dutch Grand Prix,34,NOR,01:39:47.238,01:41:01.729
2024,15,Dutch Grand Prix,35,NOR,01:41:01.729,01:42:16.203
2024,15,Dutch Grand Prix,36,NOR,01:42:16.203,01:43:30.515
2024,15,Dutch Grand Prix,37,NOR,01:43:30.515,01:44:45.239
2024,15,Dutch Grand Prix,38,NOR,01:44:45.239,01:45:59.796
2024,15,Dutch Grand Prix,39,NOR,01:45:59.796,01:47:14.503
2024,15,Dutch Grand Prix,40,NOR,01:47:14.503,01:48:29.142
2024,15,Dutch Grand Prix,41,NOR,01:48:29.142,01:49:44.152
2024,15,Dutch Grand Prix,42,NOR,01:49:44.152,01:50:59.357
2024,15,Dutch Grand Prix,43,NOR,01:50:59.357,01:52:14.148
2024,15,Dutch Grand Prix,44,NOR,01:52:14.148,01:53:28.725
2024,15,Dutch Grand Prix,45,NOR,01:53:28.725,01:54:43.556
2024,15,Dutch Grand Prix,46,NOR,01:54:43.556,01:55:58.159
2024,15,Dutch Grand Prix,47,NOR,01:55:58.159,01:57:13.051
2024,15,Dutch Grand Prix,48,NOR,01:57:13.051,01:58:27.827
2024,15,Dutch Grand Prix,49,NOR,01:58:27.827,01:59:42.738
2024,15,Dutch Grand Prix,50,NOR,01:59:42.738,02:00:57.313
2024,15,Dutch Grand Prix,51,NOR,02:00:57.313,02:02:12.145
2024,15,Dutch Grand Prix,52,NOR,02:02:12.145,02:03:26.832
2024,15,Dutch Grand Prix,53,NOR,02:03:26.832,02:04:41.57
2024,15,Dutch Grand Prix,54,NOR,02:04:41.57,02:05:56.038
2024,15,Dutch Grand Prix,55,NOR,02:05:56.038,02:07:10.637
2024,15,Dutch Grand Prix,56,NOR,02:07:10.637,02:08:25.453
2024,15,Dutch Grand Prix,57,NOR,02:08:25.453,02:09:40.32
2024,15,Dutch Grand Prix,58,NOR,02:09:40.32,02:10:55.418
2024,15,Dutch Grand Prix,59,NOR,02:10:55.418,02:12:10.397
2024,15,Dutch Grand Prix,60,NOR,02:12:10.397,02:13:24.915
2024,15,Dutch Grand Prix,61,NOR,02:13:24.915,02:14:39.961
2024,15,Dutch Grand Prix,62,NOR,02:14:39.961,02:15:54.969
2024,15,Dutch Grand Prix,63,NOR,02:15:54.969,02:17:09.279
2024,15,Dutch Grand Prix,64,NOR,02:17:09.279,02:18:24.137
2024,15,Dutch Grand Prix,65,NOR,02:18:24.137,02:19:38.923
2024,15,Dutch Grand Prix,66,NOR,02:19:38.923,02:20:53.547
2024,15,Dutch Grand Prix,67,NOR,02:20:53.547,02:22:08.235
2024,15,Dutch Grand Prix,68,NOR,02:22:08.235,02:23:22.895
2024,15,Dutch Grand Prix,69,NOR,02:23:22.895,02:24:37.552
2024,15,Dutch Grand Prix,70,NOR,02:24:37.552,02:25:52.423
2024,15,Dutch Grand Prix,71,NOR,02:25:52.423,02:27:07.43
2024,15,Dutch Grand Prix,72,NOR,02:27:07.43,02:28:21.247
2024,16,Italian Grand Prix,1,PIA,00:55:50.494,00:57:18.375
2024,16,Italian Grand Prix,2,PIA,00:57:18.375,00:58:43.491
2024,16,Italian Grand Prix,3,PIA,00:58:43.491,01:00:08.752
2024,16,Italian Grand Prix,4,PIA,01:00:08.752,01:01:33.447
2024,16,Italian Grand Prix,5,PIA,01:01:33.447,01:02:58.107
2024,16,Italian Grand Prix,6,PIA,01:02:58.107,01:04:22.71
2024,16,Italian Grand Prix,7,PIA,01:04:22.71,01:05:47.128
2024,16,Italian Grand Prix,8,PIA,01:05:47.128,01:07:11.698
2024,16,Italian Grand Prix,9,PIA,01:07:11.698,01:08:36.073
2024,16,Italian Grand Prix,10,PIA,01:08:36.073,01:10:00.15
2024,16,Italian Grand Prix,11,PIA,01:10:00.15,01:11:24.397
2024,16,Italian Grand Prix,12,PIA,01:11:24.397,01:12:49.145
2024,16,Italian Grand Prix,13,PIA,01:12:49.145,01:14:13.815
2024,16,Italian Grand Prix,14,PIA,01:14:13.815,01:15:38.863
2024,16,Italian Grand Prix,15,PIA,01:15:38.863,01:17:04.029
2024,16,Italian Grand Prix,16,PIA,01:17:04.029,01:18:33.968
2024,16,Italian Grand Prix,17,SAI,01:18:36.486,01:20:01.893
2024,16,Italian Grand Prix,18,SAI,01:20:01.893,01:21:27.571
2024,16,Italian Grand Prix,19,VER,01:21:31.041,01:22:56.578
2024,16,Italian Grand Prix,20,VER,01:22:56.578,01:24:22.137
2024,16,Italian Grand Prix,21,VER,01:24:22.137,01:25:47.518
2024,16,Italian Grand Prix,22,PER,01:25:50.637,01:27:16.346
2024,16,Italian Grand Prix,23,PIA,01:27:18.384,01:28:42.044
2024,16,Italian Grand Prix,24,PIA,01:28:42.044,01:30:05.359
2024,16,Italian Grand Prix,25,PIA,01:30:05.359,01:31:28.589
2024,16,Italian Grand Prix,26,PIA,01:31:28.589,01:32:51.722
2024,16,Italian Grand Prix,27,PIA,01:32:51.722,01:34:14.81
2024,16,Italian Grand Prix,28,PIA,01:34:14.81,01:35:37.978
2024,16,Italian Grand Prix,29,PIA,01:35:37.978,01:37:01.044
2024,16,Italian Grand Prix,30,PIA,01:37:01.044,01:38:24.012
2024,16,Italian Grand Prix,31,PIA,01:38:24.012,01:39:47.233
2024,16,Italian Grand Prix,32,PIA,01:39:47.233,01:41:10.713
2024,16,Italian Grand Prix,33,PIA,01:41:10.713,01:42:33.861
2024,16,Italian Grand Prix,34,PIA,01:42:33.861,01:43:57.317
2024,16,Italian Grand Prix,35,PIA,01:43:57.317,01:45:20.726
2024,16,Italian Grand Prix,36,PIA,01:45:20.726,01:46:44.472
2024,16,Italian Grand Prix,37,PIA,01:46:44.472,01:48:08.163
2024,16,Italian Grand Prix,38,PIA,01:48:08.163,01:49:36.288
2024,16,Italian Grand Prix,39,LEC,01:49:37.47,01:51:01.188
2024,16,Italian Grand Prix,40,LEC,01:51:01.188,01:52:24.878
2024,16,Italian Grand Prix,41,LEC,01:52:24.878,01:53:48.489
2024,16,Italian Grand Prix,42,LEC,01:53:48.489,01:55:12.159
2024,16,Italian Grand Prix,43,LEC,01:55:12.159,01:56:36.026
2024,16,Italian Grand Prix,44,LEC,01:56:36.026,01:57:59.456
2024,16,Italian Grand Prix,45,LEC,01:57:59.456,01:59:23.187
2024,16,Italian Grand Prix,46,LEC,01:59:23.187,02:00:46.784
2024,16,Italian Grand Prix,47,LEC,02:00:46.784,02:02:10.46
2024,16,Italian Grand Prix,48,LEC,02:02:10.46,02:03:33.978
2024,16,Italian Grand Prix,49,LEC,02:03:33.978,02:04:57.445
2024,16,Italian Grand Prix,50,LEC,02:04:57.445,02:06:20.906
2024,16,Italian Grand Prix,51,LEC,02:06:20.906,02:07:44.461
2024,16,Italian Grand Prix,52,LEC,02:07:44.461,02:09:08.211
2024,16,Italian Grand Prix,53,LEC,02:09:08.211,02:10:31.479
2024,17,Azerbaijan Grand Prix,1,LEC,00:56:15.07,00:58:07.446
2024,17,Azerbaijan Grand Prix,2,LEC,00:58:07.446,00:59:56.729
2024,17,Azerbaijan Grand Prix,3,LEC,00:59:56.729,01:01:45.141
2024,17,Azerbaijan Grand Prix,4,LEC,01:01:45.141,01:03:33.549
2024,17,Azerbaijan Grand Prix,5,LEC,01:03:33.549,01:05:21.863
2024,17,Azerbaijan Grand Prix,6,LEC,01:05:21.863,01:07:09.915
2024,17,Azerbaijan Grand Prix,7,LEC,01:07:09.915,01:08:58.426
2024,17,Azerbaijan Grand Prix,8,LEC,01:08:58.426,01:10:46.098
2024,17,Azerbaijan Grand Prix,9,LEC,01:10:46.098,01:12:33.926
2024,17,Azerbaijan Grand Prix,10,LEC,01:12:33.926,01:14:22.02
2024,17,Azerbaijan Grand Prix,11,LEC,01:14:22.02,01:16:09.942
2024,17,Azerbaijan Grand Prix,12,LEC,01:16:09.942,01:17:58.032
2024,17,Azerbaijan Grand Prix,13,LEC,01:17:58.032,01:19:46.493
2024,17,Azerbaijan Grand Prix,14,LEC,01:19:46.493,01:21:35.324
2024,17,Azerbaijan Grand Prix,15,LEC,01:21:35.324,01:23:25.314
2024,17,Azerbaijan Grand Prix,16,LEC,01:23:25.314,01:25:19.158
2024,17,Azerbaijan Grand Prix,17,SAI,01:25:23.345,01:27:17.289
2024,17,Azerbaijan Grand Prix,18,LEC,01:27:25.229,01:29:13.587
2024,17,Azerbaijan Grand Prix,19,LEC,01:29:13.587,01:31:01.48
2024,17,Azerbaijan Grand Prix,20,PIA,01:31:01.827,01:32:50.693
2024,17,Azerbaijan Grand Prix,21,PIA,01:32:50.693,01:34:38.547
2024,17,Azerbaijan Grand Prix,22,PIA,01:34:38.547,01:36:26.298
2024,17,Azerbaijan Grand Prix,23,PIA,01:36:26.298,01:38:13.779
2024,17,Azerbaijan Grand Prix,24,PIA,01:38:13.779,01:40:00.845
2024,17,Azerbaijan Grand Prix,25,PIA,01:40:00.845,01:41:48.253
2024,17,Azerbaijan Grand Prix,26,PIA,01:41:48.253,01:43:35.781
2024,17,Azerbaijan Grand Prix,27,PIA,01:43:35.781,01:45:23.149
2024,17,Azerbaijan Grand Prix,28,PIA,01:45:23.149,01:47:10.707
2024,17,Azerbaijan Grand Prix,29,PIA,01:47:10.707,01:48:58.308
2024,17,Azerbaijan Grand Prix,30,PIA,01:48:58.308,01:50:45.969
2024,17,Azerbaijan Grand Prix,31,PIA,01:50:45.969,01:52:33.892
2024,17,Azerbaijan Grand Prix,32,PIA,01:52:33.892,01:54:22.027
2024,17,Azerbaijan Grand Prix,33,PIA,01:54:22.027,01:56:10.463
2024,17,Azerbaijan Grand Prix,34,PIA,01:56:10.463,01:57:58.39
2024,17,Azerbaijan Grand Prix,35,PIA,01:57:58.39,01:59:46.211
2024,17,Azerbaijan Grand Prix,36,PIA,01:59:46.211,02:01:34.084
2024,17,Azerbaijan Grand Prix,37,PIA,02:01:34.084,02:03:21.941
2024,17,Azerbaijan Grand Prix,38,PIA,02:03:21.941,02:05:09.623
2024,17,Azerbaijan Grand Prix,39,PIA,02:05:09.623,02:06:57.399
2024,17,Azerbaijan Grand Prix,40,PIA,02:06:57.399,02:08:45.12
2024,17,Azerbaijan Grand Prix,41,PIA,02:08:45.12,02:10:32.995
2024,17,Azerbaijan Grand Prix,42,PIA,02:10:32.995,02:12:20.683
2024,17,Azerbaijan Grand Prix,43,PIA,02:12:20.683,02:14:08.299
2024,17,Azerbaijan Grand Prix,44,PIA,02:14:08.299,02:15:55.664
2024,17,Azerbaijan Grand Prix,45,PIA,02:15:55.664,02:17:43.391
2024,17,Azerbaijan Grand Prix,46,PIA,02:17:43.391,02:19:30.66
2024,17,Azerbaijan Grand Prix,47,PIA,02:19:30.66,02:21:17.72
2024,17,Azerbaijan Grand Prix,48,PIA,02:21:17.72,02:23:05.208
2024,17,Azerbaijan Grand Prix,49,PIA,02:23:05.208,02:24:52.755
2024,17,Azerbaijan Grand Prix,50,PIA,02:24:52.755,02:26:40.013
2024,17,Azerbaijan Grand Prix,51,PIA,02:26:40.013,02:29:13.388
2024,18,Singapore Grand Prix,1,NOR,00:57:01.006,00:58:41.675
2024,18,Singapore Grand Prix,2,NOR,00:58:41.675,01:00:20.155
2024,18,Singapore Grand Prix,3,NOR,01:00:20.155,01:01:58.561
2024,18,Singapore Grand Prix,4,NOR,01:01:58.561,01:03:37.007
2024,18,Singapore Grand Prix,5,NOR,01:03:37.007,01:05:14.945
2024,18,Singapore Grand Prix,6,NOR,01:05:14.945,01:06:52.788
2024,18,Singapore Grand Prix,7,NOR,01:06:52.788,01:08:30.409
2024,18,Singapore Grand Prix,8,NOR,01:08:30.409,01:10:07.491
2024,18,Singapore Grand Prix,9,NOR,01:10:07.491,01:11:44.206
2024,18,Singapore Grand Prix,10,NOR,01:11:44.206,01:13:21.036
2024,18,Singapore Grand Prix,11,NOR,01:13:21.036,01:14:57.687
2024,18,Singapore Grand Prix,12,NOR,01:14:57.687,01:16:34.182
2024,18,Singapore Grand Prix,13,NOR,01:16:34.182,01:18:10.852
2024,18,Singapore Grand Prix,14,NOR,01:18:10.852,01:19:47.684
2024,18,Singapore Grand Prix,15,NOR,01:19:47.684,01:21:24.442
2024,18,Singapore Grand Prix,16,NOR,01:21:24.442,01:23:01.066
2024,18,Singapore Grand Prix,17,NOR,01:23:01.066,01:24:38.074
2024,18,Singapore Grand Prix,18,NOR,01:24:38.074,01:26:15.142
2024,18,Singapore Grand Prix,19,NOR,01:26:15.142,01:27:52.424
2024,18,Singapore Grand Prix,20,NOR,01:27:52.424,01:29:29.311
2024,18,Singapore Grand Prix,21,NOR,01:29:29.311,01:31:06.509
2024,18,Singapore Grand Prix,22,NOR,01:31:06.509,01:32:43.624
2024,18,Singapore Grand Prix,23,NOR,01:32:43.624,01:34:20.836
2024,18,Singapore Grand Prix,24,NOR,01:34:20.836,01:35:58.363
2024,18,Singapore Grand Prix,25,NOR,01:35:58.363,01:37:35.767
2024,18,Singapore Grand Prix,26,NOR,01:37:35.767,01:39:13.027
2024,18,Singapore Grand Prix,27,NOR,01:39:13.027,01:40:50.63
2024,18,Singapore Grand Prix,28,NOR,01:40:50.63,01:42:28.158
2024,18,Singapore Grand Prix,29,NOR,01:42:28.158,01:44:10.036
2024,18,Singapore Grand Prix,30,NOR,01:44:10.036,01:45:57.109
2024,18,Singapore Grand Prix,31,NOR,01:45:57.109,01:47:55.517
2024,18,Singapore Grand Prix,32,NOR,01:47:55.517,01:49:32.551
2024,18,Singapore Grand Prix,33,NOR,01:49:32.551,01:51:09.235
2024,18,Singapore Grand Prix,34,NOR,01:51:09.235,01:52:45.949
2024,18,Singapore Grand Prix,35,NOR,01:52:45.949,01:54:22.473
2024,18,Singapore Grand Prix,36,NOR,01:54:22.473,01:55:58.689
2024,18,Singapore Grand Prix,37,NOR,01:55:58.689,01:57:35.124
2024,18,Singapore Grand Prix,38,NOR,01:57:35.124,01:59:11.834
2024,18,Singapore Grand Prix,39,NOR,01:59:11.834,02:00:49.159
2024,18,Singapore Grand Prix,40,NOR,02:00:49.159,02:02:26.353
2024,18,Singapore Grand Prix,41,NOR,02:02:26.353,02:04:02.923
2024,18,Singapore Grand Prix,42,NOR,02:04:02.923,02:05:39.327
2024,18,Singapore Grand Prix,43,NOR,02:05:39.327,02:07:15.937
2024,18,Singapore Grand Prix,44,NOR,02:07:15.937,02:08:52.212
2024,18,Singapore Grand Prix,45,NOR,02:08:52.212,02:10:29.14
2024,18,Singapore Grand Prix,46,NOR,02:10:29.14,02:12:05.093
2024,18,Singapore Grand Prix,47,NOR,02:12:05.093,02:13:41.66
2024,18,Singapore Grand Prix,48,NOR,02:13:41.66,02:15:16.585
2024,18,Singapore Grand Prix,49,NOR,02:15:16.585,02:16:52.645
2024,18,Singapore Grand Prix,50,NOR,02:16:52.645,02:18:28.956
2024,18,Singapore Grand Prix,51,NOR,02:18:28.956,02:20:05.559
2024,18,Singapore Grand Prix,52,NOR,02:20:05.559,02:21:41.751
2024,18,Singapore Grand Prix,53,NOR,02:21:41.751,02:23:18.186
2024,18,Singapore Grand Prix,54,NOR,02:23:18.186,02:24:54.935
2024,18,Singapore Grand Prix,55,NOR,02:24:54.935,02:26:31.721
2024,18,Singapore Grand Prix,56,NOR,02:26:31.721,02:28:08.918
2024,18,Singapore Grand Prix,57,NOR,02:28:08.918,02:29:47.767
2024,18,Singapore Grand Prix,58,NOR,02:29:47.767,02:31:25.501
2024,18,Singapore Grand Prix,59,NOR,02:31:25.501,02:33:02.449
2024,18,Singapore Grand Prix,60,NOR,02:33:02.449,02:34:39.08
2024,18,Singapore Grand Prix,61,NOR,02:34:39.08,02:36:15.9
2024,18,Singapore Grand Prix,62,NOR,02:36:15.9,02:37:53.822
2024,19,United States Grand Prix,1,LEC,00:57:10.953,00:58:51.218
2024,19,United States Grand Prix,2,LEC,00:58:51.218,01:00:31.559
2024,19,United States Grand Prix,3,LEC,01:00:31.559,01:02:34.432
2024,19,United States Grand Prix,4,LEC,01:02:34.432,01:05:05.74
2024,19,United States Grand Prix,5,LEC,01:05:05.74,01:07:54.398
2024,19,United States Grand Prix,6,LEC,01:07:54.398,01:09:33.349
2024,19,United States Grand Prix,7,LEC,01:09:33.349,01:11:12.919
2024,19,United States Grand Prix,8,LEC,01:11:12.919,01:12:52.226
2024,19,United States Grand Prix,9,LEC,01:12:52.226,01:14:31.483
2024,19,United States Grand Prix,10,LEC,01:14:31.483,01:16:10.904
2024,19,United States Grand Prix,11,LEC,01:16:10.904,01:17:50.501
2024,19,United States Grand Prix,12,LEC,01:17:50.501,01:19:29.949
2024,19,United States Grand Prix,13,LEC,01:19:29.949,01:21:09.348
2024,19,United States Grand Prix,14,LEC,01:21:09.348,01:22:48.548
2024,19,United States Grand Prix,15,LEC,01:22:48.548,01:24:28.22
2024,19,United States Grand Prix,16,LEC,01:24:28.22,01:26:08.002
2024,19,United States Grand Prix,17,LEC,01:26:08.002,01:27:47.623
2024,19,United States Grand Prix,18,LEC,01:27:47.623,01:29:27.058
2024,19,United States Grand Prix,19,LEC,01:29:27.058,01:31:06.611
2024,19,United States Grand Prix,20,LEC,01:31:06.611,01:32:46.367
2024,19,United States Grand Prix,21,LEC,01:32:46.367,01:34:25.873
2024,19,United States Grand Prix,22,LEC,01:34:25.873,01:36:05.284
2024,19,United States Grand Prix,23,LEC,01:36:05.284,01:37:45.162
2024,19,United States Grand Prix,24,LEC,01:37:45.162,01:39:24.861
2024,19,United States Grand Prix,25,LEC,01:39:24.861,01:41:04.444
2024,19,United States Grand Prix,26,LEC,01:41:04.444,01:42:44.655
2024,19,United States Grand Prix,27,NOR,01:42:57.724,01:44:36.817
2024,19,United States Grand Prix,28,NOR,01:44:36.817,01:46:15.973
2024,19,United States Grand Prix,29,NOR,01:46:15.973,01:47:55.521
2024,19,United States Grand Prix,30,NOR,01:47:55.521,01:49:35.226
2024,19,United States Grand Prix,31,NOR,01:49:35.226,01:51:16.695
2024,19,United States Grand Prix,32,LEC,01:51:19.607,01:52:58.432
2024,19,United States Grand Prix,33,LEC,01:52:58.432,01:54:37.464
2024,19,United States Grand Prix,34,LEC,01:54:37.464,01:56:16.097
2024,19,United States Grand Prix,35,LEC,01:56:16.097,01:57:54.994
2024,19,United States Grand Prix,36,LEC,01:57:54.994,01:59:33.637
2024,19,United States Grand Prix,37,LEC,01:59:33.637,02:01:12.114
2024,19,United States Grand Prix,38,LEC,02:01:12.114,02:02:50.684
2024,19,United States Grand Prix,39,LEC,02:02:50.684,02:04:28.518
2024,19,United States Grand Prix,40,LEC,02:04:28.518,02:06:06.805
2024,19,United States Grand Prix,41,LEC,02:06:06.805,02:07:45.2
2024,19,United States Grand Prix,42,LEC,02:07:45.2,02:09:23.379
2024,19,United States Grand Prix,43,LEC,02:09:23.379,02:11:01.636
2024,19,United States Grand Prix,44,LEC,02:11:01.636,02:12:40.333
2024,19,United States Grand Prix,45,LEC,02:12:40.333,02:14:18.682
2024,19,United States Grand Prix,46,LEC,02:14:18.682,02:15:57.859
2024,19,United States Grand Prix,47,LEC,02:15:57.859,02:17:36.33
2024,19,United States Grand Prix,48,LEC,02:17:36.33,02:19:14.643
2024,19,United States Grand Prix,49,LEC,02:19:14.643,02:20:52.969
2024,19,United States Grand Prix,50,LEC,02:20:52.969,02:22:30.92
2024,19,United States Grand Prix,51,LEC,02:22:30.92,02:24:08.795
2024,19,United States Grand Prix,52,LEC,02:24:08.795,02:25:46.887
2024,19,United States Grand Prix,53,LEC,02:25:46.887,02:27:25.252
2024,19,United States Grand Prix,54,LEC,02:27:25.252,02:29:03.427
2024,19,United States Grand Prix,55,LEC,02:29:03.427,02:30:41.329
2024,19,United States Grand Prix,56,LEC,02:30:41.329,02:32:20.847
2024,20,Mexico City Grand Prix,1,VER,00:56:01.523,00:57:46.83
2024,20,Mexico City Grand Prix,2,VER,00:57:46.83,01:00:05.089
2024,20,Mexico City Grand Prix,3,VER,01:00:05.089,01:02:19.386
2024,20,Mexico City Grand Prix,4,VER,01:02:19.386,01:04:29.178
2024,20,Mexico City Grand Prix,5,VER,01:04:29.178,01:06:39.47
2024,20,Mexico City Grand Prix,6,VER,01:06:39.47,01:08:43.827
2024,20,Mexico City Grand Prix,7,VER,01:08:43.827,01:10:05.269
2024,20,Mexico City Grand Prix,8,VER,01:10:05.269,01:11:26.744
2024,20,Mexico City Grand Prix,9,SAI,01:11:27.619,01:12:50.112
2024,20,Mexico City Grand Prix,10,SAI,01:12:50.112,01:14:12.55
2024,20,Mexico City Grand Prix,11,SAI,01:14:12.55,01:15:34.397
2024,20,Mexico City Grand Prix,12,SAI,01:15:34.397,01:16:55.912
2024,20,Mexico City Grand Prix,13,SAI,01:16:55.912,01:18:17.627
2024,20,Mexico City Grand Prix,14,SAI,01:18:17.627,01:19:39.102
2024,20,Mexico City Grand Prix,15,SAI,01:19:39.102,01:21:00.618
2024,20,Mexico City Grand Prix,16,SAI,01:21:00.618,01:22:22.208
2024,20,Mexico City Grand Prix,17,SAI,01:22:22.208,01:23:44.22
2024,20,Mexico City Grand Prix,18,SAI,01:23:44.22,01:25:05.985
2024,20,Mexico City Grand Prix,19,SAI,01:25:05.985,01:26:27.7
2024,20,Mexico City Grand Prix,20,SAI,01:26:27.7,01:27:49.489
2024,20,Mexico City Grand Prix,21,SAI,01:27:49.489,01:29:10.902
2024,20,Mexico City Grand Prix,22,SAI,01:29:10.902,01:30:32.584
2024,20,Mexico City Grand Prix,23,SAI,01:30:32.584,01:31:54.1
2024,20,Mexico City Grand Prix,24,SAI,01:31:54.1,01:33:15.528
2024,20,Mexico City Grand Prix,25,SAI,01:33:15.528,01:34:37.187
2024,20,Mexico City Grand Prix,26,SAI,01:34:37.187,01:35:58.783
2024,20,Mexico City Grand Prix,27,SAI,01:35:58.783,01:37:20.61
2024,20,Mexico City Grand Prix,28,SAI,01:37:20.61,01:38:42.618
2024,20,Mexico City Grand Prix,29,SAI,01:38:42.618,01:40:04.487
2024,20,Mexico City Grand Prix,30,SAI,01:40:04.487,01:41:26.324
2024,20,Mexico City Grand Prix,31,SAI,01:41:26.324,01:42:48.381
2024,20,Mexico City Grand Prix,32,SAI,01:42:48.381,01:44:13.489
2024,20,Mexico City Grand Prix,33,SAI,01:44:13.489,01:45:53.302
2024,20,Mexico City Grand Prix,34,SAI,01:45:53.302,01:47:14.339
2024,20,Mexico City Grand Prix,35,SAI,01:47:14.339,01:48:35.529
2024,20,Mexico City Grand Prix,36,SAI,01:48:35.529,01:49:56.608
2024,20,Mexico City Grand Prix,37,SAI,01:49:56.608,01:51:17.761
2024,20,Mexico City Grand Prix,38,SAI,01:51:17.761,01:52:38.377
2024,20,Mexico City Grand Prix,39,SAI,01:52:38.377,01:53:59.372
2024,20,Mexico City Grand Prix,40,SAI,01:53:59.372,01:55:20.06
2024,20,Mexico City Grand Prix,41,SAI,01:55:20.06,01:56:41.04
2024,20,Mexico City Grand Prix,42,SAI,01:56:41.04,01:58:01.979
2024,20,Mexico City Grand Prix,43,SAI,01:58:01.979,01:59:22.819
2024,20,Mexico City Grand Prix,44,SAI,01:59:22.819,02:00:43.625
2024,20,Mexico City Grand Prix,45,SAI,02:00:43.625,02:02:04.207
2024,20,Mexico City Grand Prix,46,SAI,02:02:04.207,02:03:24.799
2024,20,Mexico City Grand Prix,47,SAI,02:03:24.799,02:04:45.174
2024,20,Mexico City Grand Prix,48,SAI,02:04:45.174,02:06:05.921
2024,20,Mexico City Grand Prix,49,SAI,02:06:05.921,02:07:26.736
2024,20,Mexico City Grand Prix,50,SAI,02:07:26.736,02:08:47.469
2024,20,Mexico City Grand Prix,51,SAI,02:08:47.469,02:10:08.294
2024,20,Mexico City Grand Prix,52,SAI,02:10:08.294,02:11:29.259
2024,20,Mexico City Grand Prix,53,SAI,02:11:29.259,02:12:49.978
2024,20,Mexico City Grand Prix,54,SAI,02:12:49.978,02:14:10.628
2024,20,Mexico City Grand Prix,55,SAI,02:14:10.628,02:15:30.934
2024,20,Mexico City Grand Prix,56,SAI,02:15:30.934,02:16:51.19
2024,20,Mexico City Grand Prix,57,SAI,02:16:51.19,02:18:11.505
2024,20,Mexico City Grand Prix,58,SAI,02:18:11.505,02:19:31.846
2024,20,Mexico City Grand Prix,59,SAI,02:19:31.846,02:20:52.576
2024,20,Mexico City Grand Prix,60,SAI,02:20:52.576,02:22:12.902
2024,20,Mexico City Grand Prix,61,SAI,02:22:12.902,02:23:33.117
2024,20,Mexico City Grand Prix,62,SAI,02:23:33.117,02:24:53.254
2024,20,Mexico City Grand Prix,63,SAI,02:24:53.254,02:26:13.81
2024,20,Mexico City Grand Prix,64,SAI,02:26:13.81,02:27:34.303
2024,20,Mexico City Grand Prix,65,SAI,02:27:34.303,02:28:54.826
2024,20,Mexico City Grand Prix,66,SAI,02:28:54.826,02:30:15.127
2024,20,Mexico City Grand Prix,67,SAI,02:30:15.127,02:31:35.778
2024,20,Mexico City Grand Prix,68,SAI,02:31:35.778,02:32:56.153
2024,20,Mexico City Grand Prix,69,SAI,02:32:56.153,02:34:16.551
2024,20,Mexico City Grand Prix,70,SAI,02:34:16.551,02:35:36.986
2024,20,Mexico City Grand Prix,71,SAI,02:35:36.986,02:36:57.571
2024,21,São Paulo Grand Prix,1,STR,01:11:54.77,01:13:25.562
2024,21,São Paulo Grand Prix,2,RUS,01:13:25.562,01:14:51.366
2024,21,São Paulo Grand Prix,3,RUS,01:14:51.366,01:16:16.964
2024,21,São Paulo Grand Prix,4,RUS,01:16:16.964,01:17:42.606
2024,21,São Paulo Grand Prix,5,RUS,01:17:42.606,01:19:07.923
2024,21,São Paulo Grand Prix,6,RUS,01:19:07.923,01:20:32.598
2024,21,São Paulo Grand Prix,7,RUS,01:20:32.598,01:21:57.452
2024,21,São Paulo Grand Prix,8,RUS,01:21:57.452,01:23:22.04
2024,21,São Paulo Grand Prix,9,RUS,01:23:22.04,01:24:46.278
2024,21,São Paulo Grand Prix,10,RUS,01:24:46.278,01:26:10.573
2024,21,São Paulo Grand Prix,11,RUS,01:26:10.573,01:27:34.501
2024,21,São Paulo Grand Prix,12,RUS,01:27:34.501,01:28:58.717
2024,21,São Paulo Grand Prix,13,RUS,01:28:58.717,01:30:23.389
2024,21,São Paulo Grand Prix,14,RUS,01:30:23.389,01:31:47.851
2024,21,São Paulo Grand Prix,15,RUS,01:31:47.851,01:33:12.234
2024,21,São Paulo Grand Prix,16,RUS,01:33:12.234,01:34:36.218
2024,21,São Paulo Grand Prix,17,RUS,01:34:36.218,01:36:00.928
2024,21,São Paulo Grand Prix,18,RUS,01:36:00.928,01:37:25.351
2024,21,São Paulo Grand Prix,19,RUS,01:37:25.351,01:38:49.689
2024,21,São Paulo Grand Prix,20,RUS,01:38:49.689,01:40:13.44
2024,21,São Paulo Grand Prix,21,RUS,01:40:13.44,01:41:36.957
2024,21,São Paulo Grand Prix,22,RUS,01:41:36.957,01:43:00.84
2024,21,São Paulo Grand Prix,23,RUS,01:43:00.84,01:44:24.967
2024,21,São Paulo Grand Prix,24,RUS,01:44:24.967,01:45:49.374
2024,21,São Paulo Grand Prix,25,RUS,01:45:49.374,01:47:13.844
2024,21,São Paulo Grand Prix,26,RUS,01:47:13.844,01:48:39.248
2024,21,São Paulo Grand Prix,27,RUS,01:48:39.248,01:50:06.125
2024,21,São Paulo Grand Prix,28,RUS,01:50:06.125,01:52:00.553
2024,21,São Paulo Grand Prix,29,OCO,01:52:09.737,01:53:50.56
2024,21,São Paulo Grand Prix,30,OCO,01:53:50.56,01:55:48.707
2024,21,São Paulo Grand Prix,31,OCO,01:55:48.707,01:58:00.817
2024,21,São Paulo Grand Prix,32,OCO,01:58:00.817,02:00:39.042
2024,21,São Paulo Grand Prix,33,OCO,02:23:57.645,02:26:36.856
2024,21,São Paulo Grand Prix,34,OCO,02:26:36.856,02:28:06.247
2024,21,São Paulo Grand Prix,35,OCO,02:28:06.247,02:29:33.16
2024,21,São Paulo Grand Prix,36,OCO,02:29:33.16,02:30:58.933
2024,21,São Paulo Grand Prix,37,OCO,02:30:58.933,02:32:24.204
2024,21,São Paulo Grand Prix,38,OCO,02:32:24.204,02:33:48.806
2024,21,São Paulo Grand Prix,39,OCO,02:33:48.806,02:35:13.226
2024,21,São Paulo Grand Prix,40,OCO,02:35:13.226,02:37:25.39
2024,21,São Paulo Grand Prix,41,OCO,02:37:25.39,02:39:30.903
2024,21,São Paulo Grand Prix,42,OCO,02:39:30.903,02:41:54.455
2024,21,São Paulo Grand Prix,43,VER,02:41:54.842,02:43:20.518
2024,21,São Paulo Grand Prix,44,VER,02:43:20.518,02:44:44.402
2024,21,São Paulo Grand Prix,45,VER,02:44:44.402,02:46:07.278
2024,21,São Paulo Grand Prix,46,VER,02:46:07.278,02:47:30.384
2024,21,São Paulo Grand Prix,47,VER,02:47:30.384,02:48:52.837
2024,21,São Paulo Grand Prix,48,VER,02:48:52.837,02:50:15.127
2024,21,São Paulo Grand Prix,49,VER,02:50:15.127,02:51:37.368
2024,21,São Paulo Grand Prix,50,VER,02:51:37.368,02:52:59.411
2024,21,São Paulo Grand Prix,51,VER,02:52:59.411,02:54:21.717
2024,21,São Paulo Grand Prix,52,VER,02:54:21.717,02:55:44.097
2024,21,São Paulo Grand Prix,53,VER,02:55:44.097,02:57:06.348
2024,21,São Paulo Grand Prix,54,VER,02:57:06.348,02:58:28.594
2024,21,São Paulo Grand Prix,55,VER,02:58:28.594,02:59:50.885
2024,21,São Paulo Grand Prix,56,VER,02:59:50.885,03:01:12.89
2024,21,São Paulo Grand Prix,57,VER,03:01:12.89,03:02:34.752
2024,21,São Paulo Grand Prix,58,VER,03:02:34.752,03:03:56.534
2024,21,São Paulo Grand Prix,59,VER,03:03:56.534,03:05:18.085
2024,21,São Paulo Grand Prix,60,VER,03:05:18.085,03:06:39.416
2024,21,São Paulo Grand Prix,61,VER,03:06:39.416,03:08:00.752
2024,21,São Paulo Grand Prix,62,VER,03:08:00.752,03:09:21.821
2024,21,São Paulo Grand Prix,63,VER,03:09:21.821,03:10:43.053
2024,21,São Paulo Grand Prix,64,VER,03:10:43.053,03:12:04.082
2024,21,São Paulo Grand Prix,65,VER,03:12:04.082,03:13:25.072
2024,21,São Paulo Grand Prix,66,VER,03:13:25.072,03:14:46.183
2024,21,São Paulo Grand Prix,67,VER,03:14:46.183,03:16:06.655
2024,21,São Paulo Grand Prix,68,VER,03:16:06.655,03:17:28.209
2024,21,São Paulo Grand Prix,69,VER,03:17:28.209,03:18:49.531
2024,22,Las Vegas Grand Prix,1,RUS,00:56:26.961,00:58:10.045
2024,22,Las Vegas Grand Prix,2,RUS,00:58:10.045,00:59:49.122
2024,22,Las Vegas Grand Prix,3,RUS,00:59:49.122,01:01:27.986
2024,22,Las Vegas Grand Prix,4,RUS,01:01:27.986,01:03:06.734
2024,22,Las Vegas Grand Prix,5,RUS,01:03:06.734,01:04:44.87
2024,22,Las Vegas Grand Prix,6,RUS,01:04:44.87,01:06:23.2
2024,22,Las Vegas Grand Prix,7,RUS,01:06:23.2,01:08:01.698
2024,22,Las Vegas Grand Prix,8,RUS,01:08:01.698,01:09:40.051
2024,22,Las Vegas Grand Prix,9,RUS,01:09:40.051,01:11:18.802
2024,22,Las Vegas Grand Prix,10,RUS,01:11:18.802,01:12:57.483
2024,22,Las Vegas Grand Prix,11,RUS,01:12:57.483,01:14:36.172
2024,22,Las Vegas Grand Prix,12,RUS,01:14:36.172,01:16:19.694
2024,22,Las Vegas Grand Prix,13,HAM,01:16:30.883,01:18:14.073
2024,22,Las Vegas Grand Prix,14,RUS,01:18:14.448,01:19:52.744
2024,22,Las Vegas Grand Prix,15,RUS,01:19:52.744,01:21:31.075
2024,22,Las Vegas Grand Prix,16,RUS,01:21:31.075,01:23:08.988
2024,22,Las Vegas Grand Prix,17,RUS,01:23:08.988,01:24:46.857
2024,22,Las Vegas Grand Prix,18,RUS,01:24:46.857,01:26:24.821
2024,22,Las Vegas Grand Prix,19,RUS,01:26:24.821,01:28:02.824
2024,22,Las Vegas Grand Prix,20,RUS,01:28:02.824,01:29:40.557
2024,22,Las Vegas Grand Prix,21,RUS,01:29:40.557,01:31:17.916
2024,22,Las Vegas Grand Prix,22,RUS,01:31:17.916,01:32:55.472
2024,22,Las Vegas Grand Prix,23,RUS,01:32:55.472,01:34:33.202
2024,22,Las Vegas Grand Prix,24,RUS,01:34:33.202,01:36:10.778
2024,22,Las Vegas Grand Prix,25,RUS,01:36:10.778,01:37:48.502
2024,22,Las Vegas Grand Prix,26,RUS,01:37:48.502,01:39:25.969
2024,22,Las Vegas Grand Prix,27,RUS,01:39:25.969,01:41:03.578
2024,22,Las Vegas Grand Prix,28,RUS,01:41:03.578,01:42:41.474
2024,22,Las Vegas Grand Prix,29,RUS,01:42:41.474,01:44:19.03
2024,22,Las Vegas Grand Prix,30,RUS,01:44:19.03,01:45:56.574
2024,22,Las Vegas Grand Prix,31,RUS,01:45:56.574,01:47:34.375
2024,22,Las Vegas Grand Prix,32,RUS,01:47:34.375,01:49:16.604
2024,22,Las Vegas Grand Prix,33,RUS,01:49:16.604,01:51:10.307
2024,22,Las Vegas Grand Prix,34,RUS,01:51:10.307,01:52:47.928
2024,22,Las Vegas Grand Prix,35,RUS,01:52:47.928,01:54:25.174
2024,22,Las Vegas Grand Prix,36,RUS,01:54:25.174,01:56:02.195
2024,22,Las Vegas Grand Prix,37,RUS,01:56:02.195,01:57:39.039
2024,22,Las Vegas Grand Prix,38,RUS,01:57:39.039,01:59:15.446
2024,22,Las Vegas Grand Prix,39,RUS,01:59:15.446,02:00:51.721
2024,22,Las Vegas Grand Prix,40,RUS,02:00:51.721,02:02:28.079
2024,22,Las Vegas Grand Prix,41,RUS,02:02:28.079,02:04:04.638
2024,22,Las Vegas Grand Prix,42,RUS,02:04:04.638,02:05:40.982
2024,22,Las Vegas Grand Prix,43,RUS,02:05:40.982,02:07:16.933
2024,22,Las Vegas Grand Prix,44,RUS,02:07:16.933,02:08:52.879
2024,22,Las Vegas Grand Prix,45,RUS,02:08:52.879,02:10:28.936
2024,22,Las Vegas Grand Prix,46,RUS,02:10:28.936,02:12:04.653
2024,22,Las Vegas Grand Prix,47,RUS,02:12:04.653,02:13:41.013
2024,22,Las Vegas Grand Prix,48,RUS,02:13:41.013,02:15:17.676
2024,22,Las Vegas Grand Prix,49,RUS,02:15:17.676,02:16:54.88
2024,22,Las Vegas Grand Prix,50,RUS,02:16:54.88,02:18:32.747
2024,23,Qatar Grand Prix,1,VER,00:54:49.896,00:56:41.503
2024,23,Qatar Grand Prix,2,VER,00:56:41.503,00:59:02.76
2024,23,Qatar Grand Prix,3,VER,00:59:02.76,01:01:20.15
2024,23,Qatar Grand Prix,4,VER,01:01:20.15,01:03:53.242
2024,23,Qatar Grand Prix,5,VER,01:03:53.242,01:05:19.966
2024,23,Qatar Grand Prix,6,VER,01:05:19.966,01:06:46.468
2024,23,Qatar Grand Prix,7,VER,01:06:46.468,01:08:12.844
2024,23,Qatar Grand Prix,8,VER,01:08:12.844,01:09:39.124
2024,23,Qatar Grand Prix,9,VER,01:09:39.124,01:11:05.324
2024,23,Qatar Grand Prix,10,VER,01:11:05.324,01:12:31.297
2024,23,Qatar Grand Prix,11,VER,01:12:31.297,01:13:57.105
2024,23,Qatar Grand Prix,12,VER,01:13:57.105,01:15:23.008
2024,23,Qatar Grand Prix,13,VER,01:15:23.008,01:16:48.851
2024,23,Qatar Grand Prix,14,VER,01:16:48.851,01:18:14.663
2024,23,Qatar Grand Prix,15,VER,01:18:14.663,01:19:40.361
2024,23,Qatar Grand Prix,16,VER,01:19:40.361,01:21:05.966
2024,23,Qatar Grand Prix,17,VER,01:21:05.966,01:22:31.426
2024,23,Qatar Grand Prix,18,VER,01:22:31.426,01:23:56.505
2024,23,Qatar Grand Prix,19,VER,01:23:56.505,01:25:21.814
2024,23,Qatar Grand Prix,20,VER,01:25:21.814,01:26:46.71
2024,23,Qatar Grand Prix,21,VER,01:26:46.71,01:28:11.68
2024,23,Qatar Grand Prix,22,VER,01:28:11.68,01:29:36.588
2024,23,Qatar Grand Prix,23,VER,01:29:36.588,01:31:01.444
2024,23,Qatar Grand Prix,24,VER,01:31:01.444,01:32:26.269
2024,23,Qatar Grand Prix,25,VER,01:32:26.269,01:33:50.971
2024,23,Qatar Grand Prix,26,VER,01:33:50.971,01:35:15.746
2024,23,Qatar Grand Prix,27,VER,01:35:15.746,01:36:40.466
2024,23,Qatar Grand Prix,28,VER,01:36:40.466,01:38:05.185
2024,23,Qatar Grand Prix,29,VER,01:38:05.185,01:39:30.046
2024,23,Qatar Grand Prix,30,VER,01:39:30.046,01:40:55.173
2024,23,Qatar Grand Prix,31,VER,01:40:55.173,01:42:19.586
2024,23,Qatar Grand Prix,32,VER,01:42:19.586,01:43:44.013
2024,23,Qatar Grand Prix,33,VER,01:43:44.013,01:45:08.363
2024,23,Qatar Grand Prix,34,VER,01:45:08.363,01:46:32.831
2024,23,Qatar Grand Prix,35,VER,01:46:32.831,01:48:05.138
2024,23,Qatar Grand Prix,36,VER,01:48:05.138,01:50:54.405
2024,23,Qatar Grand Prix,37,VER,01:50:54.405,01:53:42.98
2024,23,Qatar Grand Prix,38,VER,01:53:42.98,01:56:14.039
2024,23,Qatar Grand Prix,39,VER,01:56:14.039,01:58:40.192
2024,23,Qatar Grand Prix,40,VER,01:58:40.192,02:00:19.628
2024,23,Qatar Grand Prix,41,VER,02:00:19.628,02:02:35.704
2024,23,Qatar Grand Prix,42,VER,02:02:35.704,02:05:04.787
2024,23,Qatar Grand Prix,43,VER,02:05:04.787,02:06:29.296
2024,23,Qatar Grand Prix,44,VER,02:06:29.296,02:07:52.829
2024,23,Qatar Grand Prix,45,VER,02:07:52.829,02:09:16.222
2024,23,Qatar Grand Prix,46,VER,02:09:16.222,02:10:39.592
2024,23,Qatar Grand Prix,47,VER,02:10:39.592,02:12:02.895
2024,23,Qatar Grand Prix,48,VER,02:12:02.895,02:13:26.318
2024,23,Qatar Grand Prix,49,VER,02:13:26.318,02:14:49.786
2024,23,Qatar Grand Prix,50,VER,02:14:49.786,02:16:13.107
2024,23,Qatar Grand Prix,51,VER,02:16:13.107,02:17:36.15
2024,23,Qatar Grand Prix,52,VER,02:17:36.15,02:18:59.312
2024,23,Qatar Grand Prix,53,VER,02:18:59.312,02:20:22.444
2024,23,Qatar Grand Prix,54,VER,02:20:22.444,02:21:45.45
2024,23,Qatar Grand Prix,55,VER,02:21:45.45,02:23:08.355
2024,23,Qatar Grand Prix,56,VER,02:23:08.355,02:24:31.724
2024,23,Qatar Grand Prix,57,VER,02:24:31.724,02:25:55.5
2024,24,Abu Dhabi Grand Prix,1,PER,00:56:47.817,00:58:19.229
2024,24,Abu Dhabi Grand Prix,2,NOR,00:58:19.229,01:00:07.578
2024,24,Abu Dhabi Grand Prix,3,NOR,01:00:07.578,01:01:50.891
2024,24,Abu Dhabi Grand Prix,4,NOR,01:01:50.891,01:03:19.901
2024,24,Abu Dhabi Grand Prix,5,NOR,01:03:19.901,01:04:49.005
2024,24,Abu Dhabi Grand Prix,6,NOR,01:04:49.005,01:06:18.366
2024,24,Abu Dhabi Grand Prix,7,NOR,01:06:18.366,01:07:47.39
2024,24,Abu Dhabi Grand Prix,8,NOR,01:07:47.39,01:09:16.25
2024,24,Abu Dhabi Grand Prix,9,NOR,01:09:16.25,01:10:45.257
2024,24,Abu Dhabi Grand Prix,10,NOR,01:10:45.257,01:12:14.501
2024,24,Abu Dhabi Grand Prix,11,NOR,01:12:14.501,01:13:43.629
2024,24,Abu Dhabi Grand Prix,12,NOR,01:13:43.629,01:15:12.713
2024,24,Abu Dhabi Grand Prix,13,NOR,01:15:12.713,01:16:41.985
2024,24,Abu Dhabi Grand Prix,14,NOR,01:16:41.985,01:18:11.024
2024,24,Abu Dhabi Grand Prix,15,NOR,01:18:11.024,01:19:40.094
2024,24,Abu Dhabi Grand Prix,16,NOR,01:19:40.094,01:21:09.045
2024,24,Abu Dhabi Grand Prix,17,NOR,01:21:09.045,01:22:38
2024,24,Abu Dhabi Grand Prix,18,NOR,01:22:38,01:24:07.222
2024,24,Abu Dhabi Grand Prix,19,NOR,01:24:07.222,01:25:36.361
2024,24,Abu Dhabi Grand Prix,20,NOR,01:25:36.361,01:27:05.574
2024,24,Abu Dhabi Grand Prix,21,NOR,01:27:05.574,01:28:34.707
2024,24,Abu Dhabi Grand Prix,22,NOR,01:28:34.707,01:30:03.896
2024,24,Abu Dhabi Grand Prix,23,NOR,01:30:03.896,01:31:33.158
2024,24,Abu Dhabi Grand Prix,24,NOR,01:31:33.158,01:33:02.642
2024,24,Abu Dhabi Grand Prix,25,NOR,01:33:02.642,01:34:31.852
2024,24,Abu Dhabi Grand Prix,26,NOR,01:34:31.852,01:36:03.419
2024,24,Abu Dhabi Grand Prix,27,NOR,01:36:03.419,01:37:50.932
2024,24,Abu Dhabi Grand Prix,28,NOR,01:37:50.932,01:39:19.257
2024,24,Abu Dhabi Grand Prix,29,NOR,01:39:19.257,01:40:47.696
2024,24,Abu Dhabi Grand Prix,30,NOR,01:40:47.696,01:42:15.931
2024,24,Abu Dhabi Grand Prix,31,NOR,01:42:15.931,01:43:44.293
2024,24,Abu Dhabi Grand Prix,32,NOR,01:43:44.293,01:45:12.707
2024,24,Abu Dhabi Grand Prix,33,NOR,01:45:12.707,01:46:40.833
2024,24,Abu Dhabi Grand Prix,34,NOR,01:46:40.833,01:48:08.941
2024,24,Abu Dhabi Grand Prix,35,NOR,01:48:08.941,01:49:36.915
2024,24,Abu Dhabi Grand Prix,36,NOR,01:49:36.915,01:51:04.79
2024,24,Abu Dhabi Grand Prix,37,NOR,01:51:04.79,01:52:32.866
2024,24,Abu Dhabi Grand Prix,38,NOR,01:52:32.866,01:54:00.773
2024,24,Abu Dhabi Grand Prix,39,NOR,01:54:00.773,01:55:28.533
2024,24,Abu Dhabi Grand Prix,40,NOR,01:55:28.533,01:56:56.24
2024,24,Abu Dhabi Grand Prix,41,NOR,01:56:56.24,01:58:24.097
2024,24,Abu Dhabi Grand Prix,42,NOR,01:58:24.097,01:59:52.259
2024,24,Abu Dhabi Grand Prix,43,NOR,01:59:52.259,02:01:20.261
2024,24,Abu Dhabi Grand Prix,44,NOR,02:01:20.261,02:02:48.223
2024,24,Abu Dhabi Grand Prix,45,NOR,02:02:48.223,02:04:16.278
2024,24,Abu Dhabi Grand Prix,46,NOR,02:04:16.278,02:05:44.356
2024,24,Abu Dhabi Grand Prix,47,NOR,02:05:44.356,02:07:12.593
2024,24,Abu Dhabi Grand Prix,48,NOR,02:07:12.593,02:08:40.798
2024,24,Abu Dhabi Grand Prix,49,NOR,02:08:40.798,02:10:09.169
2024,24,Abu Dhabi Grand Prix,50,NOR,02:10:09.169,02:11:37.297
2024,24,Abu Dhabi Grand Prix,51,NOR,02:11:37.297,02:13:05.164
2024,24,Abu Dhabi Grand Prix,52,NOR,02:13:05.164,02:14:32.602
2024,24,Abu Dhabi Grand Prix,53,NOR,02:14:32.602,02:16:00.122
2024,24,Abu Dhabi Grand Prix,54,NOR,02:16:00.122,02:17:28.246
2024,24,Abu Dhabi Grand Prix,55,NOR,02:17:28.246,02:18:55.893
2024,24,Abu Dhabi Grand Prix,56,NOR,02:18:55.893,02:20:23.591
2024,24,Abu Dhabi Grand Prix,57,NOR,02:20:23.591,02:21:51.52
2024,24,Abu Dhabi Grand Prix,58,NOR,02:21:51.52,02:23:21.378
2025,1,Australian Grand Prix,1,NOR,01:11:00.355,01:12:57.726
2025,1,Australian Grand Prix,2,NOR,01:12:57.726,01:15:47.663
2025,1,Australian Grand Prix,3,NOR,01:15:47.663,01:18:29.359
2025,1,Australian Grand Prix,4,NOR,01:18:29.359,01:21:05.355
2025,1,Australian Grand Prix,5,NOR,01:21:05.355,01:23:29.003
2025,1,Australian Grand Prix,6,NOR,01:23:29.003,01:25:49.426
2025,1,Australian Grand Prix,7,NOR,01:25:49.426,01:28:06.534
2025,1,Australian Grand Prix,8,NOR,01:28:06.534,01:29:42.812
2025,1,Australian Grand Prix,9,NOR,01:29:42.812,01:31:17.45
2025,1,Australian Grand Prix,10,NOR,01:31:17.45,01:32:49.58
2025,1,Australian Grand Prix,11,NOR,01:32:49.58,01:34:21.769
2025,1,Australian Grand Prix,12,NOR,01:34:21.769,01:35:53.547
2025,1,Australian Grand Prix,13,NOR,01:35:53.547,01:37:24.865
2025,1,Australian Grand Prix,14,NOR,01:37:24.865,01:38:55.66
2025,1,Australian Grand Prix,15,NOR,01:38:55.66,01:40:25.886
2025,1,Australian Grand Prix,16,NOR,01:40:25.886,01:41:55.838
2025,1,Australian Grand Prix,17,NOR,01:41:55.838,01:43:26.102
2025,1,Australian Grand Prix,18,NOR,01:43:26.102,01:44:56.248
2025,1,Australian Grand Prix,19,NOR,01:44:56.248,01:46:26.799
2025,1,Australian Grand Prix,20,NOR,01:46:26.799,01:47:57.509
2025,1,Australian Grand Prix,21,NOR,01:47:57.509,01:49:27.743
2025,1,Australian Grand Prix,22,NOR,01:49:27.743,01:50:58.043
2025,1,Australian Grand Prix,23,NOR,01:50:58.043,01:52:27.965
2025,1,Australian Grand Prix,24,NOR,01:52:27.965,01:53:57.652
2025,1,Australian Grand Prix,25,NOR,01:53:57.652,01:55:27.253
2025,1,Australian Grand Prix,26,NOR,01:55:27.253,01:56:56.413
2025,1,Australian Grand Prix,27,NOR,01:56:56.413,01:58:25.663
2025,1,Australian Grand Prix,28,NOR,01:58:25.663,01:59:54.76
2025,1,Australian Grand Prix,29,NOR,01:59:54.76,02:01:23.117
2025,1,Australian Grand Prix,30,NOR,02:01:23.117,02:02:51.149
2025,1,Australian Grand Prix,31,NOR,02:02:51.149,02:04:18.844
2025,1,Australian Grand Prix,32,NOR,02:04:18.844,02:05:46.644
2025,1,Australian Grand Prix,33,NOR,02:05:46.644,02:07:14.139
2025,1,Australian Grand Prix,34,NOR,02:07:14.139,02:09:16.412
2025,1,Australian Grand Prix,35,NOR,02:09:16.412,02:11:19.86
2025,1,Australian Grand Prix,36,NOR,02:11:19.86,02:13:36.743
2025,1,Australian Grand Prix,37,NOR,02:13:36.743,02:16:13.634
2025,1,Australian Grand Prix,38,NOR,02:16:13.634,02:18:34.654
2025,1,Australian Grand Prix,39,NOR,02:18:34.654,02:20:48.348
2025,1,Australian Grand Prix,40,NOR,02:20:48.348,02:23:03.685
2025,1,Australian Grand Prix,41,NOR,02:23:03.685,02:25:17.622
2025,1,Australian Grand Prix,42,NOR,02:25:17.622,02:26:41.419
2025,1,Australian Grand Prix,43,NOR,02:26:41.419,02:28:03.586
2025,1,Australian Grand Prix,44,VER,02:28:07.323,02:29:34.112
2025,1,Australian Grand Prix,45,VER,02:29:34.112,02:31:06.986
2025,1,Australian Grand Prix,46,HAM,02:31:16.018,02:32:52.732
2025,1,Australian Grand Prix,47,NOR,02:32:57.147,02:34:50.875
2025,1,Australian Grand Prix,48,NOR,02:34:50.875,02:37:07.87
2025,1,Australian Grand Prix,49,NOR,02:37:07.87,02:39:32.849
2025,1,Australian Grand Prix,50,NOR,02:39:32.849,02:41:55.244
2025,1,Australian Grand Prix,51,NOR,02:41:55.244,02:44:09.422
2025,1,Australian Grand Prix,52,NOR,02:44:09.422,02:45:42.62
2025,1,Australian Grand Prix,53,NOR,02:45:42.62,02:47:13.102
2025,1,Australian Grand Prix,54,NOR,02:47:13.102,02:48:42.53
2025,1,Australian Grand Prix,55,NOR,02:48:42.53,02:50:11.725
2025,1,Australian Grand Prix,56,NOR,02:50:11.725,02:51:39.721
2025,1,Australian Grand Prix,57,NOR,02:51:39.721,02:53:06.847
2025,2,Chinese Grand Prix,1,PIA,00:59:02.863,01:00:41.446
2025,2,Chinese Grand Prix,2,PIA,01:00:41.446,01:02:18.997
2025,2,Chinese Grand Prix,3,PIA,01:02:18.997,01:03:56.686
2025,2,Chinese Grand Prix,4,PIA,01:03:56.686,01:05:34.49
2025,2,Chinese Grand Prix,5,PIA,01:05:34.49,01:07:12.572
2025,2,Chinese Grand Prix,6,PIA,01:07:12.572,01:08:50.111
2025,2,Chinese Grand Prix,7,PIA,01:08:50.111,01:10:28.009
2025,2,Chinese Grand Prix,8,PIA,01:10:28.009,01:12:06.202
2025,2,Chinese Grand Prix,9,PIA,01:12:06.202,01:13:44.401
2025,2,Chinese Grand Prix,10,PIA,01:13:44.401,01:15:22.395
2025,2,Chinese Grand Prix,11,PIA,01:15:22.395,01:17:00.519
2025,2,Chinese Grand Prix,12,PIA,01:17:00.519,01:18:38.632
2025,2,Chinese Grand Prix,13,PIA,01:18:38.632,01:20:16.587
2025,2,Chinese Grand Prix,14,NOR,01:20:19.127,01:21:57.516
2025,2,Chinese Grand Prix,15,NOR,01:21:57.516,01:23:40.785
2025,2,Chinese Grand Prix,16,ALB,01:23:54.028,01:25:32.532
2025,2,Chinese Grand Prix,17,PIA,01:25:34.15,01:27:11.041
2025,2,Chinese Grand Prix,18,PIA,01:27:11.041,01:28:48.212
2025,2,Chinese Grand Prix,19,PIA,01:28:48.212,01:30:25.423
2025,2,Chinese Grand Prix,20,PIA,01:30:25.423,01:32:02.831
2025,2,Chinese Grand Prix,21,PIA,01:32:02.831,01:33:40.816
2025,2,Chinese Grand Prix,22,PIA,01:33:40.816,01:35:18.554
2025,2,Chinese Grand Prix,23,PIA,01:35:18.554,01:36:55.786
2025,2,Chinese Grand Prix,24,PIA,01:36:55.786,01:38:32.756
2025,2,Chinese Grand Prix,25,PIA,01:38:32.756,01:40:09.941
2025,2,Chinese Grand Prix,26,PIA,01:40:09.941,01:41:47.127
2025,2,Chinese Grand Prix,27,PIA,01:41:47.127,01:43:24.239
2025,2,Chinese Grand Prix,28,PIA,01:43:24.239,01:45:01.24
2025,2,Chinese Grand Prix,29,PIA,01:45:01.24,01:46:37.773
2025,2,Chinese Grand Prix,30,PIA,01:46:37.773,01:48:14.583
2025,2,Chinese Grand Prix,31,PIA,01:48:14.583,01:49:51.245
2025,2,Chinese Grand Prix,32,PIA,01:49:51.245,01:51:27.943
2025,2,Chinese Grand Prix,33,PIA,01:51:27.943,01:53:04.392
2025,2,Chinese Grand Prix,34,PIA,01:53:04.392,01:54:41.196
2025,2,Chinese Grand Prix,35,PIA,01:54:41.196,01:56:17.836
2025,2,Chinese Grand Prix,36,PIA,01:56:17.836,01:57:54.631
2025,2,Chinese Grand Prix,37,PIA,01:57:54.631,01:59:31.321
2025,2,Chinese Grand Prix,38,PIA,01:59:31.321,02:01:07.848
2025,2,Chinese Grand Prix,39,PIA,02:01:07.848,02:02:44.048
2025,2,Chinese Grand Prix,40,PIA,02:02:44.048,02:04:20.057
2025,2,Chinese Grand Prix,41,PIA,02:04:20.057,02:05:56.085
2025,2,Chinese Grand Prix,42,PIA,02:05:56.085,02:07:32.404
2025,2,Chinese Grand Prix,43,PIA,02:07:32.404,02:09:08.77
2025,2,Chinese Grand Prix,44,PIA,02:09:08.77,02:10:45.303
2025,2,Chinese Grand Prix,45,PIA,02:10:45.303,02:12:21.977
2025,2,Chinese Grand Prix,46,PIA,02:12:21.977,02:13:58.437
2025,2,Chinese Grand Prix,47,PIA,02:13:58.437,02:15:34.576
2025,2,Chinese Grand Prix,48,PIA,02:15:34.576,02:17:10.578
2025,2,Chinese Grand Prix,49,PIA,02:17:10.578,02:18:46.546
2025,2,Chinese Grand Prix,50,PIA,02:18:46.546,02:20:22.17
2025,2,Chinese Grand Prix,51,PIA,02:20:22.17,02:21:58.277
2025,2,Chinese Grand Prix,52,PIA,02:21:58.277,02:23:34.057
2025,2,Chinese Grand Prix,53,PIA,02:23:34.057,02:25:09.577
2025,2,Chinese Grand Prix,54,PIA,02:25:09.577,02:26:45.218
2025,2,Chinese Grand Prix,55,PIA,02:26:45.218,02:28:21.194
2025,2,Chinese Grand Prix,56,PIA,02:28:21.194,02:29:58.128
2025,3,Japanese Grand Prix,1,VER,00:56:06.651,00:57:41.632
2025,3,Japanese Grand Prix,2,VER,00:57:41.632,00:59:15.575
2025,3,Japanese Grand Prix,3,VER,00:59:15.575,01:00:49.214
2025,3,Japanese Grand Prix,4,VER,01:00:49.214,01:02:22.958
2025,3,Japanese Grand Prix,5,VER,01:02:22.958,01:03:56.734
2025,3,Japanese Grand Prix,6,VER,01:03:56.734,01:05:30.38
2025,3,Japanese Grand Prix,7,VER,01:05:30.38,01:07:03.906
2025,3,Japanese Grand Prix,8,VER,01:07:03.906,01:08:37.442
2025,3,Japanese Grand Prix,9,VER,01:08:37.442,01:10:10.971
2025,3,Japanese Grand Prix,10,VER,01:10:10.971,01:11:44.526
2025,3,Japanese Grand Prix,11,VER,01:11:44.526,01:13:18.024
2025,3,Japanese Grand Prix,12,VER,01:13:18.024,01:14:51.667
2025,3,Japanese Grand Prix,13,VER,01:14:51.667,01:16:25.307
2025,3,Japanese Grand Prix,14,VER,01:16:25.307,01:17:58.687
2025,3,Japanese Grand Prix,15,VER,01:17:58.687,01:19:32.055
2025,3,Japanese Grand Prix,16,VER,01:19:32.055,01:21:05.486
2025,3,Japanese Grand Prix,17,VER,01:21:05.486,01:22:39.028
2025,3,Japanese Grand Prix,18,VER,01:22:39.028,01:24:12.381
2025,3,Japanese Grand Prix,19,VER,01:24:12.381,01:25:45.739
2025,3,Japanese Grand Prix,20,VER,01:25:45.739,01:27:18.803
2025,3,Japanese Grand Prix,21,VER,01:27:18.803,01:28:54.023
2025,3,Japanese Grand Prix,22,ANT,01:29:04.103,01:30:37.288
2025,3,Japanese Grand Prix,23,ANT,01:30:37.288,01:32:10.44
2025,3,Japanese Grand Prix,24,ANT,01:32:10.44,01:33:43.495
2025,3,Japanese Grand Prix,25,ANT,01:33:43.495,01:35:16.592
2025,3,Japanese Grand Prix,26,ANT,01:35:16.592,01:36:49.718
2025,3,Japanese Grand Prix,27,ANT,01:36:49.718,01:38:23.065
2025,3,Japanese Grand Prix,28,ANT,01:38:23.065,01:39:56.261
2025,3,Japanese Grand Prix,29,ANT,01:39:56.261,01:41:29.222
2025,3,Japanese Grand Prix,30,ANT,01:41:29.222,01:43:02.281
2025,3,Japanese Grand Prix,31,ANT,01:43:02.281,01:44:37.737
2025,3,Japanese Grand Prix,32,VER,01:44:39.365,01:46:11.398
2025,3,Japanese Grand Prix,33,VER,01:46:11.398,01:47:43.212
2025,3,Japanese Grand Prix,34,VER,01:47:43.212,01:49:14.994
2025,3,Japanese Grand Prix,35,VER,01:49:14.994,01:50:47.004
2025,3,Japanese Grand Prix,36,VER,01:50:47.004,01:52:18.762
2025,3,Japanese Grand Prix,37,VER,01:52:18.762,01:53:50.501
2025,3,Japanese Grand Prix,38,VER,01:53:50.501,01:55:22.289
2025,3,Japanese Grand Prix,39,VER,01:55:22.289,01:56:54.068
2025,3,Japanese Grand Prix,40,VER,01:56:54.068,01:58:25.581
2025,3,Japanese Grand Prix,41,VER,01:58:25.581,01:59:57.161
2025,3,Japanese Grand Prix,42,VER,01:59:57.161,02:01:28.629
2025,3,Japanese Grand Prix,43,VER,02:01:28.629,02:03:00.07
2025,3,Japanese Grand Prix,44,VER,02:03:00.07,02:04:31.671
2025,3,Japanese Grand Prix,45,VER,02:04:31.671,02:06:03.275
2025,3,Japanese Grand Prix,46,VER,02:06:03.275,02:07:34.742
2025,3,Japanese Grand Prix,47,VER,02:07:34.742,02:09:06.119
2025,3,Japanese Grand Prix,48,VER,02:09:06.119,02:10:37.477
2025,3,Japanese Grand Prix,49,VER,02:10:37.477,02:12:08.752
2025,3,Japanese Grand Prix,50,VER,02:12:08.752,02:13:40.116
2025,3,Japanese Grand Prix,51,VER,02:13:40.116,02:15:11.301
2025,3,Japanese Grand Prix,52,VER,02:15:11.301,02:16:42.342
2025,3,Japanese Grand Prix,53,VER,02:16:42.342,02:18:13.89
2025,4,Bahrain Grand Prix,1,PIA,00:55:34.907,00:57:13.827
2025,4,Bahrain Grand Prix,2,PIA,00:57:13.827,00:58:51.319
2025,4,Bahrain Grand Prix,3,PIA,00:58:51.319,01:00:29.402
2025,4,Bahrain Grand Prix,4,PIA,01:00:29.402,01:02:07.535
2025,4,Bahrain Grand Prix,5,PIA,01:02:07.535,01:03:45.578
2025,4,Bahrain Grand Prix,6,PIA,01:03:45.578,01:05:23.941
2025,4,Bahrain Grand Prix,7,PIA,01:05:23.941,01:07:02.439
2025,4,Bahrain Grand Prix,8,PIA,01:07:02.439,01:08:41.006
2025,4,Bahrain Grand Prix,9,PIA,01:08:41.006,01:10:19.806
2025,4,Bahrain Grand Prix,10,PIA,01:10:19.806,01:11:58.355
2025,4,Bahrain Grand Prix,11,PIA,01:11:58.355,01:13:37.036
2025,4,Bahrain Grand Prix,12,PIA,01:13:37.036,01:15:16.064
2025,4,Bahrain Grand Prix,13,PIA,01:15:16.064,01:16:54.827
2025,4,Bahrain Grand Prix,14,PIA,01:16:54.827,01:18:36.124
2025,4,Bahrain Grand Prix,15,LEC,01:18:40.068,01:20:18.924
2025,4,Bahrain Grand Prix,16,LEC,01:20:18.924,01:21:57.985
2025,4,Bahrain Grand Prix,17,LEC,01:21:57.985,01:23:39.545
2025,4,Bahrain Grand Prix,18,PIA,01:23:50.776,01:25:28.464
2025,4,Bahrain Grand Prix,19,PIA,01:25:28.464,01:27:06.355
2025,4,Bahrain Grand Prix,20,PIA,01:27:06.355,01:28:43.859
2025,4,Bahrain Grand Prix,21,PIA,01:28:43.859,01:30:21.571
2025,4,Bahrain Grand Prix,22,PIA,01:30:21.571,01:31:58.713
2025,4,Bahrain Grand Prix,23,PIA,01:31:58.713,01:33:36.646
2025,4,Bahrain Grand Prix,24,PIA,01:33:36.646,01:35:14.28
2025,4,Bahrain Grand Prix,25,PIA,01:35:14.28,01:36:52.091
2025,4,Bahrain Grand Prix,26,PIA,01:36:52.091,01:38:29.481
2025,4,Bahrain Grand Prix,27,PIA,01:38:29.481,01:40:07.06
2025,4,Bahrain Grand Prix,28,PIA,01:40:07.06,01:41:44.753
2025,4,Bahrain Grand Prix,29,PIA,01:41:44.753,01:43:22.43
2025,4,Bahrain Grand Prix,30,PIA,01:43:22.43,01:45:00.241
2025,4,Bahrain Grand Prix,31,PIA,01:45:00.241,01:46:37.797
2025,4,Bahrain Grand Prix,32,PIA,01:46:37.797,01:48:26.499
2025,4,Bahrain Grand Prix,33,PIA,01:48:26.499,01:51:12.577
2025,4,Bahrain Grand Prix,34,PIA,01:51:12.577,01:53:33.14
2025,4,Bahrain Grand Prix,35,PIA,01:53:33.14,01:55:59.373
2025,4,Bahrain Grand Prix,36,PIA,01:55:59.373,01:57:34.513
2025,4,Bahrain Grand Prix,37,PIA,01:57:34.513,01:59:09.888
2025,4,Bahrain Grand Prix,38,PIA,01:59:09.888,02:00:45.885
2025,4,Bahrain Grand Prix,39,PIA,02:00:45.885,02:02:22.059
2025,4,Bahrain Grand Prix,40,PIA,02:02:22.059,02:03:58.419
2025,4,Bahrain Grand Prix,41,PIA,02:03:58.419,02:05:34.745
2025,4,Bahrain Grand Prix,42,PIA,02:05:34.745,02:07:10.994
2025,4,Bahrain Grand Prix,43,PIA,02:07:10.994,02:08:47.112
2025,4,Bahrain Grand Prix,44,PIA,02:08:47.112,02:10:23.401
2025,4,Bahrain Grand Prix,45,PIA,02:10:23.401,02:11:59.436
2025,4,Bahrain Grand Prix,46,PIA,02:11:59.436,02:13:35.334
2025,4,Bahrain Grand Prix,47,PIA,02:13:35.334,02:15:11.424
2025,4,Bahrain Grand Prix,48,PIA,02:15:11.424,02:16:47.781
2025,4,Bahrain Grand Prix,49,PIA,02:16:47.781,02:18:24.596
2025,4,Bahrain Grand Prix,50,PIA,02:18:24.596,02:20:00.859
2025,4,Bahrain Grand Prix,51,PIA,02:20:00.859,02:21:36.964
2025,4,Bahrain Grand Prix,52,PIA,02:21:36.964,02:23:12.925
2025,4,Bahrain Grand Prix,53,PIA,02:23:12.925,02:24:49.258
2025,4,Bahrain Grand Prix,54,PIA,02:24:49.258,02:26:25.487
2025,4,Bahrain Grand Prix,55,PIA,02:26:25.487,02:28:01.746
2025,4,Bahrain Grand Prix,56,PIA,02:28:01.746,02:29:37.989
2025,4,Bahrain Grand Prix,57,PIA,02:29:37.989,02:31:14.577
2025,5,Saudi Arabian Grand Prix,1,VER,00:56:57.036,00:59:00.497
2025,5,Saudi Arabian Grand Prix,2,VER,00:59:00.497,01:01:45.428
2025,5,Saudi Arabian Grand Prix,3,VER,01:01:45.428,01:04:40.861
2025,5,Saudi Arabian Grand Prix,4,VER,01:04:40.861,01:06:14.692
2025,5,Saudi Arabian Grand Prix,5,VER,01:06:14.692,01:07:48.408
2025,5,Saudi Arabian Grand Prix,6,VER,01:07:48.408,01:09:21.972
2025,5,Saudi Arabian Grand Prix,7,VER,01:09:21.972,01:10:55.483
2025,5,Saudi Arabian Grand Prix,8,VER,01:10:55.483,01:12:29.374
2025,5,Saudi Arabian Grand Prix,9,VER,01:12:29.374,01:14:03.172
2025,5,Saudi Arabian Grand Prix,10,VER,01:14:03.172,01:15:36.985
2025,5,Saudi Arabian Grand Prix,11,VER,01:15:36.985,01:17:10.986
2025,5,Saudi Arabian Grand Prix,12,VER,01:17:10.986,01:18:44.946
2025,5,Saudi Arabian Grand Prix,13,VER,01:18:44.946,01:20:18.802
2025,5,Saudi Arabian Grand Prix,14,VER,01:20:18.802,01:21:52.703
2025,5,Saudi Arabian Grand Prix,15,VER,01:21:52.703,01:23:26.603
2025,5,Saudi Arabian Grand Prix,16,VER,01:23:26.603,01:25:00.361
2025,5,Saudi Arabian Grand Prix,17,VER,01:25:00.361,01:26:34.158
2025,5,Saudi Arabian Grand Prix,18,VER,01:26:34.158,01:28:07.968
2025,5,Saudi Arabian Grand Prix,19,VER,01:28:07.968,01:29:41.882
2025,5,Saudi Arabian Grand Prix,20,VER,01:29:41.882,01:31:15.92
2025,5,Saudi Arabian Grand Prix,21,VER,01:31:15.92,01:32:52.42
2025,5,Saudi Arabian Grand Prix,22,LEC,01:33:01.158,01:34:34.794
2025,5,Saudi Arabian Grand Prix,23,LEC,01:34:34.794,01:36:08.669
2025,5,Saudi Arabian Grand Prix,24,LEC,01:36:08.669,01:37:42.277
2025,5,Saudi Arabian Grand Prix,25,LEC,01:37:42.277,01:39:15.79
2025,5,Saudi Arabian Grand Prix,26,LEC,01:39:15.79,01:40:49.183
2025,5,Saudi Arabian Grand Prix,27,LEC,01:40:49.183,01:42:22.668
2025,5,Saudi Arabian Grand Prix,28,LEC,01:42:22.668,01:43:56.036
2025,5,Saudi Arabian Grand Prix,29,LEC,01:43:56.036,01:45:32.098
2025,5,Saudi Arabian Grand Prix,30,NOR,01:45:32.68,01:47:05.836
2025,5,Saudi Arabian Grand Prix,31,NOR,01:47:05.836,01:48:38.788
2025,5,Saudi Arabian Grand Prix,32,NOR,01:48:38.788,01:50:11.805
2025,5,Saudi Arabian Grand Prix,33,NOR,01:50:11.805,01:51:44.9
2025,5,Saudi Arabian Grand Prix,34,PIA,01:51:47.22,01:53:20.421
2025,5,Saudi Arabian Grand Prix,35,PIA,01:53:20.421,01:54:52.976
2025,5,Saudi Arabian Grand Prix,36,PIA,01:54:52.976,01:56:25.6
2025,5,Saudi Arabian Grand Prix,37,PIA,01:56:25.6,01:57:58.3
2025,5,Saudi Arabian Grand Prix,38,PIA,01:57:58.3,01:59:30.963
2025,5,Saudi Arabian Grand Prix,39,PIA,01:59:30.963,02:01:03.664
2025,5,Saudi Arabian Grand Prix,40,PIA,02:01:03.664,02:02:36.442
2025,5,Saudi Arabian Grand Prix,41,PIA,02:02:36.442,02:04:09.429
2025,5,Saudi Arabian Grand Prix,42,PIA,02:04:09.429,02:05:42.115
2025,5,Saudi Arabian Grand Prix,43,PIA,02:05:42.115,02:07:14.986
2025,5,Saudi Arabian Grand Prix,44,PIA,02:07:14.986,02:08:47.801
2025,5,Saudi Arabian Grand Prix,45,PIA,02:08:47.801,02:10:20.194
2025,5,Saudi Arabian Grand Prix,46,PIA,02:10:20.194,02:11:53.546
2025,5,Saudi Arabian Grand Prix,47,PIA,02:11:53.546,02:13:26.215
2025,5,Saudi Arabian Grand Prix,48,PIA,02:13:26.215,02:14:58.943
2025,5,Saudi Arabian Grand Prix,49,PIA,02:14:58.943,02:16:31.87
2025,5,Saudi Arabian Grand Prix,50,PIA,02:16:31.87,02:18:04.098
2025,6,Miami Grand Prix,1,VER,00:57:15.384,00:58:51.257
2025,6,Miami Grand Prix,2,VER,00:58:51.257,01:00:42.385
2025,6,Miami Grand Prix,3,VER,01:00:42.385,01:02:48.331
2025,6,Miami Grand Prix,4,VER,01:02:48.331,01:04:20.9
2025,6,Miami Grand Prix,5,VER,01:04:20.9,01:05:53.033
2025,6,Miami Grand Prix,6,VER,01:05:53.033,01:07:25.129
2025,6,Miami Grand Prix,7,VER,01:07:25.129,01:08:57.212
2025,6,Miami Grand Prix,8,VER,01:08:57.212,01:10:29.795
2025,6,Miami Grand Prix,9,VER,01:10:29.795,01:12:02.201
2025,6,Miami Grand Prix,10,VER,01:12:02.201,01:13:34.593
2025,6,Miami Grand Prix,11,VER,01:13:34.593,01:15:07.188
2025,6,Miami Grand Prix,12,VER,01:15:07.188,01:16:39.424
2025,6,Miami Grand Prix,13,VER,01:16:39.424,01:18:11.696
2025,6,Miami Grand Prix,14,PIA,01:18:11.795,01:19:44.781
2025,6,Miami Grand Prix,15,PIA,01:19:44.781,01:21:16.597
2025,6,Miami Grand Prix,16,PIA,01:21:16.597,01:22:48.284
2025,6,Miami Grand Prix,17,PIA,01:22:48.284,01:24:20.077
2025,6,Miami Grand Prix,18,PIA,01:24:20.077,01:25:52.031
2025,6,Miami Grand Prix,19,PIA,01:25:52.031,01:27:23.693
2025,6,Miami Grand Prix,20,PIA,01:27:23.693,01:28:55.404
2025,6,Miami Grand Prix,21,PIA,01:28:55.404,01:30:27.226
2025,6,Miami Grand Prix,22,PIA,01:30:27.226,01:31:59.069
2025,6,Miami Grand Prix,23,PIA,01:31:59.069,01:33:30.534
2025,6,Miami Grand Prix,24,PIA,01:33:30.534,01:35:01.963
2025,6,Miami Grand Prix,25,PIA,01:35:01.963,01:36:33.355
2025,6,Miami Grand Prix,26,PIA,01:36:33.355,01:38:04.862
2025,6,Miami Grand Prix,27,PIA,01:38:04.862,01:39:36.294
2025,6,Miami Grand Prix,28,PIA,01:39:36.294,01:41:08.012
2025,6,Miami Grand Prix,29,PIA,01:41:08.012,01:43:07.13
2025,6,Miami Grand Prix,30,PIA,01:43:07.13,01:45:00.891
2025,6,Miami Grand Prix,31,PIA,01:45:00.891,01:46:31.061
2025,6,Miami Grand Prix,32,PIA,01:46:31.061,01:48:01.272
2025,6,Miami Grand Prix,33,PIA,01:48:01.272,01:49:51.855
2025,6,Miami Grand Prix,34,PIA,01:49:51.855,01:51:29.901
2025,6,Miami Grand Prix,35,PIA,01:51:29.901,01:52:59.723
2025,6,Miami Grand Prix,36,PIA,01:52:59.723,01:54:29.924
2025,6,Miami Grand Prix,37,PIA,01:54:29.924,01:55:59.994
2025,6,Miami Grand Prix,38,PIA,01:55:59.994,01:57:30.161
2025,6,Miami Grand Prix,39,PIA,01:57:30.161,01:59:00.355
2025,6,Miami Grand Prix,40,PIA,01:59:00.355,02:00:30.591
2025,6,Miami Grand Prix,41,PIA,02:00:30.591,02:02:00.961
2025,6,Miami Grand Prix,42,PIA,02:02:00.961,02:03:31.268
2025,6,Miami Grand Prix,43,PIA,02:03:31.268,02:05:01.681
2025,6,Miami Grand Prix,44,PIA,02:05:01.681,02:06:31.818
2025,6,Miami Grand Prix,45,PIA,02:06:31.818,02:08:02.407
2025,6,Miami Grand Prix,46,PIA,02:08:02.407,02:09:33.06
2025,6,Miami Grand Prix,47,PIA,02:09:33.06,02:11:03.432
2025,6,Miami Grand Prix,48,PIA,02:11:03.432,02:12:33.991
2025,6,Miami Grand Prix,49,PIA,02:12:33.991,02:14:03.983
2025,6,Miami Grand Prix,50,PIA,02:14:03.983,02:15:34.119
2025,6,Miami Grand Prix,51,PIA,02:15:34.119,02:17:04.222
2025,6,Miami Grand Prix,52,PIA,02:17:04.222,02:18:34.467
2025,6,Miami Grand Prix,53,PIA,02:18:34.467,02:20:05.125
2025,6,Miami Grand Prix,54,PIA,02:20:05.125,02:21:35.394
2025,6,Miami Grand Prix,55,PIA,02:21:35.394,02:23:06.155
2025,6,Miami Grand Prix,56,PIA,02:23:06.155,02:24:36.734
2025,6,Miami Grand Prix,57,PIA,02:24:36.734,02:26:07.175
2025,7,Emilia Romagna Grand Prix,1,VER,00:55:59.147,00:57:22.345
2025,7,Emilia Romagna Grand Prix,2,VER,00:57:22.345,00:58:43.476
2025,7,Emilia Romagna Grand Prix,3,VER,00:58:43.476,01:00:04.734
2025,7,Emilia Romagna Grand Prix,4,VER,01:00:04.734,01:01:25.952
2025,7,Emilia Romagna Grand Prix,5,VER,01:01:25.952,01:02:47.18
2025,7,Emilia Romagna Grand Prix,6,VER,01:02:47.18,01:04:08.157
2025,7,Emilia Romagna Grand Prix,7,VER,01:04:08.157,01:05:29.653
2025,7,Emilia Romagna Grand Prix,8,VER,01:05:29.653,01:06:50.859
2025,7,Emilia Romagna Grand Prix,9,VER,01:06:50.859,01:08:12.053
2025,7,Emilia Romagna Grand Prix,10,VER,01:08:12.053,01:09:33.31
2025,7,Emilia Romagna Grand Prix,11,VER,01:09:33.31,01:10:54.599
2025,7,Emilia Romagna Grand Prix,12,VER,01:10:54.599,01:12:16.109
2025,7,Emilia Romagna Grand Prix,13,VER,01:12:16.109,01:13:37.544
2025,7,Emilia Romagna Grand Prix,14,VER,01:13:37.544,01:14:58.946
2025,7,Emilia Romagna Grand Prix,15,VER,01:14:58.946,01:16:20.177
2025,7,Emilia Romagna Grand Prix,16,VER,01:16:20.177,01:17:41.453
2025,7,Emilia Romagna Grand Prix,17,VER,01:17:41.453,01:19:02.477
2025,7,Emilia Romagna Grand Prix,18,VER,01:19:02.477,01:20:23.333
2025,7,Emilia Romagna Grand Prix,19,VER,01:20:23.333,01:21:44.588
2025,7,Emilia Romagna Grand Prix,20,VER,01:21:44.588,01:23:05.794
2025,7,Emilia Romagna Grand Prix,21,VER,01:23:05.794,01:24:26.909
2025,7,Emilia Romagna Grand Prix,22,VER,01:24:26.909,01:25:48.07
2025,7,Emilia Romagna Grand Prix,23,VER,01:25:48.07,01:27:09.534
2025,7,Emilia Romagna Grand Prix,24,VER,01:27:09.534,01:28:30.788
2025,7,Emilia Romagna Grand Prix,25,VER,01:28:30.788,01:29:52.148
2025,7,Emilia Romagna Grand Prix,26,VER,01:29:52.148,01:31:13.227
2025,7,Emilia Romagna Grand Prix,27,VER,01:31:13.227,01:32:34.543
2025,7,Emilia Romagna Grand Prix,28,VER,01:32:34.543,01:33:56.122
2025,7,Emilia Romagna Grand Prix,29,VER,01:33:56.122,01:35:28.85
2025,7,Emilia Romagna Grand Prix,30,VER,01:35:28.85,01:37:41.529
2025,7,Emilia Romagna Grand Prix,31,VER,01:37:41.529,01:39:18.674
2025,7,Emilia Romagna Grand Prix,32,VER,01:39:18.674,01:40:39.004
2025,7,Emilia Romagna Grand Prix,33,VER,01:40:39.004,01:41:59.351
2025,7,Emilia Romagna Grand Prix,34,VER,01:41:59.351,01:43:19.622
2025,7,Emilia Romagna Grand Prix,35,VER,01:43:19.622,01:44:39.742
2025,7,Emilia Romagna Grand Prix,36,VER,01:44:39.742,01:45:59.702
2025,7,Emilia Romagna Grand Prix,37,VER,01:45:59.702,01:47:19.408
2025,7,Emilia Romagna Grand Prix,38,VER,01:47:19.408,01:48:39.196
2025,7,Emilia Romagna Grand Prix,39,VER,01:48:39.196,01:49:58.951
2025,7,Emilia Romagna Grand Prix,40,VER,01:49:58.951,01:51:18.604
2025,7,Emilia Romagna Grand Prix,41,VER,01:51:18.604,01:52:38.243
2025,7,Emilia Romagna Grand Prix,42,VER,01:52:38.243,01:53:57.756
2025,7,Emilia Romagna Grand Prix,43,VER,01:53:57.756,01:55:17.309
2025,7,Emilia Romagna Grand Prix,44,VER,01:55:17.309,01:56:37.099
2025,7,Emilia Romagna Grand Prix,45,VER,01:56:37.099,01:57:57.266
2025,7,Emilia Romagna Grand Prix,46,VER,01:57:57.266,01:59:32.243
2025,7,Emilia Romagna Grand Prix,47,VER,01:59:32.243,02:01:47.247
2025,7,Emilia Romagna Grand Prix,48,VER,02:01:47.247,02:03:59.796
2025,7,Emilia Romagna Grand Prix,49,VER,02:03:59.796,02:06:05.228
2025,7,Emilia Romagna Grand Prix,50,VER,02:06:05.228,02:08:15.434
2025,7,Emilia Romagna Grand Prix,51,VER,02:08:15.434,02:10:17.677
2025,7,Emilia Romagna Grand Prix,52,VER,02:10:17.677,02:12:17.97
2025,7,Emilia Romagna Grand Prix,53,VER,02:12:17.97,02:14:29.357
2025,7,Emilia Romagna Grand Prix,54,VER,02:14:29.357,02:15:47.968
2025,7,Emilia Romagna Grand Prix,55,VER,02:15:47.968,02:17:06.182
2025,7,Emilia Romagna Grand Prix,56,VER,02:17:06.182,02:18:24.283
2025,7,Emilia Romagna Grand Prix,57,VER,02:18:24.283,02:19:42.503
2025,7,Emilia Romagna Grand Prix,58,VER,02:19:42.503,02:21:00.491
2025,7,Emilia Romagna Grand Prix,59,VER,02:21:00.491,02:22:18.528
2025,7,Emilia Romagna Grand Prix,60,VER,02:22:18.528,02:23:36.967
2025,7,Emilia Romagna Grand Prix,61,VER,02:23:36.967,02:24:55.366
2025,7,Emilia Romagna Grand Prix,62,VER,02:24:55.366,02:26:13.963
2025,7,Emilia Romagna Grand Prix,63,VER,02:26:13.963,02:27:32.552
2025,8,Monaco Grand Prix,1,NOR,00:56:08.809,00:57:32.41
2025,8,Monaco Grand Prix,2,NOR,00:57:32.41,00:59:17.044
2025,8,Monaco Grand Prix,3,NOR,00:59:17.044,01:01:06.059
2025,8,Monaco Grand Prix,4,NOR,01:01:06.059,01:02:47.623
2025,8,Monaco Grand Prix,5,NOR,01:02:47.623,01:04:05.673
2025,8,Monaco Grand Prix,6,NOR,01:04:05.673,01:05:24.845
2025,8,Monaco Grand Prix,7,NOR,01:05:24.845,01:06:43.315
2025,8,Monaco Grand Prix,8,NOR,01:06:43.315,01:08:00.941
2025,8,Monaco Grand Prix,9,NOR,01:08:00.941,01:09:23.089
2025,8,Monaco Grand Prix,10,NOR,01:09:23.089,01:10:43.474
2025,8,Monaco Grand Prix,11,NOR,01:10:43.474,01:12:03.245
2025,8,Monaco Grand Prix,12,NOR,01:12:03.245,01:13:19.545
2025,8,Monaco Grand Prix,13,NOR,01:13:19.545,01:14:35.533
2025,8,Monaco Grand Prix,14,NOR,01:14:35.533,01:15:51.655
2025,8,Monaco Grand Prix,15,NOR,01:15:51.655,01:17:07.328
2025,8,Monaco Grand Prix,16,NOR,01:17:07.328,01:18:22.242
2025,8,Monaco Grand Prix,17,NOR,01:18:22.242,01:19:36.901
2025,8,Monaco Grand Prix,18,NOR,01:19:36.901,01:20:52.181
2025,8,Monaco Grand Prix,19,LEC,01:20:55.251,01:22:10.767
2025,8,Monaco Grand Prix,20,LEC,01:22:10.767,01:23:25.574
2025,8,Monaco Grand Prix,21,LEC,01:23:25.574,01:24:41.356
2025,8,Monaco Grand Prix,22,VER,01:24:46.753,01:26:02.044
2025,8,Monaco Grand Prix,23,VER,01:26:02.044,01:27:17.298
2025,8,Monaco Grand Prix,24,VER,01:27:17.298,01:28:32.479
2025,8,Monaco Grand Prix,25,VER,01:28:32.479,01:29:47.654
2025,8,Monaco Grand Prix,26,VER,01:29:47.654,01:31:03.942
2025,8,Monaco Grand Prix,27,VER,01:31:03.942,01:32:20.265
2025,8,Monaco Grand Prix,28,NOR,01:32:26.857,01:33:41.475
2025,8,Monaco Grand Prix,29,NOR,01:33:41.475,01:34:57.252
2025,8,Monaco Grand Prix,30,NOR,01:34:57.252,01:36:14.511
2025,8,Monaco Grand Prix,31,NOR,01:36:14.511,01:37:31.308
2025,8,Monaco Grand Prix,32,NOR,01:37:31.308,01:38:46.019
2025,8,Monaco Grand Prix,33,NOR,01:38:46.019,01:40:00.661
2025,8,Monaco Grand Prix,34,NOR,01:40:00.661,01:41:15.35
2025,8,Monaco Grand Prix,35,NOR,01:41:15.35,01:42:29.534
2025,8,Monaco Grand Prix,36,NOR,01:42:29.534,01:43:44.319
2025,8,Monaco Grand Prix,37,NOR,01:43:44.319,01:44:58.989
2025,8,Monaco Grand Prix,38,NOR,01:44:58.989,01:46:13.896
2025,8,Monaco Grand Prix,39,NOR,01:46:13.896,01:47:28.037
2025,8,Monaco Grand Prix,40,NOR,01:47:28.037,01:48:43.274
2025,8,Monaco Grand Prix,41,NOR,01:48:43.274,01:49:57.3
2025,8,Monaco Grand Prix,42,NOR,01:49:57.3,01:51:11.719
2025,8,Monaco Grand Prix,43,NOR,01:51:11.719,01:52:25.893
2025,8,Monaco Grand Prix,44,NOR,01:52:25.893,01:53:39.765
2025,8,Monaco Grand Prix,45,NOR,01:53:39.765,01:54:54.149
2025,8,Monaco Grand Prix,46,NOR,01:54:54.149,01:56:08.326
2025,8,Monaco Grand Prix,47,NOR,01:56:08.326,01:57:22.683
2025,8,Monaco Grand Prix,48,NOR,01:57:22.683,01:58:38.384
2025,8,Monaco Grand Prix,49,NOR,01:58:38.384,01:59:55.068
2025,8,Monaco Grand Prix,50,VER,02:00:08.923,02:01:23.349
2025,8,Monaco Grand Prix,51,VER,02:01:23.349,02:02:38.514
2025,8,Monaco Grand Prix,52,VER,02:02:38.514,02:03:54.842
2025,8,Monaco Grand Prix,53,VER,02:03:54.842,02:05:12.389
2025,8,Monaco Grand Prix,54,VER,02:05:12.389,02:06:28.261
2025,8,Monaco Grand Prix,55,VER,02:06:28.261,02:07:43.881
2025,8,Monaco Grand Prix,56,VER,02:07:43.881,02:08:59.211
2025,8,Monaco Grand Prix,57,VER,02:08:59.211,02:10:14.629
2025,8,Monaco Grand Prix,58,VER,02:10:14.629,02:11:29.876
2025,8,Monaco Grand Prix,59,VER,02:11:29.876,02:12:45.226
2025,8,Monaco Grand Prix,60,VER,02:12:45.226,02:14:00.314
2025,8,Monaco Grand Prix,61,VER,02:14:00.314,02:15:15.378
2025,8,Monaco Grand Prix,62,VER,02:15:15.378,02:16:30.508
2025,8,Monaco Grand Prix,63,VER,02:16:30.508,02:17:45.596
2025,8,Monaco Grand Prix,64,VER,02:17:45.596,02:19:00.836
2025,8,Monaco Grand Prix,65,VER,02:19:00.836,02:20:15.958
2025,8,Monaco Grand Prix,66,VER,02:20:15.958,02:21:31.172
2025,8,Monaco Grand Prix,67,VER,02:21:31.172,02:22:46.723
2025,8,Monaco Grand Prix,68,VER,02:22:46.723,02:24:02.996
2025,8,Monaco Grand Prix,69,VER,02:24:02.996,02:25:19.059
2025,8,Monaco Grand Prix,70,VER,02:25:19.059,02:26:34.871
2025,8,Monaco Grand Prix,71,VER,02:26:34.871,02:27:50.929
2025,8,Monaco Grand Prix,72,VER,02:27:50.929,02:29:07.001
2025,8,Monaco Grand Prix,73,VER,02:29:07.001,02:30:23.222
2025,8,Monaco Grand Prix,74,VER,02:30:23.222,02:31:39.571
2025,8,Monaco Grand Prix,75,VER,02:31:39.571,02:32:55.915
2025,8,Monaco Grand Prix,76,VER,02:32:55.915,02:34:12.383
2025,8,Monaco Grand Prix,77,NOR,02:34:13.975,02:35:29.692
2025,8,Monaco Grand Prix,78,NOR,02:35:29.692,02:36:42.913
2025,9,Spanish Grand Prix,1,PIA,00:59:13.393,01:00:36.527
2025,9,Spanish Grand Prix,2,PIA,01:00:36.527,01:01:56.738
2025,9,Spanish Grand Prix,3,PIA,01:01:56.738,01:03:16.604
2025,9,Spanish Grand Prix,4,PIA,01:03:16.604,01:04:36.963
2025,9,Spanish Grand Prix,5,PIA,01:04:36.963,01:05:57.43
2025,9,Spanish Grand Prix,6,PIA,01:05:57.43,01:07:17.684
2025,9,Spanish Grand Prix,7,PIA,01:07:17.684,01:08:38.615
2025,9,Spanish Grand Prix,8,PIA,01:08:38.615,01:09:59.443
2025,9,Spanish Grand Prix,9,PIA,01:09:59.443,01:11:20.21
2025,9,Spanish Grand Prix,10,PIA,01:11:20.21,01:12:41.1
2025,9,Spanish Grand Prix,11,PIA,01:12:41.1,01:14:02.236
2025,9,Spanish Grand Prix,12,PIA,01:14:02.236,01:15:23.327
2025,9,Spanish Grand Prix,13,PIA,01:15:23.327,01:16:44.36
2025,9,Spanish Grand Prix,14,PIA,01:16:44.36,01:18:05.14
2025,9,Spanish Grand Prix,15,PIA,01:18:05.14,01:19:25.944
2025,9,Spanish Grand Prix,16,PIA,01:19:25.944,01:20:46.603
2025,9,Spanish Grand Prix,17,PIA,01:20:46.603,01:22:07.26
2025,9,Spanish Grand Prix,18,PIA,01:22:07.26,01:23:27.953
2025,9,Spanish Grand Prix,19,PIA,01:23:27.953,01:24:48.803
2025,9,Spanish Grand Prix,20,PIA,01:24:48.803,01:26:09.929
2025,9,Spanish Grand Prix,21,PIA,01:26:09.929,01:27:31.4
2025,9,Spanish Grand Prix,22,PIA,01:27:31.4,01:28:56.635
2025,9,Spanish Grand Prix,23,VER,01:29:09.415,01:30:29.598
2025,9,Spanish Grand Prix,24,VER,01:30:29.598,01:31:49.556
2025,9,Spanish Grand Prix,25,VER,01:31:49.556,01:33:09.68
2025,9,Spanish Grand Prix,26,VER,01:33:09.68,01:34:30.062
2025,9,Spanish Grand Prix,27,VER,01:34:30.062,01:35:50.734
2025,9,Spanish Grand Prix,28,VER,01:35:50.734,01:37:11.314
2025,9,Spanish Grand Prix,29,PIA,01:37:14.715,01:38:34.634
2025,9,Spanish Grand Prix,30,PIA,01:38:34.634,01:39:54.441
2025,9,Spanish Grand Prix,31,PIA,01:39:54.441,01:41:14.16
2025,9,Spanish Grand Prix,32,PIA,01:41:14.16,01:42:34.143
2025,9,Spanish Grand Prix,33,PIA,01:42:34.143,01:43:54.53
2025,9,Spanish Grand Prix,34,PIA,01:43:54.53,01:45:15.004
2025,9,Spanish Grand Prix,35,PIA,01:45:15.004,01:46:35.154
2025,9,Spanish Grand Prix,36,PIA,01:46:35.154,01:47:55.283
2025,9,Spanish Grand Prix,37,PIA,01:47:55.283,01:49:15.74
2025,9,Spanish Grand Prix,38,PIA,01:49:15.74,01:50:35.421
2025,9,Spanish Grand Prix,39,PIA,01:50:35.421,01:51:55.366
2025,9,Spanish Grand Prix,40,PIA,01:51:55.366,01:53:15.659
2025,9,Spanish Grand Prix,41,PIA,01:53:15.659,01:54:35.784
2025,9,Spanish Grand Prix,42,PIA,01:54:35.784,01:55:55.925
2025,9,Spanish Grand Prix,43,PIA,01:55:55.925,01:57:15.414
2025,9,Spanish Grand Prix,44,PIA,01:57:15.414,01:58:35.108
2025,9,Spanish Grand Prix,45,PIA,01:58:35.108,01:59:54.546
2025,9,Spanish Grand Prix,46,PIA,01:59:54.546,02:01:13.781
2025,9,Spanish Grand Prix,47,PIA,02:01:13.781,02:02:33.411
2025,9,Spanish Grand Prix,48,PIA,02:02:33.411,02:03:52.789
2025,9,Spanish Grand Prix,49,PIA,02:03:52.789,02:05:15.979
2025,9,Spanish Grand Prix,50,PIA,02:05:15.979,02:06:53.719
2025,9,Spanish Grand Prix,51,PIA,02:06:53.719,02:08:12.499
2025,9,Spanish Grand Prix,52,PIA,02:08:12.499,02:09:31.295
2025,9,Spanish Grand Prix,53,PIA,02:09:31.295,02:10:49.18
2025,9,Spanish Grand Prix,54,PIA,02:10:49.18,02:12:06.946
2025,9,Spanish Grand Prix,55,PIA,02:12:06.946,02:13:38.102
2025,9,Spanish Grand Prix,56,PIA,02:13:38.102,02:16:06.896
2025,9,Spanish Grand Prix,57,PIA,02:16:06.896,02:18:12.413
2025,9,Spanish Grand Prix,58,PIA,02:18:12.413,02:20:24.297
2025,9,Spanish Grand Prix,59,PIA,02:20:24.297,02:22:28.195
2025,9,Spanish Grand Prix,60,PIA,02:22:28.195,02:24:31.951
2025,9,Spanish Grand Prix,61,PIA,02:24:31.951,02:25:47.694
2025,9,Spanish Grand Prix,62,PIA,02:25:47.694,02:27:03.627
2025,9,Spanish Grand Prix,63,PIA,02:27:03.627,02:28:20.004
2025,9,Spanish Grand Prix,64,PIA,02:28:20.004,02:29:36.584
2025,9,Spanish Grand Prix,65,PIA,02:29:36.584,02:30:53.578
2025,9,Spanish Grand Prix,66,PIA,02:30:53.578,02:32:11.023
2025,10,Canadian Grand Prix,1,RUS,00:57:59.581,00:59:21.716
2025,10,Canadian Grand Prix,2,RUS,00:59:21.716,01:00:38.153
2025,10,Canadian Grand Prix,3,RUS,01:00:38.153,01:01:54.406
2025,10,Canadian Grand Prix,4,RUS,01:01:54.406,01:03:10.392
2025,10,Canadian Grand Prix,5,RUS,01:03:10.392,01:04:26.2
2025,10,Canadian Grand Prix,6,RUS,01:04:26.2,01:05:42.184
2025,10,Canadian Grand Prix,7,RUS,01:05:42.184,01:06:58.568
2025,10,Canadian Grand Prix,8,RUS,01:06:58.568,01:08:14.981
2025,10,Canadian Grand Prix,9,RUS,01:08:14.981,01:09:31.589
2025,10,Canadian Grand Prix,10,RUS,01:09:31.589,01:10:48.127
2025,10,Canadian Grand Prix,11,RUS,01:10:48.127,01:12:04.685
2025,10,Canadian Grand Prix,12,RUS,01:12:04.685,01:13:21.4
2025,10,Canadian Grand Prix,13,ANT,01:13:24.396,01:14:42.126
2025,10,Canadian Grand Prix,14,PIA,01:14:44.006,01:16:01.029
2025,10,Canadian Grand Prix,15,PIA,01:16:01.029,01:17:18.214
2025,10,Canadian Grand Prix,16,NOR,01:17:21.823,01:18:38.41
2025,10,Canadian Grand Prix,17,NOR,01:18:38.41,01:19:54.69
2025,10,Canadian Grand Prix,18,NOR,01:19:54.69,01:21:10.875
2025,10,Canadian Grand Prix,19,NOR,01:21:10.875,01:22:27.175
2025,10,Canadian Grand Prix,20,NOR,01:22:27.175,01:23:43.543
2025,10,Canadian Grand Prix,21,NOR,01:23:43.543,01:24:59.729
2025,10,Canadian Grand Prix,22,NOR,01:24:59.729,01:26:16.065
2025,10,Canadian Grand Prix,23,NOR,01:26:16.065,01:27:32.206
2025,10,Canadian Grand Prix,24,NOR,01:27:32.206,01:28:48.364
2025,10,Canadian Grand Prix,25,NOR,01:28:48.364,01:30:04.829
2025,10,Canadian Grand Prix,26,NOR,01:30:04.829,01:31:21.183
2025,10,Canadian Grand Prix,27,NOR,01:31:21.183,01:32:37.504
2025,10,Canadian Grand Prix,28,NOR,01:32:37.504,01:33:53.688
2025,10,Canadian Grand Prix,29,RUS,01:33:55.176,01:35:11.162
2025,10,Canadian Grand Prix,30,RUS,01:35:11.162,01:36:26.81
2025,10,Canadian Grand Prix,31,RUS,01:36:26.81,01:37:42.374
2025,10,Canadian Grand Prix,32,RUS,01:37:42.374,01:38:57.796
2025,10,Canadian Grand Prix,33,RUS,01:38:57.796,01:40:13.384
2025,10,Canadian Grand Prix,34,RUS,01:40:13.384,01:41:28.935
2025,10,Canadian Grand Prix,35,RUS,01:41:28.935,01:42:44.513
2025,10,Canadian Grand Prix,36,RUS,01:42:44.513,01:44:00.086
2025,10,Canadian Grand Prix,37,RUS,01:44:00.086,01:45:15.622
2025,10,Canadian Grand Prix,38,RUS,01:45:15.622,01:46:31.192
2025,10,Canadian Grand Prix,39,RUS,01:46:31.192,01:47:46.958
2025,10,Canadian Grand Prix,40,RUS,01:47:46.958,01:49:02.659
2025,10,Canadian Grand Prix,41,RUS,01:49:02.659,01:50:18.136
2025,10,Canadian Grand Prix,42,PIA,01:50:26.466,01:51:41.907
2025,10,Canadian Grand Prix,43,PIA,01:51:41.907,01:52:57.56
2025,10,Canadian Grand Prix,44,PIA,01:52:57.56,01:54:13.283
2025,10,Canadian Grand Prix,45,NOR,01:54:16.144,01:55:31.752
2025,10,Canadian Grand Prix,46,NOR,01:55:31.752,01:56:47.257
2025,10,Canadian Grand Prix,47,LEC,01:56:52.196,01:58:07.629
2025,10,Canadian Grand Prix,48,LEC,01:58:07.629,01:59:22.798
2025,10,Canadian Grand Prix,49,LEC,01:59:22.798,02:00:38.944
2025,10,Canadian Grand Prix,50,LEC,02:00:38.944,02:01:54.406
2025,10,Canadian Grand Prix,51,LEC,02:01:54.406,02:03:09.896
2025,10,Canadian Grand Prix,52,LEC,02:03:09.896,02:04:24.957
2025,10,Canadian Grand Prix,53,RUS,02:04:26.535,02:05:41.756
2025,10,Canadian Grand Prix,54,RUS,02:05:41.756,02:06:56.625
2025,10,Canadian Grand Prix,55,RUS,02:06:56.625,02:08:11.474
2025,10,Canadian Grand Prix,56,RUS,02:08:11.474,02:09:26.37
2025,10,Canadian Grand Prix,57,RUS,02:09:26.37,02:10:41.472
2025,10,Canadian Grand Prix,58,RUS,02:10:41.472,02:11:55.997
2025,10,Canadian Grand Prix,59,RUS,02:11:55.997,02:13:10.463
2025,10,Canadian Grand Prix,60,RUS,02:13:10.463,02:14:24.953
2025,10,Canadian Grand Prix,61,RUS,02:14:24.953,02:15:39.31
2025,10,Canadian Grand Prix,62,RUS,02:15:39.31,02:16:53.616
2025,10,Canadian Grand Prix,63,RUS,02:16:53.616,02:18:07.735
2025,10,Canadian Grand Prix,64,RUS,02:18:07.735,02:19:22.036
2025,10,Canadian Grand Prix,65,RUS,02:19:22.036,02:20:36.4
2025,10,Canadian Grand Prix,66,RUS,02:20:36.4,02:21:50.93
2025,10,Canadian Grand Prix,67,RUS,02:21:50.93,02:23:34.43
2025,10,Canadian Grand Prix,68,RUS,02:23:34.43,02:25:41.199
2025,10,Canadian Grand Prix,69,RUS,02:25:41.199,02:27:45.016
2025,10,Canadian Grand Prix,70,RUS,02:27:45.016,02:29:52.552
2025,11,Austrian Grand Prix,1,NOR,01:11:08.287,01:12:37.412
2025,11,Austrian Grand Prix,2,NOR,01:12:37.412,01:14:31.838
2025,11,Austrian Grand Prix,3,NOR,01:14:31.838,01:16:24.86
2025,11,Austrian Grand Prix,4,NOR,01:16:24.86,01:17:35.114
2025,11,Austrian Grand Prix,5,NOR,01:17:35.114,01:18:44.972
2025,11,Austrian Grand Prix,6,NOR,01:18:44.972,01:19:54.432
2025,11,Austrian Grand Prix,7,NOR,01:19:54.432,01:21:03.745
2025,11,Austrian Grand Prix,8,NOR,01:21:03.745,01:22:13.139
2025,11,Austrian Grand Prix,9,NOR,01:22:13.139,01:23:22.627
2025,11,Austrian Grand Prix,10,NOR,01:23:22.627,01:24:32.579
2025,11,Austrian Grand Prix,11,NOR,01:24:32.579,01:25:43.525
2025,11,Austrian Grand Prix,12,NOR,01:25:43.525,01:26:53.709
2025,11,Austrian Grand Prix,13,NOR,01:26:53.709,01:28:03.755
2025,11,Austrian Grand Prix,14,NOR,01:28:03.755,01:29:15.073
2025,11,Austrian Grand Prix,15,NOR,01:29:15.073,01:30:26.347
2025,11,Austrian Grand Prix,16,NOR,01:30:26.347,01:31:37.284
2025,11,Austrian Grand Prix,17,NOR,01:31:37.284,01:32:48.125
2025,11,Austrian Grand Prix,18,NOR,01:32:48.125,01:33:58.914
2025,11,Austrian Grand Prix,19,NOR,01:33:58.914,01:35:09.957
2025,11,Austrian Grand Prix,20,PIA,01:35:10.622,01:36:21.573
2025,11,Austrian Grand Prix,21,PIA,01:36:21.573,01:37:32.197
2025,11,Austrian Grand Prix,22,PIA,01:37:32.197,01:38:43.135
2025,11,Austrian Grand Prix,23,PIA,01:38:43.135,01:39:54.384
2025,11,Austrian Grand Prix,24,PIA,01:39:54.384,01:41:09.112
2025,11,Austrian Grand Prix,25,HAM,01:41:15.745,01:42:27.333
2025,11,Austrian Grand Prix,26,NOR,01:42:31.161,01:43:40.781
2025,11,Austrian Grand Prix,27,NOR,01:43:40.781,01:44:50.303
2025,11,Austrian Grand Prix,28,NOR,01:44:50.303,01:45:59.831
2025,11,Austrian Grand Prix,29,NOR,01:45:59.831,01:47:09.325
2025,11,Austrian Grand Prix,30,NOR,01:47:09.325,01:48:18.966
2025,11,Austrian Grand Prix,31,NOR,01:48:18.966,01:49:28.512
2025,11,Austrian Grand Prix,32,NOR,01:49:28.512,01:50:38.058
2025,11,Austrian Grand Prix,33,NOR,01:50:38.058,01:51:47.66
2025,11,Austrian Grand Prix,34,NOR,01:51:47.66,01:52:57.221
2025,11,Austrian Grand Prix,35,NOR,01:52:57.221,01:54:06.598
2025,11,Austrian Grand Prix,36,NOR,01:54:06.598,01:55:15.907
2025,11,Austrian Grand Prix,37,NOR,01:55:15.907,01:56:25.686
2025,11,Austrian Grand Prix,38,NOR,01:56:25.686,01:57:35.409
2025,11,Austrian Grand Prix,39,NOR,01:57:35.409,01:58:45.364
2025,11,Austrian Grand Prix,40,NOR,01:58:45.364,01:59:56.046
2025,11,Austrian Grand Prix,41,NOR,01:59:56.046,02:01:05.945
2025,11,Austrian Grand Prix,42,NOR,02:01:05.945,02:02:15.753
2025,11,Austrian Grand Prix,43,NOR,02:02:15.753,02:03:25.391
2025,11,Austrian Grand Prix,44,NOR,02:03:25.391,02:04:35.032
2025,11,Austrian Grand Prix,45,NOR,02:04:35.032,02:05:45.076
2025,11,Austrian Grand Prix,46,NOR,02:05:45.076,02:06:54.753
2025,11,Austrian Grand Prix,47,NOR,02:06:54.753,02:08:04.723
2025,11,Austrian Grand Prix,48,NOR,02:08:04.723,02:09:14.796
2025,11,Austrian Grand Prix,49,NOR,02:09:14.796,02:10:24.868
2025,11,Austrian Grand Prix,50,NOR,02:10:24.868,02:11:35.089
2025,11,Austrian Grand Prix,51,NOR,02:11:35.089,02:12:45.381
2025,11,Austrian Grand Prix,52,PIA,02:12:49.308,02:13:59.322
2025,11,Austrian Grand Prix,53,PIA,02:13:59.322,02:15:12.36
2025,11,Austrian Grand Prix,54,NOR,02:15:25.458,02:16:34.447
2025,11,Austrian Grand Prix,55,NOR,02:16:34.447,02:17:43.804
2025,11,Austrian Grand Prix,56,NOR,02:17:43.804,02:18:52.331
2025,11,Austrian Grand Prix,57,NOR,02:18:52.331,02:20:00.883
2025,11,Austrian Grand Prix,58,NOR,02:20:00.883,02:21:09.209
2025,11,Austrian Grand Prix,59,NOR,02:21:09.209,02:22:17.644
2025,11,Austrian Grand Prix,60,NOR,02:22:17.644,02:23:26.322
2025,11,Austrian Grand Prix,61,NOR,02:23:26.322,02:24:34.594
2025,11,Austrian Grand Prix,62,NOR,02:24:34.594,02:25:43.259
2025,11,Austrian Grand Prix,63,NOR,02:25:43.259,02:26:51.957
2025,11,Austrian Grand Prix,64,NOR,02:26:51.957,02:28:00.612
2025,11,Austrian Grand Prix,65,NOR,02:28:00.612,02:29:09.366
2025,11,Austrian Grand Prix,66,NOR,02:29:09.366,02:30:18.409
2025,11,Austrian Grand Prix,67,NOR,02:30:18.409,02:31:27.509
2025,11,Austrian Grand Prix,68,NOR,02:31:27.509,02:32:36.969
2025,11,Austrian Grand Prix,69,NOR,02:32:36.969,02:33:46.813
2025,11,Austrian Grand Prix,70,NOR,02:33:46.813,02:34:56.244
2025,12,British Grand Prix,1,VER,00:56:09.003,00:57:55.042
2025,12,British Grand Prix,2,VER,00:57:55.042,01:00:10.64
2025,12,British Grand Prix,3,VER,01:00:10.64,01:02:27.997
2025,12,British Grand Prix,4,VER,01:02:27.997,01:04:13.565
2025,12,British Grand Prix,5,VER,01:04:13.565,01:05:58.374
2025,12,British Grand Prix,6,VER,01:05:58.374,01:08:18.163
2025,12,British Grand Prix,7,VER,01:08:18.163,01:10:20.71
2025,12,British Grand Prix,8,PIA,01:10:21.381,01:12:05.552
2025,12,British Grand Prix,9,PIA,01:12:05.552,01:13:49.945
2025,12,British Grand Prix,10,PIA,01:13:49.945,01:15:34.835
2025,12,British Grand Prix,11,PIA,01:15:34.835,01:17:20.772
2025,12,British Grand Prix,12,PIA,01:17:20.772,01:19:26.922
2025,12,British Grand Prix,13,PIA,01:19:26.922,01:21:14.507
2025,12,British Grand Prix,14,PIA,01:21:14.507,01:23:30.317
2025,12,British Grand Prix,15,PIA,01:23:30.317,01:26:20.589
2025,12,British Grand Prix,16,PIA,01:26:20.589,01:29:05.931
2025,12,British Grand Prix,17,PIA,01:29:05.931,01:32:02.927
2025,12,British Grand Prix,18,PIA,01:32:02.927,01:34:00.97
2025,12,British Grand Prix,19,PIA,01:34:00.97,01:36:40.5
2025,12,British Grand Prix,20,PIA,01:36:40.5,01:39:23.604
2025,12,British Grand Prix,21,PIA,01:39:23.604,01:42:05.214
2025,12,British Grand Prix,22,PIA,01:42:05.214,01:43:49.708
2025,12,British Grand Prix,23,PIA,01:43:49.708,01:45:32.008
2025,12,British Grand Prix,24,PIA,01:45:32.008,01:47:13.986
2025,12,British Grand Prix,25,PIA,01:47:13.986,01:48:55.567
2025,12,British Grand Prix,26,PIA,01:48:55.567,01:50:37.213
2025,12,British Grand Prix,27,PIA,01:50:37.213,01:52:19.346
2025,12,British Grand Prix,28,PIA,01:52:19.346,01:54:01.774
2025,12,British Grand Prix,29,PIA,01:54:01.774,01:55:44.589
2025,12,British Grand Prix,30,PIA,01:55:44.589,01:57:27.476
2025,12,British Grand Prix,31,PIA,01:57:27.476,01:59:10.118
2025,12,British Grand Prix,32,PIA,01:59:10.118,02:00:52.128
2025,12,British Grand Prix,33,PIA,02:00:52.128,02:02:33.791
2025,12,British Grand Prix,34,PIA,02:02:33.791,02:04:15.177
2025,12,British Grand Prix,35,PIA,02:04:15.177,02:05:56.268
2025,12,British Grand Prix,36,PIA,02:05:56.268,02:07:37.238
2025,12,British Grand Prix,37,PIA,02:07:37.238,02:09:17.589
2025,12,British Grand Prix,38,PIA,02:09:17.589,02:10:57.716
2025,12,British Grand Prix,39,PIA,02:10:57.716,02:12:37.516
2025,12,British Grand Prix,40,PIA,02:12:37.516,02:14:16.977
2025,12,British Grand Prix,41,PIA,02:14:16.977,02:15:56.25
2025,12,British Grand Prix,42,PIA,02:15:56.25,02:17:35.12
2025,12,British Grand Prix,43,PIA,02:17:35.12,02:19:12.598
2025,12,British Grand Prix,44,NOR,02:19:15.492,02:20:54.395
2025,12,British Grand Prix,45,NOR,02:20:54.395,02:22:52.343
2025,12,British Grand Prix,46,NOR,02:22:52.343,02:24:24.12
2025,12,British Grand Prix,47,NOR,02:24:24.12,02:25:54.155
2025,12,British Grand Prix,48,NOR,02:25:54.155,02:27:23.889
2025,12,British Grand Prix,49,NOR,02:27:23.889,02:28:54.124
2025,12,British Grand Prix,50,NOR,02:28:54.124,02:30:24.045
2025,12,British Grand Prix,51,NOR,02:30:24.045,02:31:54.314
2025,12,British Grand Prix,52,NOR,02:31:54.314,02:33:25.004
2025,13,Belgian Grand Prix,1,NOR,02:14:32.096,02:17:37.017
2025,13,Belgian Grand Prix,2,NOR,02:17:37.017,02:20:30.61
2025,13,Belgian Grand Prix,3,NOR,02:20:30.61,02:23:23.137
2025,13,Belgian Grand Prix,4,NOR,02:23:23.137,02:26:25.591
2025,13,Belgian Grand Prix,5,PIA,02:26:25.966,02:28:25.058
2025,13,Belgian Grand Prix,6,PIA,02:28:25.058,02:30:24.273
2025,13,Belgian Grand Prix,7,PIA,02:30:24.273,02:32:24.041
2025,13,Belgian Grand Prix,8,PIA,02:32:24.041,02:34:24.652
2025,13,Belgian Grand Prix,9,PIA,02:34:24.652,02:36:26.061
2025,13,Belgian Grand Prix,10,PIA,02:36:26.061,02:38:28.165
2025,13,Belgian Grand Prix,11,PIA,02:38:28.165,02:40:29.631
2025,13,Belgian Grand Prix,12,NOR,02:40:31.603,02:42:32.061
2025,13,Belgian Grand Prix,13,NOR,02:42:32.061,02:44:35.023
2025,13,Belgian Grand Prix,14,PIA,02:44:45.974,02:46:36.858
2025,13,Belgian Grand Prix,15,PIA,02:46:36.858,02:48:25.947
2025,13,Belgian Grand Prix,16,PIA,02:48:25.947,02:50:13.641
2025,13,Belgian Grand Prix,17,PIA,02:50:13.641,02:52:00.892
2025,13,Belgian Grand Prix,18,PIA,02:52:00.892,02:53:47.924
2025,13,Belgian Grand Prix,19,PIA,02:53:47.924,02:55:34.686
2025,13,Belgian Grand Prix,20,PIA,02:55:34.686,02:57:21.476
2025,13,Belgian Grand Prix,21,PIA,02:57:21.476,02:59:07.962
2025,13,Belgian Grand Prix,22,PIA,02:59:07.962,03:00:54.262
2025,13,Belgian Grand Prix,23,PIA,03:00:54.262,03:02:40.695
2025,13,Belgian Grand Prix,24,PIA,03:02:40.695,03:04:27.169
2025,13,Belgian Grand Prix,25,PIA,03:04:27.169,03:06:13.584
2025,13,Belgian Grand Prix,26,PIA,03:06:13.584,03:07:59.991
2025,13,Belgian Grand Prix,27,PIA,03:07:59.991,03:09:46.234
2025,13,Belgian Grand Prix,28,PIA,03:09:46.234,03:11:32.696
2025,13,Belgian Grand Prix,29,PIA,03:11:32.696,03:13:18.867
2025,13,Belgian Grand Prix,30,PIA,03:13:18.867,03:15:05.072
2025,13,Belgian Grand Prix,31,PIA,03:15:05.072,03:16:51.314
2025,13,Belgian Grand Prix,32,PIA,03:16:51.314,03:18:37.672
2025,13,Belgian Grand Prix,33,PIA,03:18:37.672,03:20:24.335
2025,13,Belgian Grand Prix,34,PIA,03:20:24.335,03:22:10.693
2025,13,Belgian Grand Prix,35,PIA,03:22:10.693,03:23:57.137
2025,13,Belgian Grand Prix,36,PIA,03:23:57.137,03:25:43.714
2025,13,Belgian Grand Prix,37,PIA,03:25:43.714,03:27:30.197
2025,13,Belgian Grand Prix,38,PIA,03:27:30.197,03:29:16.544
2025,13,Belgian Grand Prix,39,PIA,03:29:16.544,03:31:03.042
2025,13,Belgian Grand Prix,40,PIA,03:31:03.042,03:32:49.368
2025,13,Belgian Grand Prix,41,PIA,03:32:49.368,03:34:35.512
2025,13,Belgian Grand Prix,42,PIA,03:34:35.512,03:36:21.445
2025,13,Belgian Grand Prix,43,PIA,03:36:21.445,03:38:07.151
2025,13,Belgian Grand Prix,44,PIA,03:38:07.151,03:39:54.972
2025,14,Hungarian Grand Prix,1,LEC,00:57:47.946,00:59:15.614
2025,14,Hungarian Grand Prix,2,LEC,00:59:15.614,01:00:38.443
2025,14,Hungarian Grand Prix,3,LEC,01:00:38.443,01:02:00.938
2025,14,Hungarian Grand Prix,4,LEC,01:02:00.938,01:03:23.216
2025,14,Hungarian Grand Prix,5,LEC,01:03:23.216,01:04:45.534
2025,14,Hungarian Grand Prix,6,LEC,01:04:45.534,01:06:07.891
2025,14,Hungarian Grand Prix,7,LEC,01:06:07.891,01:07:29.937
2025,14,Hungarian Grand Prix,8,LEC,01:07:29.937,01:08:51.677
2025,14,Hungarian Grand Prix,9,LEC,01:08:51.677,01:10:13.499
2025,14,Hungarian Grand Prix,10,LEC,01:10:13.499,01:11:35.443
2025,14,Hungarian Grand Prix,11,LEC,01:11:35.443,01:12:57.285
2025,14,Hungarian Grand Prix,12,LEC,01:12:57.285,01:14:19.31
2025,14,Hungarian Grand Prix,13,LEC,01:14:19.31,01:15:41.21
2025,14,Hungarian Grand Prix,14,LEC,01:15:41.21,01:17:03.188
2025,14,Hungarian Grand Prix,15,LEC,01:17:03.188,01:18:25.268
2025,14,Hungarian Grand Prix,16,LEC,01:18:25.268,01:19:47.743
2025,14,Hungarian Grand Prix,17,LEC,01:19:47.743,01:21:09.963
2025,14,Hungarian Grand Prix,18,LEC,01:21:09.963,01:22:32.279
2025,14,Hungarian Grand Prix,19,LEC,01:22:32.279,01:23:56.831
2025,14,Hungarian Grand Prix,20,NOR,01:24:01.613,01:25:23.053
2025,14,Hungarian Grand Prix,21,NOR,01:25:23.053,01:26:44.76
2025,14,Hungarian Grand Prix,22,NOR,01:26:44.76,01:28:06.859
2025,14,Hungarian Grand Prix,23,NOR,01:28:06.859,01:29:28.934
2025,14,Hungarian Grand Prix,24,NOR,01:29:28.934,01:30:51.051
2025,14,Hungarian Grand Prix,25,NOR,01:30:51.051,01:32:12.975
2025,14,Hungarian Grand Prix,26,NOR,01:32:12.975,01:33:35.12
2025,14,Hungarian Grand Prix,27,NOR,01:33:35.12,01:34:57.245
2025,14,Hungarian Grand Prix,28,NOR,01:34:57.245,01:36:19.398
2025,14,Hungarian Grand Prix,29,NOR,01:36:19.398,01:37:41.931
2025,14,Hungarian Grand Prix,30,NOR,01:37:41.931,01:39:04.564
2025,14,Hungarian Grand Prix,31,LEC,01:39:08.022,01:40:29.56
2025,14,Hungarian Grand Prix,32,LEC,01:40:29.56,01:41:51.121
2025,14,Hungarian Grand Prix,33,LEC,01:41:51.121,01:43:12.569
2025,14,Hungarian Grand Prix,34,LEC,01:43:12.569,01:44:33.681
2025,14,Hungarian Grand Prix,35,LEC,01:44:33.681,01:45:55.174
2025,14,Hungarian Grand Prix,36,LEC,01:45:55.174,01:47:16.476
2025,14,Hungarian Grand Prix,37,LEC,01:47:16.476,01:48:37.744
2025,14,Hungarian Grand Prix,38,LEC,01:48:37.744,01:49:59.428
2025,14,Hungarian Grand Prix,39,LEC,01:49:59.428,01:51:21.057
2025,14,Hungarian Grand Prix,40,PIA,01:51:22.669,01:52:44.294
2025,14,Hungarian Grand Prix,41,PIA,01:52:44.294,01:54:05.325
2025,14,Hungarian Grand Prix,42,PIA,01:54:05.325,01:55:26.3
2025,14,Hungarian Grand Prix,43,PIA,01:55:26.3,01:56:47.324
2025,14,Hungarian Grand Prix,44,PIA,01:56:47.324,01:58:09.534
2025,14,Hungarian Grand Prix,45,PIA,01:58:09.534,01:59:33.521
2025,14,Hungarian Grand Prix,46,NOR,01:59:38.969,02:00:59.346
2025,14,Hungarian Grand Prix,47,NOR,02:00:59.346,02:02:19.704
2025,14,Hungarian Grand Prix,48,NOR,02:02:19.704,02:03:40.247
2025,14,Hungarian Grand Prix,49,NOR,02:03:40.247,02:05:00.719
2025,14,Hungarian Grand Prix,50,NOR,02:05:00.719,02:06:21.246
2025,14,Hungarian Grand Prix,51,NOR,02:06:21.246,02:07:42.025
2025,14,Hungarian Grand Prix,52,NOR,02:07:42.025,02:09:02.933
2025,14,Hungarian Grand Prix,53,NOR,02:09:02.933,02:10:23.13
2025,14,Hungarian Grand Prix,54,NOR,02:10:23.13,02:11:43.287
2025,14,Hungarian Grand Prix,55,NOR,02:11:43.287,02:13:03.292
2025,14,Hungarian Grand Prix,56,NOR,02:13:03.292,02:14:23.445
2025,14,Hungarian Grand Prix,57,NOR,02:14:23.445,02:15:43.363
2025,14,Hungarian Grand Prix,58,NOR,02:15:43.363,02:17:03.507
2025,14,Hungarian Grand Prix,59,NOR,02:17:03.507,02:18:23.443
2025,14,Hungarian Grand Prix,60,NOR,02:18:23.443,02:19:43.6
2025,14,Hungarian Grand Prix,61,NOR,02:19:43.6,02:21:03.71
2025,14,Hungarian Grand Prix,62,NOR,02:21:03.71,02:22:24.171
2025,14,Hungarian Grand Prix,63,NOR,02:22:24.171,02:23:44.991
2025,14,Hungarian Grand Prix,64,NOR,02:23:44.991,02:25:06.08
2025,14,Hungarian Grand Prix,65,NOR,02:25:06.08,02:26:26.845
2025,14,Hungarian Grand Prix,66,NOR,02:26:26.845,02:27:47.442
2025,14,Hungarian Grand Prix,67,NOR,02:27:47.442,02:29:07.839
2025,14,Hungarian Grand Prix,68,NOR,02:29:07.839,02:30:28.107
2025,14,Hungarian Grand Prix,69,NOR,02:30:28.107,02:31:48.737
2025,14,Hungarian Grand Prix,70,NOR,02:31:48.737,02:33:09.451
2025,15,Dutch Grand Prix,1,PIA,00:56:34.052,00:57:52.924
2025,15,Dutch Grand Prix,2,PIA,00:57:52.924,00:59:08.669
2025,15,Dutch Grand Prix,3,PIA,00:59:08.669,01:00:24.403
2025,15,Dutch Grand Prix,4,PIA,01:00:24.403,01:01:39.863
2025,15,Dutch Grand Prix,5,PIA,01:01:39.863,01:02:55.237
2025,15,Dutch Grand Prix,6,PIA,01:02:55.237,01:04:10.488
2025,15,Dutch Grand Prix,7,PIA,01:04:10.488,01:05:25.696
2025,15,Dutch Grand Prix,8,PIA,01:05:25.696,01:06:40.967
2025,15,Dutch Grand Prix,9,PIA,01:06:40.967,01:07:55.988
2025,15,Dutch Grand Prix,10,PIA,01:07:55.988,01:09:11.105
2025,15,Dutch Grand Prix,11,PIA,01:09:11.105,01:10:26.006
2025,15,Dutch Grand Prix,12,PIA,01:10:26.006,01:11:41.256
2025,15,Dutch Grand Prix,13,PIA,01:11:41.256,01:12:56.317
2025,15,Dutch Grand Prix,14,PIA,01:12:56.317,01:14:11.756
2025,15,Dutch Grand Prix,15,PIA,01:14:11.756,01:15:27.105
2025,15,Dutch Grand Prix,16,PIA,01:15:27.105,01:16:42.319
2025,15,Dutch Grand Prix,17,PIA,01:16:42.319,01:17:57.849
2025,15,Dutch Grand Prix,18,PIA,01:17:57.849,01:19:13.138
2025,15,Dutch Grand Prix,19,PIA,01:19:13.138,01:20:28.625
2025,15,Dutch Grand Prix,20,PIA,01:20:28.625,01:21:44.227
2025,15,Dutch Grand Prix,21,PIA,01:21:44.227,01:22:59.8
2025,15,Dutch Grand Prix,22,PIA,01:22:59.8,01:24:15.221
2025,15,Dutch Grand Prix,23,PIA,01:24:15.221,01:25:39.401
2025,15,Dutch Grand Prix,24,PIA,01:25:39.401,01:27:44.099
2025,15,Dutch Grand Prix,25,PIA,01:27:44.099,01:29:49.974
2025,15,Dutch Grand Prix,26,PIA,01:29:49.974,01:31:48.921
2025,15,Dutch Grand Prix,27,PIA,01:31:48.921,01:33:03.53
2025,15,Dutch Grand Prix,28,PIA,01:33:03.53,01:34:17.514
2025,15,Dutch Grand Prix,29,PIA,01:34:17.514,01:35:32.476
2025,15,Dutch Grand Prix,30,PIA,01:35:32.476,01:36:47.735
2025,15,Dutch Grand Prix,31,PIA,01:36:47.735,01:38:11.415
2025,15,Dutch Grand Prix,32,PIA,01:38:11.415,01:39:41.199
2025,15,Dutch Grand Prix,33,PIA,01:39:41.199,01:40:56.34
2025,15,Dutch Grand Prix,34,PIA,01:40:56.34,01:42:11.2
2025,15,Dutch Grand Prix,35,PIA,01:42:11.2,01:43:26.071
2025,15,Dutch Grand Prix,36,PIA,01:43:26.071,01:44:40.627
2025,15,Dutch Grand Prix,37,PIA,01:44:40.627,01:45:55.453
2025,15,Dutch Grand Prix,38,PIA,01:45:55.453,01:47:10.185
2025,15,Dutch Grand Prix,39,PIA,01:47:10.185,01:48:24.37
2025,15,Dutch Grand Prix,40,PIA,01:48:24.37,01:49:38.487
2025,15,Dutch Grand Prix,41,PIA,01:49:38.487,01:50:52.498
2025,15,Dutch Grand Prix,42,PIA,01:50:52.498,01:52:06.463
2025,15,Dutch Grand Prix,43,PIA,01:52:06.463,01:53:20.582
2025,15,Dutch Grand Prix,44,PIA,01:53:20.582,01:54:34.844
2025,15,Dutch Grand Prix,45,PIA,01:54:34.844,01:55:48.96
2025,15,Dutch Grand Prix,46,PIA,01:55:48.96,01:57:03.108
2025,15,Dutch Grand Prix,47,PIA,01:57:03.108,01:58:17.473
2025,15,Dutch Grand Prix,48,PIA,01:58:17.473,01:59:31.976
2025,15,Dutch Grand Prix,49,PIA,01:59:31.976,02:00:46.746
2025,15,Dutch Grand Prix,50,PIA,02:00:46.746,02:02:01.537
2025,15,Dutch Grand Prix,51,PIA,02:02:01.537,02:03:16.172
2025,15,Dutch Grand Prix,52,PIA,02:03:16.172,02:04:30.329
2025,15,Dutch Grand Prix,53,PIA,02:04:30.329,02:05:53.132
2025,15,Dutch Grand Prix,54,PIA,02:05:53.132,02:08:04.181
2025,15,Dutch Grand Prix,55,PIA,02:08:04.181,02:10:11.817
2025,15,Dutch Grand Prix,56,PIA,02:10:11.817,02:12:14.776
2025,15,Dutch Grand Prix,57,PIA,02:12:14.776,02:14:11.976
2025,15,Dutch Grand Prix,58,PIA,02:14:11.976,02:15:25.095
2025,15,Dutch Grand Prix,59,PIA,02:15:25.095,02:16:38.034
2025,15,Dutch Grand Prix,60,PIA,02:16:38.034,02:17:50.305
2025,15,Dutch Grand Prix,61,PIA,02:17:50.305,02:19:03.026
2025,15,Dutch Grand Prix,62,PIA,02:19:03.026,02:20:15.609
2025,15,Dutch Grand Prix,63,PIA,02:20:15.609,02:21:28.39
2025,15,Dutch Grand Prix,64,PIA,02:21:28.39,02:22:41.058
2025,15,Dutch Grand Prix,65,PIA,02:22:41.058,02:24:01.84
2025,15,Dutch Grand Prix,66,PIA,02:24:01.84,02:26:06.026
2025,15,Dutch Grand Prix,67,PIA,02:26:06.026,02:28:09.231
2025,15,Dutch Grand Prix,68,PIA,02:28:09.231,02:30:12.501
2025,15,Dutch Grand Prix,69,PIA,02:30:12.501,02:31:25.136
2025,15,Dutch Grand Prix,70,PIA,02:31:25.136,02:32:37.56
2025,15,Dutch Grand Prix,71,PIA,02:32:37.56,02:33:50.451
2025,15,Dutch Grand Prix,72,PIA,02:33:50.451,02:35:04.151
2025,16,Italian Grand Prix,1,VER,00:57:49.893,00:59:17.271
2025,16,Italian Grand Prix,2,NOR,00:59:17.542,01:00:41.431
2025,16,Italian Grand Prix,3,NOR,01:00:41.431,01:02:05.105
2025,16,Italian Grand Prix,4,VER,01:02:05.642,01:03:28.904
2025,16,Italian Grand Prix,5,VER,01:03:28.904,01:04:52.492
2025,16,Italian Grand Prix,6,VER,01:04:52.492,01:06:16.068
2025,16,Italian Grand Prix,7,VER,01:06:16.068,01:07:39.378
2025,16,Italian Grand Prix,8,VER,01:07:39.378,01:09:02.517
2025,16,Italian Grand Prix,9,VER,01:09:02.517,01:10:25.618
2025,16,Italian Grand Prix,10,VER,01:10:25.618,01:11:48.706
2025,16,Italian Grand Prix,11,VER,01:11:48.706,01:13:11.772
2025,16,Italian Grand Prix,12,VER,01:13:11.772,01:14:34.786
2025,16,Italian Grand Prix,13,VER,01:14:34.786,01:15:58.04
2025,16,Italian Grand Prix,14,VER,01:15:58.04,01:17:21.158
2025,16,Italian Grand Prix,15,VER,01:17:21.158,01:18:44.235
2025,16,Italian Grand Prix,16,VER,01:18:44.235,01:20:07.236
2025,16,Italian Grand Prix,17,VER,01:20:07.236,01:21:30.126
2025,16,Italian Grand Prix,18,VER,01:21:30.126,01:22:52.853
2025,16,Italian Grand Prix,19,VER,01:22:52.853,01:24:15.691
2025,16,Italian Grand Prix,20,VER,01:24:15.691,01:25:38.548
2025,16,Italian Grand Prix,21,VER,01:25:38.548,01:27:01.467
2025,16,Italian Grand Prix,22,VER,01:27:01.467,01:28:24.2
2025,16,Italian Grand Prix,23,VER,01:28:24.2,01:29:46.982
2025,16,Italian Grand Prix,24,VER,01:29:46.982,01:31:09.799
2025,16,Italian Grand Prix,25,VER,01:31:09.799,01:32:32.769
2025,16,Italian Grand Prix,26,VER,01:32:32.769,01:33:55.706
2025,16,Italian Grand Prix,27,VER,01:33:55.706,01:35:18.721
2025,16,Italian Grand Prix,28,VER,01:35:18.721,01:36:41.752
2025,16,Italian Grand Prix,29,VER,01:36:41.752,01:38:04.563
2025,16,Italian Grand Prix,30,VER,01:38:04.563,01:39:27.491
2025,16,Italian Grand Prix,31,VER,01:39:27.491,01:40:50.432
2025,16,Italian Grand Prix,32,VER,01:40:50.432,01:42:13.322
2025,16,Italian Grand Prix,33,VER,01:42:13.322,01:43:36.265
2025,16,Italian Grand Prix,34,VER,01:43:36.265,01:44:59.06
2025,16,Italian Grand Prix,35,VER,01:44:59.06,01:46:21.711
2025,16,Italian Grand Prix,36,VER,01:46:21.711,01:47:44.41
2025,16,Italian Grand Prix,37,VER,01:47:44.41,01:49:11.842
2025,16,Italian Grand Prix,38,NOR,01:49:12.348,01:50:35.157
2025,16,Italian Grand Prix,39,NOR,01:50:35.157,01:51:57.848
2025,16,Italian Grand Prix,40,NOR,01:51:57.848,01:53:20.469
2025,16,Italian Grand Prix,41,NOR,01:53:20.469,01:54:43.918
2025,16,Italian Grand Prix,42,NOR,01:54:43.918,01:56:06.508
2025,16,Italian Grand Prix,43,NOR,01:56:06.508,01:57:29.412
2025,16,Italian Grand Prix,44,NOR,01:57:29.412,01:58:51.8
2025,16,Italian Grand Prix,45,NOR,01:58:51.8,02:00:14.581
2025,16,Italian Grand Prix,46,NOR,02:00:14.581,02:01:41.868
2025,16,Italian Grand Prix,47,VER,02:01:45.308,02:03:06.644
2025,16,Italian Grand Prix,48,VER,02:03:06.644,02:04:27.96
2025,16,Italian Grand Prix,49,VER,02:04:27.96,02:05:49.288
2025,16,Italian Grand Prix,50,VER,02:05:49.288,02:07:10.585
2025,16,Italian Grand Prix,51,VER,02:07:10.585,02:08:32.334
2025,16,Italian Grand Prix,52,VER,02:08:32.334,02:09:53.337
2025,16,Italian Grand Prix,53,VER,02:09:53.337,02:11:14.437
2025,17,Azerbaijan Grand Prix,1,VER,00:57:27.534,00:59:36.467
2025,17,Azerbaijan Grand Prix,2,VER,00:59:36.467,01:02:20.71
2025,17,Azerbaijan Grand Prix,3,VER,01:02:20.71,01:04:59.816
2025,17,Azerbaijan Grand Prix,4,VER,01:04:59.816,01:08:11.983
2025,17,Azerbaijan Grand Prix,5,VER,01:08:11.983,01:09:59.638
2025,17,Azerbaijan Grand Prix,6,VER,01:09:59.638,01:11:46.765
2025,17,Azerbaijan Grand Prix,7,VER,01:11:46.765,01:13:33.249
2025,17,Azerbaijan Grand Prix,8,VER,01:13:33.249,01:15:19.382
2025,17,Azerbaijan Grand Prix,9,VER,01:15:19.382,01:17:05.758
2025,17,Azerbaijan Grand Prix,10,VER,01:17:05.758,01:18:51.93
2025,17,Azerbaijan Grand Prix,11,VER,01:18:51.93,01:20:38.175
2025,17,Azerbaijan Grand Prix,12,VER,01:20:38.175,01:22:24.298
2025,17,Azerbaijan Grand Prix,13,VER,01:22:24.298,01:24:10.4
2025,17,Azerbaijan Grand Prix,14,VER,01:24:10.4,01:25:56.217
2025,17,Azerbaijan Grand Prix,15,VER,01:25:56.217,01:27:41.834
2025,17,Azerbaijan Grand Prix,16,VER,01:27:41.834,01:29:27.475
2025,17,Azerbaijan Grand Prix,17,VER,01:29:27.475,01:31:13.174
2025,17,Azerbaijan Grand Prix,18,VER,01:31:13.174,01:32:59.382
2025,17,Azerbaijan Grand Prix,19,VER,01:32:59.382,01:34:44.796
2025,17,Azerbaijan Grand Prix,20,VER,01:34:44.796,01:36:30.288
2025,17,Azerbaijan Grand Prix,21,VER,01:36:30.288,01:38:15.846
2025,17,Azerbaijan Grand Prix,22,VER,01:38:15.846,01:40:01.319
2025,17,Azerbaijan Grand Prix,23,VER,01:40:01.319,01:41:46.681
2025,17,Azerbaijan Grand Prix,24,VER,01:41:46.681,01:43:32.092
2025,17,Azerbaijan Grand Prix,25,VER,01:43:32.092,01:45:17.395
2025,17,Azerbaijan Grand Prix,26,VER,01:45:17.395,01:47:02.362
2025,17,Azerbaijan Grand Prix,27,VER,01:47:02.362,01:48:47.182
2025,17,Azerbaijan Grand Prix,28,VER,01:48:47.182,01:50:32.082
2025,17,Azerbaijan Grand Prix,29,VER,01:50:32.082,01:52:17.092
2025,17,Azerbaijan Grand Prix,30,VER,01:52:17.092,01:54:01.935
2025,17,Azerbaijan Grand Prix,31,VER,01:54:01.935,01:55:46.719
2025,17,Azerbaijan Grand Prix,32,VER,01:55:46.719,01:57:31.445
2025,17,Azerbaijan Grand Prix,33,VER,01:57:31.445,01:59:16.098
2025,17,Azerbaijan Grand Prix,34,VER,01:59:16.098,02:01:00.888
2025,17,Azerbaijan Grand Prix,35,VER,02:01:00.888,02:02:45.799
2025,17,Azerbaijan Grand Prix,36,VER,02:02:45.799,02:04:30.579
2025,17,Azerbaijan Grand Prix,37,VER,02:04:30.579,02:06:15.256
2025,17,Azerbaijan Grand Prix,38,VER,02:06:15.256,02:08:00.031
2025,17,Azerbaijan Grand Prix,39,VER,02:08:00.031,02:09:44.981
2025,17,Azerbaijan Grand Prix,40,VER,02:09:44.981,02:11:33.735
2025,17,Azerbaijan Grand Prix,41,VER,02:11:33.735,02:13:35.26
2025,17,Azerbaijan Grand Prix,42,VER,02:13:35.26,02:15:18.962
2025,17,Azerbaijan Grand Prix,43,VER,02:15:18.962,02:17:02.717
2025,17,Azerbaijan Grand Prix,44,VER,02:17:02.717,02:18:46.281
2025,17,Azerbaijan Grand Prix,45,VER,02:18:46.281,02:20:29.704
2025,17,Azerbaijan Grand Prix,46,VER,02:20:29.704,02:22:13.123
2025,17,Azerbaijan Grand Prix,47,VER,02:22:13.123,02:23:56.702
2025,17,Azerbaijan Grand Prix,48,VER,02:23:56.702,02:25:40.644
2025,17,Azerbaijan Grand Prix,49,VER,02:25:40.644,02:27:26.179
2025,17,Azerbaijan Grand Prix,50,VER,02:27:26.179,02:29:09.567
2025,17,Azerbaijan Grand Prix,51,VER,02:29:09.567,02:30:54.123
2025,18,Singapore Grand Prix,1,RUS,00:54:57.735,00:56:41.841
2025,18,Singapore Grand Prix,2,RUS,00:56:41.841,00:58:20.99
2025,18,Singapore Grand Prix,3,RUS,00:58:20.99,00:59:59.025
2025,18,Singapore Grand Prix,4,RUS,00:59:59.025,01:01:36.595
2025,18,Singapore Grand Prix,5,RUS,01:01:36.595,01:03:13.779
2025,18,Singapore Grand Prix,6,RUS,01:03:13.779,01:04:50.633
2025,18,Singapore Grand Prix,7,RUS,01:04:50.633,01:06:27.401
2025,18,Singapore Grand Prix,8,RUS,01:06:27.401,01:08:04.056
2025,18,Singapore Grand Prix,9,RUS,01:08:04.056,01:09:40.782
2025,18,Singapore Grand Prix,10,RUS,01:09:40.782,01:11:17.447
2025,18,Singapore Grand Prix,11,RUS,01:11:17.447,01:12:54.159
2025,18,Singapore Grand Prix,12,RUS,01:12:54.159,01:14:30.644
2025,18,Singapore Grand Prix,13,RUS,01:14:30.644,01:16:07.274
2025,18,Singapore Grand Prix,14,RUS,01:16:07.274,01:17:44.096
2025,18,Singapore Grand Prix,15,RUS,01:17:44.096,01:19:21.248
2025,18,Singapore Grand Prix,16,RUS,01:19:21.248,01:20:58.151
2025,18,Singapore Grand Prix,17,RUS,01:20:58.151,01:22:35.124
2025,18,Singapore Grand Prix,18,RUS,01:22:35.124,01:24:12.163
2025,18,Singapore Grand Prix,19,RUS,01:24:12.163,01:25:49.079
2025,18,Singapore Grand Prix,20,RUS,01:25:49.079,01:27:26.338
2025,18,Singapore Grand Prix,21,RUS,01:27:26.338,01:29:03.447
2025,18,Singapore Grand Prix,22,RUS,01:29:03.447,01:30:40.673
2025,18,Singapore Grand Prix,23,RUS,01:30:40.673,01:32:17.831
2025,18,Singapore Grand Prix,24,RUS,01:32:17.831,01:33:55.03
2025,18,Singapore Grand Prix,25,RUS,01:33:55.03,01:35:38.208
2025,18,Singapore Grand Prix,26,PIA,01:35:45.472,01:37:22.312
2025,18,Singapore Grand Prix,27,PIA,01:37:22.312,01:39:05.142
2025,18,Singapore Grand Prix,28,RUS,01:39:06.982,01:40:42.825
2025,18,Singapore Grand Prix,29,RUS,01:40:42.825,01:42:18.62
2025,18,Singapore Grand Prix,30,RUS,01:42:18.62,01:43:54.647
2025,18,Singapore Grand Prix,31,RUS,01:43:54.647,01:45:30.559
2025,18,Singapore Grand Prix,32,RUS,01:45:30.559,01:47:06.395
2025,18,Singapore Grand Prix,33,RUS,01:47:06.395,01:48:42.518
2025,18,Singapore Grand Prix,34,RUS,01:48:42.518,01:50:18.422
2025,18,Singapore Grand Prix,35,RUS,01:50:18.422,01:51:54.301
2025,18,Singapore Grand Prix,36,RUS,01:51:54.301,01:53:30.211
2025,18,Singapore Grand Prix,37,RUS,01:53:30.211,01:55:06.33
2025,18,Singapore Grand Prix,38,RUS,01:55:06.33,01:56:42.519
2025,18,Singapore Grand Prix,39,RUS,01:56:42.519,01:58:18.767
2025,18,Singapore Grand Prix,40,RUS,01:58:18.767,01:59:55.124
2025,18,Singapore Grand Prix,41,RUS,01:59:55.124,02:01:31.252
2025,18,Singapore Grand Prix,42,RUS,02:01:31.252,02:03:08.252
2025,18,Singapore Grand Prix,43,RUS,02:03:08.252,02:04:45.317
2025,18,Singapore Grand Prix,44,RUS,02:04:45.317,02:06:23.207
2025,18,Singapore Grand Prix,45,RUS,02:06:23.207,02:08:00.608
2025,18,Singapore Grand Prix,46,RUS,02:08:00.608,02:09:37.634
2025,18,Singapore Grand Prix,47,RUS,02:09:37.634,02:11:14.395
2025,18,Singapore Grand Prix,48,RUS,02:11:14.395,02:12:50.578
2025,18,Singapore Grand Prix,49,RUS,02:12:50.578,02:14:26.655
2025,18,Singapore Grand Prix,50,RUS,02:14:26.655,02:16:02.878
2025,18,Singapore Grand Prix,51,RUS,02:16:02.878,02:17:40.195
2025,18,Singapore Grand Prix,52,RUS,02:17:40.195,02:19:17.583
2025,18,Singapore Grand Prix,53,RUS,02:19:17.583,02:20:53.844
2025,18,Singapore Grand Prix,54,RUS,02:20:53.844,02:22:30.098
2025,18,Singapore Grand Prix,55,RUS,02:22:30.098,02:24:06.251
2025,18,Singapore Grand Prix,56,RUS,02:24:06.251,02:25:42.584
2025,18,Singapore Grand Prix,57,RUS,02:25:42.584,02:27:18.717
2025,18,Singapore Grand Prix,58,RUS,02:27:18.717,02:28:54.805
2025,18,Singapore Grand Prix,59,RUS,02:28:54.805,02:30:31.21
2025,18,Singapore Grand Prix,60,RUS,02:30:31.21,02:32:07.591
2025,18,Singapore Grand Prix,61,RUS,02:32:07.591,02:33:43.848
2025,18,Singapore Grand Prix,62,RUS,02:33:43.848,02:35:20.303
2025,19,United States Grand Prix,1,VER,00:56:44.299,00:58:24.756
2025,19,United States Grand Prix,2,VER,00:58:24.756,01:00:04.997
2025,19,United States Grand Prix,3,VER,01:00:04.997,01:01:45.066
2025,19,United States Grand Prix,4,VER,01:01:45.066,01:03:24.824
2025,19,United States Grand Prix,5,VER,01:03:24.824,01:05:05.134
2025,19,United States Grand Prix,6,VER,01:05:05.134,01:06:45.275
2025,19,United States Grand Prix,7,VER,01:06:45.275,01:08:43.855
2025,19,United States Grand Prix,8,VER,01:08:43.855,01:11:02.451
2025,19,United States Grand Prix,9,VER,01:11:02.451,01:12:45.19
2025,19,United States Grand Prix,10,VER,01:12:45.19,01:14:24.393
2025,19,United States Grand Prix,11,VER,01:14:24.393,01:16:04.04
2025,19,United States Grand Prix,12,VER,01:16:04.04,01:17:43.477
2025,19,United States Grand Prix,13,VER,01:17:43.477,01:19:23.062
2025,19,United States Grand Prix,14,VER,01:19:23.062,01:21:02.576
2025,19,United States Grand Prix,15,VER,01:21:02.576,01:22:42.661
2025,19,United States Grand Prix,16,VER,01:22:42.661,01:24:22.444
2025,19,United States Grand Prix,17,VER,01:24:22.444,01:26:02.175
2025,19,United States Grand Prix,18,VER,01:26:02.175,01:27:41.575
2025,19,United States Grand Prix,19,VER,01:27:41.575,01:29:21.029
2025,19,United States Grand Prix,20,VER,01:29:21.029,01:31:00.549
2025,19,United States Grand Prix,21,VER,01:31:00.549,01:32:40.1
2025,19,United States Grand Prix,22,VER,01:32:40.1,01:34:19.873
2025,19,United States Grand Prix,23,VER,01:34:19.873,01:35:59.381
2025,19,United States Grand Prix,24,VER,01:35:59.381,01:37:38.897
2025,19,United States Grand Prix,25,VER,01:37:38.897,01:39:18.359
2025,19,United States Grand Prix,26,VER,01:39:18.359,01:40:58.287
2025,19,United States Grand Prix,27,VER,01:40:58.287,01:42:38.415
2025,19,United States Grand Prix,28,VER,01:42:38.415,01:44:18.428
2025,19,United States Grand Prix,29,VER,01:44:18.428,01:45:58.304
2025,19,United States Grand Prix,30,VER,01:45:58.304,01:47:38.317
2025,19,United States Grand Prix,31,VER,01:47:38.317,01:49:18.371
2025,19,United States Grand Prix,32,VER,01:49:18.371,01:50:58.832
2025,19,United States Grand Prix,33,VER,01:50:58.832,01:52:40.24
2025,19,United States Grand Prix,34,VER,01:52:40.24,01:54:38.545
2025,19,United States Grand Prix,35,VER,01:54:38.545,01:56:16.536
2025,19,United States Grand Prix,36,VER,01:56:16.536,01:57:55.269
2025,19,United States Grand Prix,37,VER,01:57:55.269,01:59:33.932
2025,19,United States Grand Prix,38,VER,01:59:33.932,02:01:12.443
2025,19,United States Grand Prix,39,VER,02:01:12.443,02:02:50.823
2025,19,United States Grand Prix,40,VER,02:02:50.823,02:04:29.119
2025,19,United States Grand Prix,41,VER,02:04:29.119,02:06:07.393
2025,19,United States Grand Prix,42,VER,02:06:07.393,02:07:46.229
2025,19,United States Grand Prix,43,VER,02:07:46.229,02:09:24.801
2025,19,United States Grand Prix,44,VER,02:09:24.801,02:11:03.552
2025,19,United States Grand Prix,45,VER,02:11:03.552,02:12:42.052
2025,19,United States Grand Prix,46,VER,02:12:42.052,02:14:20.468
2025,19,United States Grand Prix,47,VER,02:14:20.468,02:15:58.635
2025,19,United States Grand Prix,48,VER,02:15:58.635,02:17:36.937
2025,19,United States Grand Prix,49,VER,02:17:36.937,02:19:15.511
2025,19,United States Grand Prix,50,VER,02:19:15.511,02:20:54.096
2025,19,United States Grand Prix,51,VER,02:20:54.096,02:22:32.289
2025,19,United States Grand Prix,52,VER,02:22:32.289,02:24:10.481
2025,19,United States Grand Prix,53,VER,02:24:10.481,02:25:48.588
2025,19,United States Grand Prix,54,VER,02:25:48.588,02:27:27.487
2025,19,United States Grand Prix,55,VER,02:27:27.487,02:29:06.445
2025,19,United States Grand Prix,56,VER,02:29:06.445,02:30:44.705
2025,20,Mexico City Grand Prix,1,NOR,00:57:07.107,00:58:32.111
2025,20,Mexico City Grand Prix,2,NOR,00:58:32.111,00:59:55.257
2025,20,Mexico City Grand Prix,3,NOR,00:59:55.257,01:01:17.845
2025,20,Mexico City Grand Prix,4,NOR,01:01:17.845,01:02:40.295
2025,20,Mexico City Grand Prix,5,NOR,01:02:40.295,01:04:02.699
2025,20,Mexico City Grand Prix,6,NOR,01:04:02.699,01:05:25.207
2025,20,Mexico City Grand Prix,7,NOR,01:05:25.207,01:06:47.767
2025,20,Mexico City Grand Prix,8,NOR,01:06:47.767,01:08:10.149
2025,20,Mexico City Grand Prix,9,NOR,01:08:10.149,01:09:32.486
2025,20,Mexico City Grand Prix,10,NOR,01:09:32.486,01:10:54.883
2025,20,Mexico City Grand Prix,11,NOR,01:10:54.883,01:12:17.332
2025,20,Mexico City Grand Prix,12,NOR,01:12:17.332,01:13:39.75
2025,20,Mexico City Grand Prix,13,NOR,01:13:39.75,01:15:01.967
2025,20,Mexico City Grand Prix,14,NOR,01:15:01.967,01:16:24.103
2025,20,Mexico City Grand Prix,15,NOR,01:16:24.103,01:17:46.179
2025,20,Mexico City Grand Prix,16,NOR,01:17:46.179,01:19:08.308
2025,20,Mexico City Grand Prix,17,NOR,01:19:08.308,01:20:30.584
2025,20,Mexico City Grand Prix,18,NOR,01:20:30.584,01:21:53.228
2025,20,Mexico City Grand Prix,19,NOR,01:21:53.228,01:23:15.633
2025,20,Mexico City Grand Prix,20,NOR,01:23:15.633,01:24:37.939
2025,20,Mexico City Grand Prix,21,NOR,01:24:37.939,01:26:00.176
2025,20,Mexico City Grand Prix,22,NOR,01:26:00.176,01:27:22.548
2025,20,Mexico City Grand Prix,23,NOR,01:27:22.548,01:28:45.261
2025,20,Mexico City Grand Prix,24,NOR,01:28:45.261,01:30:07.86
2025,20,Mexico City Grand Prix,25,NOR,01:30:07.86,01:31:30.518
2025,20,Mexico City Grand Prix,26,NOR,01:31:30.518,01:32:53.331
2025,20,Mexico City Grand Prix,27,NOR,01:32:53.331,01:34:16.283
2025,20,Mexico City Grand Prix,28,NOR,01:34:16.283,01:35:39.045
2025,20,Mexico City Grand Prix,29,NOR,01:35:39.045,01:37:01.75
2025,20,Mexico City Grand Prix,30,NOR,01:37:01.75,01:38:24.543
2025,20,Mexico City Grand Prix,31,NOR,01:38:24.543,01:39:47.664
2025,20,Mexico City Grand Prix,32,NOR,01:39:47.664,01:41:10.892
2025,20,Mexico City Grand Prix,33,NOR,01:41:10.892,01:42:34.196
2025,20,Mexico City Grand Prix,34,NOR,01:42:34.196,01:44:00.231
2025,20,Mexico City Grand Prix,35,NOR,01:44:00.231,01:45:41.617
2025,20,Mexico City Grand Prix,36,NOR,01:45:41.617,01:47:03.822
2025,20,Mexico City Grand Prix,37,NOR,01:47:03.822,01:48:25.821
2025,20,Mexico City Grand Prix,38,NOR,01:48:25.821,01:49:46.685
2025,20,Mexico City Grand Prix,39,NOR,01:49:46.685,01:51:08.273
2025,20,Mexico City Grand Prix,40,NOR,01:51:08.273,01:52:29.796
2025,20,Mexico City Grand Prix,41,NOR,01:52:29.796,01:53:51.49
2025,20,Mexico City Grand Prix,42,NOR,01:53:51.49,01:55:12.977
2025,20,Mexico City Grand Prix,43,NOR,01:55:12.977,01:56:34.508
2025,20,Mexico City Grand Prix,44,NOR,01:56:34.508,01:57:56.061
2025,20,Mexico City Grand Prix,45,NOR,01:57:56.061,01:59:16.825
2025,20,Mexico City Grand Prix,46,NOR,01:59:16.825,02:00:38.085
2025,20,Mexico City Grand Prix,47,NOR,02:00:38.085,02:01:59.333
2025,20,Mexico City Grand Prix,48,NOR,02:01:59.333,02:03:20.901
2025,20,Mexico City Grand Prix,49,NOR,02:03:20.901,02:04:42.083
2025,20,Mexico City Grand Prix,50,NOR,02:04:42.083,02:06:03.531
2025,20,Mexico City Grand Prix,51,NOR,02:06:03.531,02:07:24.911
2025,20,Mexico City Grand Prix,52,NOR,02:07:24.911,02:08:46.007
2025,20,Mexico City Grand Prix,53,NOR,02:08:46.007,02:10:07.271
2025,20,Mexico City Grand Prix,54,NOR,02:10:07.271,02:11:28.565
2025,20,Mexico City Grand Prix,55,NOR,02:11:28.565,02:12:50.178
2025,20,Mexico City Grand Prix,56,NOR,02:12:50.178,02:14:11.868
2025,20,Mexico City Grand Prix,57,NOR,02:14:11.868,02:15:33.251
2025,20,Mexico City Grand Prix,58,NOR,02:15:33.251,02:16:55.032
2025,20,Mexico City Grand Prix,59,NOR,02:16:55.032,02:18:16.547
2025,20,Mexico City Grand Prix,60,NOR,02:18:16.547,02:19:38.135
2025,20,Mexico City Grand Prix,61,NOR,02:19:38.135,02:20:59.921
2025,20,Mexico City Grand Prix,62,NOR,02:20:59.921,02:22:21.635
2025,20,Mexico City Grand Prix,63,NOR,02:22:21.635,02:23:43.496
2025,20,Mexico City Grand Prix,64,NOR,02:23:43.496,02:25:05.558
2025,20,Mexico City Grand Prix,65,NOR,02:25:05.558,02:26:27.708
2025,20,Mexico City Grand Prix,66,NOR,02:26:27.708,02:27:49.019
2025,20,Mexico City Grand Prix,67,NOR,02:27:49.019,02:29:10.619
2025,20,Mexico City Grand Prix,68,NOR,02:29:10.619,02:30:32.126
2025,20,Mexico City Grand Prix,69,NOR,02:30:32.126,02:31:53.746
2025,20,Mexico City Grand Prix,70,NOR,02:31:53.746,02:33:22.97
2025,20,Mexico City Grand Prix,71,NOR,02:33:22.97,02:35:05.95
2025,21,São Paulo Grand Prix,1,NOR,00:56:54.48,00:58:12.739
2025,21,São Paulo Grand Prix,2,NOR,00:58:12.739,00:59:54.735
2025,21,São Paulo Grand Prix,3,NOR,00:59:54.735,01:01:49.335
2025,21,São Paulo Grand Prix,4,NOR,01:01:49.335,01:03:39.104
2025,21,São Paulo Grand Prix,5,NOR,01:03:39.104,01:05:42.694
2025,21,São Paulo Grand Prix,6,NOR,01:05:42.694,01:06:57.233
2025,21,São Paulo Grand Prix,7,NOR,01:06:57.233,01:08:37.466
2025,21,São Paulo Grand Prix,8,NOR,01:08:37.466,01:10:20.147
2025,21,São Paulo Grand Prix,9,NOR,01:10:20.147,01:11:33.636
2025,21,São Paulo Grand Prix,10,NOR,01:11:33.636,01:12:47.409
2025,21,São Paulo Grand Prix,11,NOR,01:12:47.409,01:14:01.766
2025,21,São Paulo Grand Prix,12,NOR,01:14:01.766,01:15:16.126
2025,21,São Paulo Grand Prix,13,NOR,01:15:16.126,01:16:30.757
2025,21,São Paulo Grand Prix,14,NOR,01:16:30.757,01:17:45.497
2025,21,São Paulo Grand Prix,15,NOR,01:17:45.497,01:19:00.069
2025,21,São Paulo Grand Prix,16,NOR,01:19:00.069,01:20:14.9
2025,21,São Paulo Grand Prix,17,NOR,01:20:14.9,01:21:29.671
2025,21,São Paulo Grand Prix,18,NOR,01:21:29.671,01:22:44.444
2025,21,São Paulo Grand Prix,19,NOR,01:22:44.444,01:23:59.251
2025,21,São Paulo Grand Prix,20,NOR,01:23:59.251,01:25:14.15
2025,21,São Paulo Grand Prix,21,NOR,01:25:14.15,01:26:28.792
2025,21,São Paulo Grand Prix,22,NOR,01:26:28.792,01:27:43.534
2025,21,São Paulo Grand Prix,23,NOR,01:27:43.534,01:28:58.384
2025,21,São Paulo Grand Prix,24,NOR,01:28:58.384,01:30:13.143
2025,21,São Paulo Grand Prix,25,NOR,01:30:13.143,01:31:28.12
2025,21,São Paulo Grand Prix,26,NOR,01:31:28.12,01:32:43.151
2025,21,São Paulo Grand Prix,27,NOR,01:32:43.151,01:33:57.952
2025,21,São Paulo Grand Prix,28,NOR,01:33:57.952,01:35:12.839
2025,21,São Paulo Grand Prix,29,NOR,01:35:12.839,01:36:27.524
2025,21,São Paulo Grand Prix,30,NOR,01:36:27.524,01:37:46.244
2025,21,São Paulo Grand Prix,31,PIA,01:37:49.29,01:39:04.282
2025,21,São Paulo Grand Prix,32,PIA,01:39:04.282,01:40:19.417
2025,21,São Paulo Grand Prix,33,PIA,01:40:19.417,01:41:34.287
2025,21,São Paulo Grand Prix,34,PIA,01:41:34.287,01:42:49.706
2025,21,São Paulo Grand Prix,35,PIA,01:42:49.706,01:44:04.754
2025,21,São Paulo Grand Prix,36,PIA,01:44:04.754,01:45:20.721
2025,21,São Paulo Grand Prix,37,PIA,01:45:20.721,01:46:35.817
2025,21,São Paulo Grand Prix,38,PIA,01:46:35.817,01:47:56.081
2025,21,São Paulo Grand Prix,39,NOR,01:47:58.334,01:49:12.638
2025,21,São Paulo Grand Prix,40,NOR,01:49:12.638,01:50:26.993
2025,21,São Paulo Grand Prix,41,NOR,01:50:26.993,01:51:41.488
2025,21,São Paulo Grand Prix,42,NOR,01:51:41.488,01:52:55.981
2025,21,São Paulo Grand Prix,43,NOR,01:52:55.981,01:54:10.415
2025,21,São Paulo Grand Prix,44,NOR,01:54:10.415,01:55:24.786
2025,21,São Paulo Grand Prix,45,NOR,01:55:24.786,01:56:39.217
2025,21,São Paulo Grand Prix,46,NOR,01:56:39.217,01:57:53.669
2025,21,São Paulo Grand Prix,47,NOR,01:57:53.669,01:59:08.179
2025,21,São Paulo Grand Prix,48,NOR,01:59:08.179,02:00:22.565
2025,21,São Paulo Grand Prix,49,NOR,02:00:22.565,02:01:36.944
2025,21,São Paulo Grand Prix,50,NOR,02:01:36.944,02:02:54.907
2025,21,São Paulo Grand Prix,51,VER,02:03:05.717,02:04:19.375
2025,21,São Paulo Grand Prix,52,VER,02:04:19.375,02:05:33.367
2025,21,São Paulo Grand Prix,53,VER,02:05:33.367,02:06:47.495
2025,21,São Paulo Grand Prix,54,VER,02:06:47.495,02:08:05.009
2025,21,São Paulo Grand Prix,55,NOR,02:08:08.002,02:09:21.81
2025,21,São Paulo Grand Prix,56,NOR,02:09:21.81,02:10:35.181
2025,21,São Paulo Grand Prix,57,NOR,02:10:35.181,02:11:48.537
2025,21,São Paulo Grand Prix,58,NOR,02:11:48.537,02:13:01.887
2025,21,São Paulo Grand Prix,59,NOR,02:13:01.887,02:14:15.483
2025,21,São Paulo Grand Prix,60,NOR,02:14:15.483,02:15:29.009
2025,21,São Paulo Grand Prix,61,NOR,02:15:29.009,02:16:42.456
2025,21,São Paulo Grand Prix,62,NOR,02:16:42.456,02:17:56.145
2025,21,São Paulo Grand Prix,63,NOR,02:17:56.145,02:19:09.356
2025,21,São Paulo Grand Prix,64,NOR,02:19:09.356,02:20:22.533
2025,21,São Paulo Grand Prix,65,NOR,02:20:22.533,02:21:35.879
2025,21,São Paulo Grand Prix,66,NOR,02:21:35.879,02:22:48.919
2025,21,São Paulo Grand Prix,67,NOR,02:22:48.919,02:24:02.556
2025,21,São Paulo Grand Prix,68,NOR,02:24:02.556,02:25:15.967
2025,21,São Paulo Grand Prix,69,NOR,02:25:15.967,02:26:29.264
2025,21,São Paulo Grand Prix,70,NOR,02:26:29.264,02:27:42.831
2025,21,São Paulo Grand Prix,71,NOR,02:27:42.831,02:28:56.268
2025,22,Las Vegas Grand Prix,1,VER,00:57:41.627,00:59:23.959
2025,22,Las Vegas Grand Prix,2,VER,00:59:23.959,01:01:11.581
2025,22,Las Vegas Grand Prix,3,VER,01:01:11.581,01:03:25.115
2025,22,Las Vegas Grand Prix,4,VER,01:03:25.115,01:05:06.786
2025,22,Las Vegas Grand Prix,5,VER,01:05:06.786,01:06:44.207
2025,22,Las Vegas Grand Prix,6,VER,01:06:44.207,01:08:20.801
2025,22,Las Vegas Grand Prix,7,VER,01:08:20.801,01:09:57.184
2025,22,Las Vegas Grand Prix,8,VER,01:09:57.184,01:11:33.786
2025,22,Las Vegas Grand Prix,9,VER,01:11:33.786,01:13:10.105
2025,22,Las Vegas Grand Prix,10,VER,01:13:10.105,01:14:47.004
2025,22,Las Vegas Grand Prix,11,VER,01:14:47.004,01:16:23.424
2025,22,Las Vegas Grand Prix,12,VER,01:16:23.424,01:17:59.877
2025,22,Las Vegas Grand Prix,13,VER,01:17:59.877,01:19:35.978
2025,22,Las Vegas Grand Prix,14,VER,01:19:35.978,01:21:12.187
2025,22,Las Vegas Grand Prix,15,VER,01:21:12.187,01:22:48.513
2025,22,Las Vegas Grand Prix,16,VER,01:22:48.513,01:24:46.574
2025,22,Las Vegas Grand Prix,17,VER,01:24:46.574,01:26:22.713
2025,22,Las Vegas Grand Prix,18,VER,01:26:22.713,01:27:58.57
2025,22,Las Vegas Grand Prix,19,VER,01:27:58.57,01:29:34.43
2025,22,Las Vegas Grand Prix,20,VER,01:29:34.43,01:31:10.186
2025,22,Las Vegas Grand Prix,21,VER,01:31:10.186,01:32:45.76
2025,22,Las Vegas Grand Prix,22,VER,01:32:45.76,01:34:21.549
2025,22,Las Vegas Grand Prix,23,VER,01:34:21.549,01:35:57.507
2025,22,Las Vegas Grand Prix,24,VER,01:35:57.507,01:37:33.314
2025,22,Las Vegas Grand Prix,25,VER,01:37:33.314,01:39:13.598
2025,22,Las Vegas Grand Prix,26,VER,01:39:13.598,01:41:04.771
2025,22,Las Vegas Grand Prix,27,VER,01:41:04.771,01:42:39.787
2025,22,Las Vegas Grand Prix,28,VER,01:42:39.787,01:44:15.016
2025,22,Las Vegas Grand Prix,29,VER,01:44:15.016,01:45:50.035
2025,22,Las Vegas Grand Prix,30,VER,01:45:50.035,01:47:25.133
2025,22,Las Vegas Grand Prix,31,VER,01:47:25.133,01:49:00.026
2025,22,Las Vegas Grand Prix,32,VER,01:49:00.026,01:50:35.153
2025,22,Las Vegas Grand Prix,33,VER,01:50:35.153,01:52:09.854
2025,22,Las Vegas Grand Prix,34,VER,01:52:09.854,01:53:44.3
2025,22,Las Vegas Grand Prix,35,VER,01:53:44.3,01:55:18.934
2025,22,Las Vegas Grand Prix,36,VER,01:55:18.934,01:56:53.15
2025,22,Las Vegas Grand Prix,37,VER,01:56:53.15,01:58:27.35
2025,22,Las Vegas Grand Prix,38,VER,01:58:27.35,02:00:01.721
2025,22,Las Vegas Grand Prix,39,VER,02:00:01.721,02:01:35.913
2025,22,Las Vegas Grand Prix,40,VER,02:01:35.913,02:03:09.943
2025,22,Las Vegas Grand Prix,41,VER,02:03:09.943,02:04:44.036
2025,22,Las Vegas Grand Prix,42,VER,02:04:44.036,02:06:18.169
2025,22,Las Vegas Grand Prix,43,VER,02:06:18.169,02:07:52.195
2025,22,Las Vegas Grand Prix,44,VER,02:07:52.195,02:09:26.665
2025,22,Las Vegas Grand Prix,45,VER,02:09:26.665,02:11:00.834
2025,22,Las Vegas Grand Prix,46,VER,02:11:00.834,02:12:34.851
2025,22,Las Vegas Grand Prix,47,VER,02:12:34.851,02:14:08.746
2025,22,Las Vegas Grand Prix,48,VER,02:14:08.746,02:15:42.868
2025,22,Las Vegas Grand Prix,49,VER,02:15:42.868,02:17:16.961
2025,22,Las Vegas Grand Prix,50,VER,02:17:16.961,02:18:50.326
2025,23,Qatar Grand Prix,1,PIA,00:58:41.498,01:00:09.392
2025,23,Qatar Grand Prix,2,PIA,01:00:09.392,01:01:36.542
2025,23,Qatar Grand Prix,3,PIA,01:01:36.542,01:03:03.472
2025,23,Qatar Grand Prix,4,PIA,01:03:03.472,01:04:30.689
2025,23,Qatar Grand Prix,5,PIA,01:04:30.689,01:05:57.588
2025,23,Qatar Grand Prix,6,PIA,01:05:57.588,01:07:24.308
2025,23,Qatar Grand Prix,7,PIA,01:07:24.308,01:09:02.774
2025,23,Qatar Grand Prix,8,PIA,01:09:02.774,01:11:30.14
2025,23,Qatar Grand Prix,9,PIA,01:11:30.14,01:13:52.802
2025,23,Qatar Grand Prix,10,PIA,01:13:52.802,01:16:13.708
2025,23,Qatar Grand Prix,11,PIA,01:16:13.708,01:17:38.776
2025,23,Qatar Grand Prix,12,PIA,01:17:38.776,01:19:04.004
2025,23,Qatar Grand Prix,13,PIA,01:19:04.004,01:20:29.384
2025,23,Qatar Grand Prix,14,PIA,01:20:29.384,01:21:55.036
2025,23,Qatar Grand Prix,15,PIA,01:21:55.036,01:23:20.683
2025,23,Qatar Grand Prix,16,PIA,01:23:20.683,01:24:46.176
2025,23,Qatar Grand Prix,17,PIA,01:24:46.176,01:26:11.778
2025,23,Qatar Grand Prix,18,PIA,01:26:11.778,01:27:37.562
2025,23,Qatar Grand Prix,19,PIA,01:27:37.562,01:29:03.212
2025,23,Qatar Grand Prix,20,PIA,01:29:03.212,01:30:29.018
2025,23,Qatar Grand Prix,21,PIA,01:30:29.018,01:31:54.976
2025,23,Qatar Grand Prix,22,PIA,01:31:54.976,01:33:20.846
2025,23,Qatar Grand Prix,23,PIA,01:33:20.846,01:34:46.703
2025,23,Qatar Grand Prix,24,NOR,01:34:50.563,01:36:16.533
2025,23,Qatar Grand Prix,25,VER,01:36:20.386,01:37:46.004
2025,23,Qatar Grand Prix,26,VER,01:37:46.004,01:39:11.435
2025,23,Qatar Grand Prix,27,VER,01:39:11.435,01:40:37.041
2025,23,Qatar Grand Prix,28,VER,01:40:37.041,01:42:02.518
2025,23,Qatar Grand Prix,29,VER,01:42:02.518,01:43:27.999
2025,23,Qatar Grand Prix,30,VER,01:43:27.999,01:44:53.358
2025,23,Qatar Grand Prix,31,VER,01:44:53.358,01:46:18.763
2025,23,Qatar Grand Prix,32,VER,01:46:18.763,01:47:48.132
2025,23,Qatar Grand Prix,33,PIA,01:48:03.16,01:49:27.303
2025,23,Qatar Grand Prix,34,PIA,01:49:27.303,01:50:51.8
2025,23,Qatar Grand Prix,35,PIA,01:50:51.8,01:52:16.13
2025,23,Qatar Grand Prix,36,PIA,01:52:16.13,01:53:40.674
2025,23,Qatar Grand Prix,37,PIA,01:53:40.674,01:55:05.248
2025,23,Qatar Grand Prix,38,PIA,01:55:05.248,01:56:29.814
2025,23,Qatar Grand Prix,39,PIA,01:56:29.814,01:57:54.254
2025,23,Qatar Grand Prix,40,PIA,01:57:54.254,01:59:19.031
2025,23,Qatar Grand Prix,41,PIA,01:59:19.031,02:00:43.817
2025,23,Qatar Grand Prix,42,PIA,02:00:43.817,02:02:12.894
2025,23,Qatar Grand Prix,43,NOR,02:02:16.489,02:03:41.31
2025,23,Qatar Grand Prix,44,VER,02:03:42.072,02:05:06.773
2025,23,Qatar Grand Prix,45,VER,02:05:06.773,02:06:30.288
2025,23,Qatar Grand Prix,46,VER,02:06:30.288,02:07:54.175
2025,23,Qatar Grand Prix,47,VER,02:07:54.175,02:09:17.98
2025,23,Qatar Grand Prix,48,VER,02:09:17.98,02:10:41.779
2025,23,Qatar Grand Prix,49,VER,02:10:41.779,02:12:05.444
2025,23,Qatar Grand Prix,50,VER,02:12:05.444,02:13:28.942
2025,23,Qatar Grand Prix,51,VER,02:13:28.942,02:14:52.931
2025,23,Qatar Grand Prix,52,VER,02:14:52.931,02:16:17.072
2025,23,Qatar Grand Prix,53,VER,02:16:17.072,02:17:41.564
2025,23,Qatar Grand Prix,54,VER,02:17:41.564,02:19:06.242
2025,23,Qatar Grand Prix,55,VER,02:19:06.242,02:20:30.647
2025,23,Qatar Grand Prix,56,VER,02:20:30.647,02:21:55.05
2025,23,Qatar Grand Prix,57,VER,02:21:55.05,02:23:20.018
2025,24,Abu Dhabi Grand Prix,1,VER,00:58:20.522,00:59:52.411
2025,24,Abu Dhabi Grand Prix,2,VER,00:59:52.411,01:01:21.528
2025,24,Abu Dhabi Grand Prix,3,VER,01:01:21.528,01:02:51.083
2025,24,Abu Dhabi Grand Prix,4,VER,01:02:51.083,01:04:20.646
2025,24,Abu Dhabi Grand Prix,5,VER,01:04:20.646,01:05:50.341
2025,24,Abu Dhabi Grand Prix,6,VER,01:05:50.341,01:07:20.113
2025,24,Abu Dhabi Grand Prix,7,VER,01:07:20.113,01:08:49.857
2025,24,Abu Dhabi Grand Prix,8,VER,01:08:49.857,01:10:19.458
2025,24,Abu Dhabi Grand Prix,9,VER,01:10:19.458,01:11:48.871
2025,24,Abu Dhabi Grand Prix,10,VER,01:11:48.871,01:13:18.336
2025,24,Abu Dhabi Grand Prix,11,VER,01:13:18.336,01:14:47.874
2025,24,Abu Dhabi Grand Prix,12,VER,01:14:47.874,01:16:17.417
2025,24,Abu Dhabi Grand Prix,13,VER,01:16:17.417,01:17:47.05
2025,24,Abu Dhabi Grand Prix,14,VER,01:17:47.05,01:19:16.576
2025,24,Abu Dhabi Grand Prix,15,VER,01:19:16.576,01:20:46.279
2025,24,Abu Dhabi Grand Prix,16,VER,01:20:46.279,01:22:15.739
2025,24,Abu Dhabi Grand Prix,17,VER,01:22:15.739,01:23:45.317
2025,24,Abu Dhabi Grand Prix,18,VER,01:23:45.317,01:25:14.913
2025,24,Abu Dhabi Grand Prix,19,VER,01:25:14.913,01:26:44.527
2025,24,Abu Dhabi Grand Prix,20,VER,01:26:44.527,01:28:14.084
2025,24,Abu Dhabi Grand Prix,21,VER,01:28:14.084,01:29:43.525
2025,24,Abu Dhabi Grand Prix,22,VER,01:29:43.525,01:31:12.768
2025,24,Abu Dhabi Grand Prix,23,VER,01:31:12.768,01:32:44.133
2025,24,Abu Dhabi Grand Prix,24,PIA,01:32:44.798,01:34:14.233
2025,24,Abu Dhabi Grand Prix,25,PIA,01:34:14.233,01:35:43.494
2025,24,Abu Dhabi Grand Prix,26,PIA,01:35:43.494,01:37:12.986
2025,24,Abu Dhabi Grand Prix,27,PIA,01:37:12.986,01:38:42.285
2025,24,Abu Dhabi Grand Prix,28,PIA,01:38:42.285,01:40:11.289
2025,24,Abu Dhabi Grand Prix,29,PIA,01:40:11.289,01:41:40.216
2025,24,Abu Dhabi Grand Prix,30,PIA,01:41:40.216,01:43:09.335
2025,24,Abu Dhabi Grand Prix,31,PIA,01:43:09.335,01:44:38.318
2025,24,Abu Dhabi Grand Prix,32,PIA,01:44:38.318,01:46:07.319
2025,24,Abu Dhabi Grand Prix,33,PIA,01:46:07.319,01:47:36.321
2025,24,Abu Dhabi Grand Prix,34,PIA,01:47:36.321,01:49:05.634
2025,24,Abu Dhabi Grand Prix,35,PIA,01:49:05.634,01:50:34.811
2025,24,Abu Dhabi Grand Prix,36,PIA,01:50:34.811,01:52:03.82
2025,24,Abu Dhabi Grand Prix,37,PIA,01:52:03.82,01:53:32.946
2025,24,Abu Dhabi Grand Prix,38,PIA,01:53:32.946,01:55:02.052
2025,24,Abu Dhabi Grand Prix,39,PIA,01:55:02.052,01:56:31.312
2025,24,Abu Dhabi Grand Prix,40,PIA,01:56:31.312,01:58:00.7
2025,24,Abu Dhabi Grand Prix,41,VER,01:58:01.343,01:59:29.316
2025,24,Abu Dhabi Grand Prix,42,VER,01:59:29.316,02:00:57.536
2025,24,Abu Dhabi Grand Prix,43,VER,02:00:57.536,02:02:25.471
2025,24,Abu Dhabi Grand Prix,44,VER,02:02:25.471,02:03:53.364
2025,24,Abu Dhabi Grand Prix,45,VER,02:03:53.364,02:05:21.116
2025,24,Abu Dhabi Grand Prix,46,VER,02:05:21.116,02:06:49.077
2025,24,Abu Dhabi Grand Prix,47,VER,02:06:49.077,02:08:16.948
2025,24,Abu Dhabi Grand Prix,48,VER,02:08:16.948,02:09:44.766
2025,24,Abu Dhabi Grand Prix,49,VER,02:09:44.766,02:11:12.516
2025,24,Abu Dhabi Grand Prix,50,VER,02:11:12.516,02:12:40.502
2025,24,Abu Dhabi Grand Prix,51,VER,02:12:40.502,02:14:08.485
2025,24,Abu Dhabi Grand Prix,52,VER,02:14:08.485,02:15:36.94
2025,24,Abu Dhabi Grand Prix,53,VER,02:15:36.94,02:17:05.335
2025,24,Abu Dhabi Grand Prix,54,VER,02:17:05.335,02:18:33.51
2025,24,Abu Dhabi Grand Prix,55,VER,02:18:33.51,02:20:02.327
2025,24,Abu Dhabi Grand Prix,56,VER,02:20:02.327,02:21:30.948
2025,24,Abu Dhabi Grand Prix,57,VER,02:21:30.948,02:22:59.73
2025,24,Abu Dhabi Grand Prix,58,VER,02:22:59.73,02:24:28.203
2026,1,Australian Grand Prix,1,LEC,01:02:19.743,01:03:51.908
2026,1,Australian Grand Prix,2,RUS,01:03:52.673,01:05:17.68
2026,1,Australian Grand Prix,3,LEC,01:05:18.12,01:06:43.573
2026,1,Australian Grand Prix,4,LEC,01:06:43.573,01:08:08.126
2026,1,Australian Grand Prix,5,LEC,01:08:08.126,01:09:32.107
2026,1,Australian Grand Prix,6,LEC,01:09:32.107,01:10:56.929
2026,1,Australian Grand Prix,7,LEC,01:10:56.929,01:12:20.963
2026,1,Australian Grand Prix,8,LEC,01:12:20.963,01:13:46.526
2026,1,Australian Grand Prix,9,LEC,01:13:46.526,01:15:12.128
2026,1,Australian Grand Prix,10,LEC,01:15:12.128,01:16:36.105
2026,1,Australian Grand Prix,11,LEC,01:16:36.105,01:17:59.903
2026,1,Australian Grand Prix,12,LEC,01:17:59.903,01:19:53.911
2026,1,Australian Grand Prix,13,LEC,01:19:53.911,01:21:49.089
2026,1,Australian Grand Prix,14,LEC,01:21:49.089,01:23:19.578
2026,1,Australian Grand Prix,15,LEC,01:23:19.578,01:24:43.343
2026,1,Australian Grand Prix,16,LEC,01:24:43.343,01:26:06.854
2026,1,Australian Grand Prix,17,LEC,01:26:06.854,01:27:31.21
2026,1,Australian Grand Prix,18,LEC,01:27:31.21,01:29:00.812
2026,1,Australian Grand Prix,19,LEC,01:29:00.812,01:30:54.465
2026,1,Australian Grand Prix,20,LEC,01:30:54.465,01:32:27.648
2026,1,Australian Grand Prix,21,LEC,01:32:27.648,01:33:50.97
2026,1,Australian Grand Prix,22,LEC,01:33:50.97,01:35:14.386
2026,1,Australian Grand Prix,23,LEC,01:35:14.386,01:36:37.862
2026,1,Australian Grand Prix,24,LEC,01:36:37.862,01:38:01.522
2026,1,Australian Grand Prix,25,HAM,01:38:03.887,01:39:27.547
2026,1,Australian Grand Prix,26,HAM,01:39:27.547,01:40:51.632
2026,1,Australian Grand Prix,27,HAM,01:40:51.632,01:42:15.392
2026,1,Australian Grand Prix,28,RUS,01:42:16.309,01:43:39.699
2026,1,Australian Grand Prix,29,RUS,01:43:39.699,01:45:03.185
2026,1,Australian Grand Prix,30,RUS,01:45:03.185,01:46:26.457
2026,1,Australian Grand Prix,31,RUS,01:46:26.457,01:47:49.604
2026,1,Australian Grand Prix,32,RUS,01:47:49.604,01:49:13.144
2026,1,Australian Grand Prix,33,RUS,01:49:13.144,01:50:36.982
2026,1,Australian Grand Prix,34,RUS,01:50:36.982,01:52:14.574
2026,1,Australian Grand Prix,35,RUS,01:52:14.574,01:53:37.591
2026,1,Australian Grand Prix,36,RUS,01:53:37.591,01:55:00.32
2026,1,Australian Grand Prix,37,RUS,01:55:00.32,01:56:23.159
2026,1,Australian Grand Prix,38,RUS,01:56:23.159,01:57:46.022
2026,1,Australian Grand Prix,39,RUS,01:57:46.022,01:59:08.76
2026,1,Australian Grand Prix,40,RUS,01:59:08.76,02:00:31.675
2026,1,Australian Grand Prix,41,RUS,02:00:31.675,02:01:54.748
2026,1,Australian Grand Prix,42,RUS,02:01:54.748,02:03:17.802
2026,1,Australian Grand Prix,43,RUS,02:03:17.802,02:04:40.695
2026,1,Australian Grand Prix,44,RUS,02:04:40.695,02:06:03.551
2026,1,Australian Grand Prix,45,RUS,02:06:03.551,02:07:27.028
2026,1,Australian Grand Prix,46,RUS,02:07:27.028,02:08:50.779
2026,1,Australian Grand Prix,47,RUS,02:08:50.779,02:10:13.812
2026,1,Australian Grand Prix,48,RUS,02:10:13.812,02:11:36.846
2026,1,Australian Grand Prix,49,RUS,02:11:36.846,02:12:59.69
2026,1,Australian Grand Prix,50,RUS,02:12:59.69,02:14:22.777
2026,1,Australian Grand Prix,51,RUS,02:14:22.777,02:15:45.539
2026,1,Australian Grand Prix,52,RUS,02:15:45.539,02:17:08.645
2026,1,Australian Grand Prix,53,RUS,02:17:08.645,02:18:31.714
2026,1,Australian Grand Prix,54,RUS,02:18:31.714,02:19:54.814
2026,1,Australian Grand Prix,55,RUS,02:19:54.814,02:21:17.484
2026,1,Australian Grand Prix,56,RUS,02:21:17.484,02:22:40.241
2026,1,Australian Grand Prix,57,RUS,02:22:40.241,02:24:03.429
2026,1,Australian Grand Prix,58,RUS,02:24:03.429,02:25:26.78
2026,2,Chinese Grand Prix,1,NOR,00:56:24.05,00:58:03.76
2026,2,Chinese Grand Prix,2,ANT,00:58:04.449,00:59:42.754
2026,2,Chinese Grand Prix,3,ANT,00:59:42.754,01:01:20.767
2026,2,Chinese Grand Prix,4,ANT,01:01:20.767,01:02:58.161
2026,2,Chinese Grand Prix,5,ANT,01:02:58.161,01:04:35.696
2026,2,Chinese Grand Prix,6,ANT,01:04:35.696,01:06:12.868
2026,2,Chinese Grand Prix,7,ANT,01:06:12.868,01:07:50.28
2026,2,Chinese Grand Prix,8,ANT,01:07:50.28,01:09:27.602
2026,2,Chinese Grand Prix,9,ANT,01:09:27.602,01:11:04.958
2026,2,Chinese Grand Prix,10,ANT,01:11:04.958,01:12:51.629
2026,2,Chinese Grand Prix,11,ANT,01:12:51.629,01:15:38.818
2026,2,Chinese Grand Prix,12,ANT,01:15:38.818,01:18:08.728
2026,2,Chinese Grand Prix,13,ANT,01:18:08.728,01:20:39.246
2026,2,Chinese Grand Prix,14,ANT,01:20:39.246,01:22:18.203
2026,2,Chinese Grand Prix,15,ANT,01:22:18.203,01:23:56.425
2026,2,Chinese Grand Prix,16,ANT,01:23:56.425,01:25:33.029
2026,2,Chinese Grand Prix,17,ANT,01:25:33.029,01:27:09.584
2026,2,Chinese Grand Prix,18,ANT,01:27:09.584,01:28:46.643
2026,2,Chinese Grand Prix,19,ANT,01:28:46.643,01:30:23.459
2026,2,Chinese Grand Prix,20,ANT,01:30:23.459,01:32:00.221
2026,2,Chinese Grand Prix,21,ANT,01:32:00.221,01:33:37.15
2026,2,Chinese Grand Prix,22,ANT,01:33:37.15,01:35:13.762
2026,2,Chinese Grand Prix,23,ANT,01:35:13.762,01:36:50.568
2026,2,Chinese Grand Prix,24,ANT,01:36:50.568,01:38:27.081
2026,2,Chinese Grand Prix,25,ANT,01:38:27.081,01:40:03.595
2026,2,Chinese Grand Prix,26,ANT,01:40:03.595,01:41:40.183
2026,2,Chinese Grand Prix,27,ANT,01:41:40.183,01:43:16.773
2026,2,Chinese Grand Prix,28,ANT,01:43:16.773,01:44:53.362
2026,2,Chinese Grand Prix,29,ANT,01:44:53.362,01:46:29.743
2026,2,Chinese Grand Prix,30,ANT,01:46:29.743,01:48:05.909
2026,2,Chinese Grand Prix,31,ANT,01:48:05.909,01:49:42.017
2026,2,Chinese Grand Prix,32,ANT,01:49:42.017,01:51:18
2026,2,Chinese Grand Prix,33,ANT,01:51:18,01:52:54.443
2026,2,Chinese Grand Prix,34,ANT,01:52:54.443,01:54:30.464
2026,2,Chinese Grand Prix,35,ANT,01:54:30.464,01:56:06.501
2026,2,Chinese Grand Prix,36,ANT,01:56:06.501,01:57:42.515
2026,2,Chinese Grand Prix,37,ANT,01:57:42.515,01:59:18.674
2026,2,Chinese Grand Prix,38,ANT,01:59:18.674,02:00:54.2
2026,2,Chinese Grand Prix,39,ANT,02:00:54.2,02:02:29.694
2026,2,Chinese Grand Prix,40,ANT,02:02:29.694,02:04:05.844
2026,2,Chinese Grand Prix,41,ANT,02:04:05.844,02:05:41.187
2026,2,Chinese Grand Prix,42,ANT,02:05:41.187,02:07:17.117
2026,2,Chinese Grand Prix,43,ANT,02:07:17.117,02:08:53.053
2026,2,Chinese Grand Prix,44,ANT,02:08:53.053,02:10:28.385
2026,2,Chinese Grand Prix,45,ANT,02:10:28.385,02:12:03.913
2026,2,Chinese Grand Prix,46,ANT,02:12:03.913,02:13:39.195
2026,2,Chinese Grand Prix,47,ANT,02:13:39.195,02:15:14.696
2026,2,Chinese Grand Prix,48,ANT,02:15:14.696,02:16:50.402
2026,2,Chinese Grand Prix,49,ANT,02:16:50.402,02:18:25.925
2026,2,Chinese Grand Prix,50,ANT,02:18:25.925,02:20:01.584
2026,2,Chinese Grand Prix,51,ANT,02:20:01.584,02:21:37.595
2026,2,Chinese Grand Prix,52,ANT,02:21:37.595,02:23:12.87
2026,2,Chinese Grand Prix,53,ANT,02:23:12.87,02:24:50.4
2026,2,Chinese Grand Prix,54,ANT,02:24:50.4,02:26:26.576
2026,2,Chinese Grand Prix,55,ANT,02:26:26.576,02:28:02.954
2026,2,Chinese Grand Prix,56,ANT,02:28:02.954,02:29:39.883
2026,3,Japanese Grand Prix,1,PIA,01:03:44.711,01:05:20.232
2026,3,Japanese Grand Prix,2,PIA,01:05:20.232,01:06:55.181
2026,3,Japanese Grand Prix,3,PIA,01:06:55.181,01:08:30.18
2026,3,Japanese Grand Prix,4,PIA,01:08:30.18,01:10:05.316
2026,3,Japanese Grand Prix,5,PIA,01:10:05.316,01:11:40.44
2026,3,Japanese Grand Prix,6,PIA,01:11:40.44,01:13:15.549
2026,3,Japanese Grand Prix,7,PIA,01:13:15.549,01:14:50.627
2026,3,Japanese Grand Prix,8,RUS,01:14:51.145,01:16:26.188
2026,3,Japanese Grand Prix,9,PIA,01:16:26.442,01:18:01.235
2026,3,Japanese Grand Prix,10,PIA,01:18:01.235,01:19:36.346
2026,3,Japanese Grand Prix,11,PIA,01:19:36.346,01:21:11.765
2026,3,Japanese Grand Prix,12,PIA,01:21:11.765,01:22:46.873
2026,3,Japanese Grand Prix,13,PIA,01:22:46.873,01:24:21.729
2026,3,Japanese Grand Prix,14,PIA,01:24:21.729,01:25:56.824
2026,3,Japanese Grand Prix,15,PIA,01:25:56.824,01:27:31.729
2026,3,Japanese Grand Prix,16,PIA,01:27:31.729,01:29:06.614
2026,3,Japanese Grand Prix,17,PIA,01:29:06.614,01:30:41.53
2026,3,Japanese Grand Prix,18,RUS,01:30:43.36,01:32:18.148
2026,3,Japanese Grand Prix,19,RUS,01:32:18.148,01:33:53.135
2026,3,Japanese Grand Prix,20,RUS,01:33:53.135,01:35:27.658
2026,3,Japanese Grand Prix,21,ANT,01:35:29.96,01:37:03.908
2026,3,Japanese Grand Prix,22,ANT,01:37:03.908,01:38:57.284
2026,3,Japanese Grand Prix,23,ANT,01:38:57.284,01:41:37.205
2026,3,Japanese Grand Prix,24,ANT,01:41:37.205,01:44:07.409
2026,3,Japanese Grand Prix,25,ANT,01:44:07.409,01:46:38.05
2026,3,Japanese Grand Prix,26,ANT,01:46:38.05,01:49:04.08
2026,3,Japanese Grand Prix,27,ANT,01:49:04.08,01:51:30.317
2026,3,Japanese Grand Prix,28,ANT,01:51:30.317,01:53:03.966
2026,3,Japanese Grand Prix,29,ANT,01:53:03.966,01:54:37.333
2026,3,Japanese Grand Prix,30,ANT,01:54:37.333,01:56:10.192
2026,3,Japanese Grand Prix,31,ANT,01:56:10.192,01:57:43.45
2026,3,Japanese Grand Prix,32,ANT,01:57:43.45,01:59:16.318
2026,3,Japanese Grand Prix,33,ANT,01:59:16.318,02:00:49.317
2026,3,Japanese Grand Prix,34,ANT,02:00:49.317,02:02:22.226
2026,3,Japanese Grand Prix,35,ANT,02:02:22.226,02:03:55.138
2026,3,Japanese Grand Prix,36,ANT,02:03:55.138,02:05:28.071
2026,3,Japanese Grand Prix,37,ANT,02:05:28.071,02:07:01.055
2026,3,Japanese Grand Prix,38,ANT,02:07:01.055,02:08:34.01
2026,3,Japanese Grand Prix,39,ANT,02:08:34.01,02:10:06.741
2026,3,Japanese Grand Prix,40,ANT,02:10:06.741,02:11:39.734
2026,3,Japanese Grand Prix,41,ANT,02:11:39.734,02:13:12.47
2026,3,Japanese Grand Prix,42,ANT,02:13:12.47,02:14:45.296
2026,3,Japanese Grand Prix,43,ANT,02:14:45.296,02:16:17.834
2026,3,Japanese Grand Prix,44,ANT,02:16:17.834,02:17:50.404
2026,3,Japanese Grand Prix,45,ANT,02:17:50.404,02:19:23.223
2026,3,Japanese Grand Prix,46,ANT,02:19:23.223,02:20:55.945
2026,3,Japanese Grand Prix,47,ANT,02:20:55.945,02:22:29.156
2026,3,Japanese Grand Prix,48,ANT,02:22:29.156,02:24:02.745
2026,3,Japanese Grand Prix,49,ANT,02:24:02.745,02:25:35.177
2026,3,Japanese Grand Prix,50,ANT,02:25:35.177,02:27:08.529
2026,3,Japanese Grand Prix,51,ANT,02:27:08.529,02:28:41.418
2026,3,Japanese Grand Prix,52,ANT,02:28:41.418,02:30:14.343
2026,3,Japanese Grand Prix,53,ANT,02:30:14.343,02:31:48.406
2026,4,Miami Grand Prix,1,LEC,00:57:21.749,00:58:58.087
2026,4,Miami Grand Prix,2,LEC,00:58:58.087,01:00:31.123
2026,4,Miami Grand Prix,3,LEC,01:00:31.123,01:02:04.48
2026,4,Miami Grand Prix,4,ANT,01:02:05.396,01:03:38.982
2026,4,Miami Grand Prix,5,LEC,01:03:39.21,01:05:12.907
2026,4,Miami Grand Prix,6,LEC,01:05:12.907,01:07:22.37
2026,4,Miami Grand Prix,7,LEC,01:07:22.37,01:09:40.384
2026,4,Miami Grand Prix,8,LEC,01:09:40.384,01:12:03.192
2026,4,Miami Grand Prix,9,LEC,01:12:03.192,01:14:30.676
2026,4,Miami Grand Prix,10,LEC,01:14:30.676,01:16:49.438
2026,4,Miami Grand Prix,11,LEC,01:16:49.438,01:19:21.3
2026,4,Miami Grand Prix,12,LEC,01:19:21.3,01:20:54.178
2026,4,Miami Grand Prix,13,NOR,01:20:54.516,01:22:27.41
2026,4,Miami Grand Prix,14,NOR,01:22:27.41,01:24:00.204
2026,4,Miami Grand Prix,15,NOR,01:24:00.204,01:25:33.191
2026,4,Miami Grand Prix,16,NOR,01:25:33.191,01:27:06.061
2026,4,Miami Grand Prix,17,NOR,01:27:06.061,01:28:39.155
2026,4,Miami Grand Prix,18,NOR,01:28:39.155,01:30:12.195
2026,4,Miami Grand Prix,19,NOR,01:30:12.195,01:31:45.203
2026,4,Miami Grand Prix,20,NOR,01:31:45.203,01:33:18.396
2026,4,Miami Grand Prix,21,NOR,01:33:18.396,01:34:51.277
2026,4,Miami Grand Prix,22,NOR,01:34:51.277,01:36:24.325
2026,4,Miami Grand Prix,23,NOR,01:36:24.325,01:37:57.423
2026,4,Miami Grand Prix,24,NOR,01:37:57.423,01:39:30.516
2026,4,Miami Grand Prix,25,NOR,01:39:30.516,01:41:03.9
2026,4,Miami Grand Prix,26,NOR,01:41:03.9,01:42:36.959
2026,4,Miami Grand Prix,27,NOR,01:42:36.959,01:44:15.463
2026,4,Miami Grand Prix,28,VER,01:44:28.273,01:46:02.051
2026,4,Miami Grand Prix,29,ANT,01:46:02.466,01:47:34.797
2026,4,Miami Grand Prix,30,ANT,01:47:34.797,01:49:07.007
2026,4,Miami Grand Prix,31,ANT,01:49:07.007,01:50:39.265
2026,4,Miami Grand Prix,32,ANT,01:50:39.265,01:52:11.311
2026,4,Miami Grand Prix,33,ANT,01:52:11.311,01:53:43.424
2026,4,Miami Grand Prix,34,ANT,01:53:43.424,01:55:15.392
2026,4,Miami Grand Prix,35,ANT,01:55:15.392,01:56:47.879
2026,4,Miami Grand Prix,36,ANT,01:56:47.879,01:58:20.233
2026,4,Miami Grand Prix,37,ANT,01:58:20.233,01:59:52.716
2026,4,Miami Grand Prix,38,ANT,01:59:52.716,02:01:25.139
2026,4,Miami Grand Prix,39,ANT,02:01:25.139,02:02:57.521
2026,4,Miami Grand Prix,40,ANT,02:02:57.521,02:04:30.399
2026,4,Miami Grand Prix,41,ANT,02:04:30.399,02:06:02.73
2026,4,Miami Grand Prix,42,ANT,02:06:02.73,02:07:35.226
2026,4,Miami Grand Prix,43,ANT,02:07:35.226,02:09:07.412
2026,4,Miami Grand Prix,44,ANT,02:09:07.412,02:10:39.623
2026,4,Miami Grand Prix,45,ANT,02:10:39.623,02:12:12.022
2026,4,Miami Grand Prix,46,ANT,02:12:12.022,02:13:44.553
2026,4,Miami Grand Prix,47,ANT,02:13:44.553,02:15:17.335
2026,4,Miami Grand Prix,48,ANT,02:15:17.335,02:16:49.712
2026,4,Miami Grand Prix,49,ANT,02:16:49.712,02:18:21.955
2026,4,Miami Grand Prix,50,ANT,02:18:21.955,02:19:54.052
2026,4,Miami Grand Prix,51,ANT,02:19:54.052,02:21:26.47
2026,4,Miami Grand Prix,52,ANT,02:21:26.47,02:22:58.897
2026,4,Miami Grand Prix,53,ANT,02:22:58.897,02:24:31.251
2026,4,Miami Grand Prix,54,ANT,02:24:31.251,02:26:03.237
2026,4,Miami Grand Prix,55,ANT,02:26:03.237,02:27:35.584
2026,4,Miami Grand Prix,56,ANT,02:27:35.584,02:29:08.17
2026,4,Miami Grand Prix,57,ANT,02:29:08.17,02:30:41.262
2026,5,Canadian Grand Prix,1,NOR,01:02:32.281,01:03:58.725
2026,5,Canadian Grand Prix,2,ANT,01:03:59.884,01:05:21.331
2026,5,Canadian Grand Prix,3,ANT,01:05:21.331,01:06:40.305
2026,5,Canadian Grand Prix,4,ANT,01:06:40.305,01:07:58.279
2026,5,Canadian Grand Prix,5,ANT,01:07:58.279,01:09:15.337
2026,5,Canadian Grand Prix,6,RUS,01:09:15.833,01:10:32.198
2026,5,Canadian Grand Prix,7,RUS,01:10:32.198,01:11:48.782
2026,5,Canadian Grand Prix,8,RUS,01:11:48.782,01:13:04.887
2026,5,Canadian Grand Prix,9,RUS,01:13:04.887,01:14:20.683
2026,5,Canadian Grand Prix,10,RUS,01:14:20.683,01:15:36.461
2026,5,Canadian Grand Prix,11,RUS,01:15:36.461,01:16:52.033
2026,5,Canadian Grand Prix,12,RUS,01:16:52.033,01:18:08.837
2026,5,Canadian Grand Prix,13,RUS,01:18:08.837,01:19:26.178
2026,5,Canadian Grand Prix,14,RUS,01:19:26.178,01:20:42.37
2026,5,Canadian Grand Prix,15,RUS,01:20:42.37,01:21:58.161
2026,5,Canadian Grand Prix,16,RUS,01:21:58.161,01:23:13.638
2026,5,Canadian Grand Prix,17,RUS,01:23:13.638,01:24:30.183
2026,5,Canadian Grand Prix,18,RUS,01:24:30.183,01:25:45.918
2026,5,Canadian Grand Prix,19,RUS,01:25:45.918,01:27:01.494
2026,5,Canadian Grand Prix,20,RUS,01:27:01.494,01:28:17.032
2026,5,Canadian Grand Prix,21,RUS,01:28:17.032,01:29:32.791
2026,5,Canadian Grand Prix,22,ANT,01:29:32.937,01:30:49.119
2026,5,Canadian Grand Prix,23,ANT,01:30:49.119,01:32:04.532
2026,5,Canadian Grand Prix,24,ANT,01:32:04.532,01:33:20.997
2026,5,Canadian Grand Prix,25,RUS,01:33:22.153,01:34:39.191
2026,5,Canadian Grand Prix,26,RUS,01:34:39.191,01:35:55.512
2026,5,Canadian Grand Prix,27,RUS,01:35:55.512,01:37:11.785
2026,5,Canadian Grand Prix,28,RUS,01:37:11.785,01:38:28.057
2026,5,Canadian Grand Prix,29,RUS,01:38:28.057,01:39:43.598
2026,5,Canadian Grand Prix,30,ANT,01:39:44.17,01:41:00.531
2026,5,Canadian Grand Prix,31,ANT,01:41:00.531,01:42:59.77
2026,5,Canadian Grand Prix,32,ANT,01:42:59.77,01:44:40.871
2026,5,Canadian Grand Prix,33,ANT,01:44:40.871,01:46:00.136
2026,5,Canadian Grand Prix,34,ANT,01:46:00.136,01:47:16.426
2026,5,Canadian Grand Prix,35,ANT,01:47:16.426,01:48:32.527
2026,5,Canadian Grand Prix,36,ANT,01:48:32.527,01:49:48.235
2026,5,Canadian Grand Prix,37,ANT,01:49:48.235,01:51:03.701
2026,5,Canadian Grand Prix,38,ANT,01:51:03.701,01:52:18.936
2026,5,Canadian Grand Prix,39,ANT,01:52:18.936,01:53:34.226
2026,5,Canadian Grand Prix,40,ANT,01:53:34.226,01:54:50.097
2026,5,Canadian Grand Prix,41,ANT,01:54:50.097,01:56:08.002
2026,5,Canadian Grand Prix,42,ANT,01:56:08.002,01:57:23.246
2026,5,Canadian Grand Prix,43,ANT,01:57:23.246,01:58:38.06
2026,5,Canadian Grand Prix,44,ANT,01:58:38.06,01:59:53.239
2026,5,Canadian Grand Prix,45,ANT,01:59:53.239,02:01:08.515
2026,5,Canadian Grand Prix,46,ANT,02:01:08.515,02:02:41.9
2026,5,Canadian Grand Prix,47,ANT,02:02:41.9,02:03:57.777
2026,5,Canadian Grand Prix,48,ANT,02:03:57.777,02:05:12.796
2026,5,Canadian Grand Prix,49,ANT,02:05:12.796,02:06:27.731
2026,5,Canadian Grand Prix,50,ANT,02:06:27.731,02:07:42.501
2026,5,Canadian Grand Prix,51,ANT,02:07:42.501,02:08:57.105
2026,5,Canadian Grand Prix,52,ANT,02:08:57.105,02:10:11.471
2026,5,Canadian Grand Prix,53,ANT,02:10:11.471,02:11:57.827
2026,5,Canadian Grand Prix,54,ANT,02:11:57.827,02:13:21.463
2026,5,Canadian Grand Prix,55,ANT,02:13:21.463,02:14:36.85
2026,5,Canadian Grand Prix,56,ANT,02:14:36.85,02:15:51.859
2026,5,Canadian Grand Prix,57,ANT,02:15:51.859,02:17:06.768
2026,5,Canadian Grand Prix,58,ANT,02:17:06.768,02:18:21.469
2026,5,Canadian Grand Prix,59,ANT,02:18:21.469,02:19:36.259
2026,5,Canadian Grand Prix,60,ANT,02:19:36.259,02:20:50.704
2026,5,Canadian Grand Prix,61,ANT,02:20:50.704,02:22:05.044
2026,5,Canadian Grand Prix,62,ANT,02:22:05.044,02:23:20.457
2026,5,Canadian Grand Prix,63,ANT,02:23:20.457,02:24:35.183
2026,5,Canadian Grand Prix,64,ANT,02:24:35.183,02:25:50.302
2026,5,Canadian Grand Prix,65,ANT,02:25:50.302,02:27:05.071
2026,5,Canadian Grand Prix,66,ANT,02:27:05.071,02:28:19.483
2026,5,Canadian Grand Prix,67,ANT,02:28:19.483,02:29:34.092
2026,5,Canadian Grand Prix,68,ANT,02:29:34.092,02:30:48.302
2026,6,Monaco Grand Prix,1,ANT,00:55:19.645,00:56:42.391
2026,6,Monaco Grand Prix,2,ANT,00:56:42.391,00:58:00.044
2026,6,Monaco Grand Prix,3,ANT,00:58:00.044,00:59:17.04
2026,6,Monaco Grand Prix,4,ANT,00:59:17.04,01:00:34.088
2026,6,Monaco Grand Prix,5,ANT,01:00:34.088,01:01:50.749
2026,6,Monaco Grand Prix,6,ANT,01:01:50.749,01:03:07.472
2026,6,Monaco Grand Prix,7,ANT,01:03:07.472,01:04:23.522
2026,6,Monaco Grand Prix,8,ANT,01:04:23.522,01:05:39.806
2026,6,Monaco Grand Prix,9,ANT,01:05:39.806,01:06:56.104
2026,6,Monaco Grand Prix,10,ANT,01:06:56.104,01:08:13.171
2026,6,Monaco Grand Prix,11,ANT,01:08:13.171,01:09:31.394
2026,6,Monaco Grand Prix,12,ANT,01:09:31.394,01:10:48.824
2026,6,Monaco Grand Prix,13,ANT,01:10:48.824,01:12:06.137
2026,6,Monaco Grand Prix,14,ANT,01:12:06.137,01:13:23.359
2026,6,Monaco Grand Prix,15,ANT,01:13:23.359,01:14:40.552
2026,6,Monaco Grand Prix,16,ANT,01:14:40.552,01:15:57.792
2026,6,Monaco Grand Prix,17,ANT,01:15:57.792,01:17:14.842
2026,6,Monaco Grand Prix,18,ANT,01:17:14.842,01:18:31.644
2026,6,Monaco Grand Prix,19,ANT,01:18:31.644,01:19:47.705
2026,6,Monaco Grand Prix,20,ANT,01:19:47.705,01:21:04.173
2026,6,Monaco Grand Prix,21,ANT,01:21:04.173,01:22:20.823
2026,6,Monaco Grand Prix,22,ANT,01:22:20.823,01:23:37.192
2026,6,Monaco Grand Prix,23,ANT,01:23:37.192,01:24:53.73
2026,6,Monaco Grand Prix,24,ANT,01:24:53.73,01:26:10.399
2026,6,Monaco Grand Prix,25,ANT,01:26:10.399,01:27:27.287
2026,6,Monaco Grand Prix,26,ANT,01:27:27.287,01:28:44.251
2026,6,Monaco Grand Prix,27,ANT,01:28:44.251,01:30:01.541
2026,6,Monaco Grand Prix,28,ANT,01:30:01.541,01:31:18.185
2026,6,Monaco Grand Prix,29,ANT,01:31:18.185,01:32:35.142
2026,6,Monaco Grand Prix,30,ANT,01:32:35.142,01:33:51.98
2026,6,Monaco Grand Prix,31,ANT,01:33:51.98,01:35:08.597
2026,6,Monaco Grand Prix,32,ANT,01:35:08.597,01:36:25.385
2026,6,Monaco Grand Prix,33,ANT,01:36:25.385,01:37:42.247
2026,6,Monaco Grand Prix,34,ANT,01:37:42.247,01:38:59.448
2026,6,Monaco Grand Prix,35,ANT,01:38:59.448,01:40:15.639
2026,6,Monaco Grand Prix,36,ANT,01:40:15.639,01:41:31.995
2026,6,Monaco Grand Prix,37,ANT,01:41:31.995,01:43:05.59
2026,6,Monaco Grand Prix,38,ANT,01:43:05.59,01:44:27.804
2026,6,Monaco Grand Prix,39,ANT,01:44:27.804,01:45:44.61
2026,6,Monaco Grand Prix,40,ANT,01:45:44.61,01:47:01.367
2026,6,Monaco Grand Prix,41,ANT,01:47:01.367,01:48:17.433
2026,6,Monaco Grand Prix,42,ANT,01:48:17.433,01:49:33.775
2026,6,Monaco Grand Prix,43,ANT,01:49:33.775,01:50:50.846
2026,6,Monaco Grand Prix,44,ANT,01:50:50.846,01:52:06.562
2026,6,Monaco Grand Prix,45,ANT,01:52:06.562,01:53:23.665
2026,6,Monaco Grand Prix,46,ANT,01:53:23.665,01:54:40.641
2026,6,Monaco Grand Prix,47,ANT,01:54:40.641,01:55:56.213
2026,6,Monaco Grand Prix,48,ANT,01:55:56.213,01:57:12.46
2026,6,Monaco Grand Prix,49,ANT,01:57:12.46,01:58:28.587
2026,6,Monaco Grand Prix,50,ANT,01:58:28.587,01:59:45.445
2026,6,Monaco Grand Prix,51,ANT,01:59:45.445,02:01:01.382
2026,6,Monaco Grand Prix,52,ANT,02:01:01.382,02:02:17.6
2026,6,Monaco Grand Prix,53,ANT,02:02:17.6,02:03:34.337
2026,6,Monaco Grand Prix,54,ANT,02:03:34.337,02:04:50.226
2026,6,Monaco Grand Prix,55,ANT,02:04:50.226,02:06:05.216
2026,6,Monaco Grand Prix,56,ANT,02:06:05.216,02:07:20.518
2026,6,Monaco Grand Prix,57,ANT,02:07:20.518,02:08:35.656
2026,6,Monaco Grand Prix,58,ANT,02:08:35.656,02:09:51.468
2026,6,Monaco Grand Prix,59,ANT,02:09:51.468,02:11:07.525
2026,6,Monaco Grand Prix,60,ANT,02:11:07.525,02:12:29.997
2026,6,Monaco Grand Prix,61,ANT,02:12:29.997,02:14:46.742
2026,6,Monaco Grand Prix,62,ANT,02:14:46.742,02:16:47.103
2026,6,Monaco Grand Prix,63,ANT,02:16:47.103,02:18:47.515
2026,6,Monaco Grand Prix,64,ANT,02:18:47.515,02:21:00.353
2026,6,Monaco Grand Prix,65,ANT,02:21:00.353,02:22:59.576
2026,6,Monaco Grand Prix,66,ANT,02:22:59.576,02:24:50.758
2026,6,Monaco Grand Prix,67,ANT,02:24:50.758,02:26:36.24
2026,6,Monaco Grand Prix,68,ANT,02:26:36.24,03:04:19.06
2026,6,Monaco Grand Prix,69,ANT,03:04:19.06,03:06:02.533
2026,6,Monaco Grand Prix,70,ANT,03:06:02.533,03:08:49.8
2026,6,Monaco Grand Prix,71,ANT,03:08:49.8,03:10:10.071
2026,6,Monaco Grand Prix,72,ANT,03:10:10.071,03:11:25.808
2026,6,Monaco Grand Prix,73,ANT,03:11:25.808,03:12:40.393
2026,6,Monaco Grand Prix,74,ANT,03:12:40.393,03:13:54.351
2026,6,Monaco Grand Prix,75,ANT,03:13:54.351,03:15:08.359
2026,6,Monaco Grand Prix,76,ANT,03:15:08.359,03:16:21.84
2026,6,Monaco Grand Prix,77,ANT,03:16:21.84,03:17:35.568
2026,6,Monaco Grand Prix,78,ANT,03:17:35.568,03:18:51.182
2026,7,Barcelona Grand Prix,1,RUS,00:53:41.09,00:55:05.757
2026,7,Barcelona Grand Prix,2,RUS,00:55:05.757,00:56:27.27
2026,7,Barcelona Grand Prix,3,RUS,00:56:27.27,00:57:48.749
2026,7,Barcelona Grand Prix,4,RUS,00:57:48.749,00:59:10.793
2026,7,Barcelona Grand Prix,5,RUS,00:59:10.793,01:00:33.22
2026,7,Barcelona Grand Prix,6,RUS,01:00:33.22,01:01:55.693
2026,7,Barcelona Grand Prix,7,RUS,01:01:55.693,01:03:18.38
2026,7,Barcelona Grand Prix,8,RUS,01:03:18.38,01:04:41.633
2026,7,Barcelona Grand Prix,9,RUS,01:04:41.633,01:06:04.831
2026,7,Barcelona Grand Prix,10,RUS,01:06:04.831,01:07:28.341
2026,7,Barcelona Grand Prix,11,RUS,01:07:28.341,01:08:52.042
2026,7,Barcelona Grand Prix,12,RUS,01:08:52.042,01:10:19.496
2026,7,Barcelona Grand Prix,13,ANT,01:10:20.949,01:11:44.509
2026,7,Barcelona Grand Prix,14,ANT,01:11:44.509,01:13:11.543
2026,7,Barcelona Grand Prix,15,LEC,01:13:15.894,01:14:39.933
2026,7,Barcelona Grand Prix,16,RUS,01:14:44.232,01:16:06.393
2026,7,Barcelona Grand Prix,17,RUS,01:16:06.393,01:17:28.159
2026,7,Barcelona Grand Prix,18,RUS,01:17:28.159,01:18:50.262
2026,7,Barcelona Grand Prix,19,RUS,01:18:50.262,01:20:12.708
2026,7,Barcelona Grand Prix,20,RUS,01:20:12.708,01:21:35.221
2026,7,Barcelona Grand Prix,21,RUS,01:21:35.221,01:22:57.777
2026,7,Barcelona Grand Prix,22,RUS,01:22:57.777,01:24:20.502
2026,7,Barcelona Grand Prix,23,RUS,01:24:20.502,01:25:43.756
2026,7,Barcelona Grand Prix,24,RUS,01:25:43.756,01:27:06.559
2026,7,Barcelona Grand Prix,25,RUS,01:27:06.559,01:28:29.585
2026,7,Barcelona Grand Prix,26,RUS,01:28:29.585,01:29:52.493
2026,7,Barcelona Grand Prix,27,RUS,01:29:52.493,01:31:15.637
2026,7,Barcelona Grand Prix,28,RUS,01:31:15.637,01:32:38.813
2026,7,Barcelona Grand Prix,29,RUS,01:32:38.813,01:34:02.021
2026,7,Barcelona Grand Prix,30,RUS,01:34:02.021,01:35:25.668
2026,7,Barcelona Grand Prix,31,RUS,01:35:25.668,01:36:48.993
2026,7,Barcelona Grand Prix,32,RUS,01:36:48.993,01:38:11.877
2026,7,Barcelona Grand Prix,33,RUS,01:38:11.877,01:39:35.314
2026,7,Barcelona Grand Prix,34,RUS,01:39:35.314,01:40:57.963
2026,7,Barcelona Grand Prix,35,RUS,01:40:57.963,01:42:20.884
2026,7,Barcelona Grand Prix,36,ANT,01:42:21.466,01:43:44.89
2026,7,Barcelona Grand Prix,37,ANT,01:43:44.89,01:45:10.583
2026,7,Barcelona Grand Prix,38,HAM,01:45:10.723,01:46:32.083
2026,7,Barcelona Grand Prix,39,HAM,01:46:32.083,01:47:53.942
2026,7,Barcelona Grand Prix,40,HAM,01:47:53.942,01:49:15.621
2026,7,Barcelona Grand Prix,41,HAM,01:49:15.621,01:51:06.506
2026,7,Barcelona Grand Prix,42,HAM,01:51:06.506,01:52:47.561
2026,7,Barcelona Grand Prix,43,HAM,01:52:47.561,01:54:07.875
2026,7,Barcelona Grand Prix,44,HAM,01:54:07.875,01:55:27.997
2026,7,Barcelona Grand Prix,45,HAM,01:55:27.997,01:56:48.126
2026,7,Barcelona Grand Prix,46,HAM,01:56:48.126,01:58:08.495
2026,7,Barcelona Grand Prix,47,HAM,01:58:08.495,01:59:28.677
2026,7,Barcelona Grand Prix,48,HAM,01:59:28.677,02:00:48.99
2026,7,Barcelona Grand Prix,49,HAM,02:00:48.99,02:02:09.87
2026,7,Barcelona Grand Prix,50,HAM,02:02:09.87,02:03:30.163
2026,7,Barcelona Grand Prix,51,HAM,02:03:30.163,02:04:51.15
2026,7,Barcelona Grand Prix,52,HAM,02:04:51.15,02:06:11.921
2026,7,Barcelona Grand Prix,53,HAM,02:06:11.921,02:07:33.187
2026,7,Barcelona Grand Prix,54,HAM,02:07:33.187,02:08:54.167
2026,7,Barcelona Grand Prix,55,HAM,02:08:54.167,02:10:15.231
2026,7,Barcelona Grand Prix,56,HAM,02:10:15.231,02:11:36.314
2026,7,Barcelona Grand Prix,57,HAM,02:11:36.314,02:12:57.727
2026,7,Barcelona Grand Prix,58,HAM,02:12:57.727,02:14:19.229
2026,7,Barcelona Grand Prix,59,HAM,02:14:19.229,02:15:40.34
2026,7,Barcelona Grand Prix,60,HAM,02:15:40.34,02:17:01.51
2026,7,Barcelona Grand Prix,61,HAM,02:17:01.51,02:18:22.916
2026,7,Barcelona Grand Prix,62,HAM,02:18:22.916,02:19:44.29
2026,7,Barcelona Grand Prix,63,HAM,02:19:44.29,02:21:27.354
2026,7,Barcelona Grand Prix,64,HAM,02:21:27.354,02:23:14.68
2026,7,Barcelona Grand Prix,65,HAM,02:23:14.68,02:24:47.339
2026,7,Barcelona Grand Prix,66,HAM,02:24:47.339,02:26:09.444
2026,8,Austrian Grand Prix,1,RUS,00:57:07.653,00:58:22.948
2026,8,Austrian Grand Prix,2,RUS,00:58:22.948,00:59:34.985
2026,8,Austrian Grand Prix,3,RUS,00:59:34.985,01:00:46.803
2026,8,Austrian Grand Prix,4,RUS,01:00:46.803,01:01:58.582
2026,8,Austrian Grand Prix,5,RUS,01:01:58.582,01:03:10.268
2026,8,Austrian Grand Prix,6,RUS,01:03:10.268,01:04:22.215
2026,8,Austrian Grand Prix,7,RUS,01:04:22.215,01:05:34.19
2026,8,Austrian Grand Prix,8,RUS,01:05:34.19,01:06:46.259
2026,8,Austrian Grand Prix,9,RUS,01:06:46.259,01:07:58.662
2026,8,Austrian Grand Prix,10,RUS,01:07:58.662,01:09:11.178
2026,8,Austrian Grand Prix,11,RUS,01:09:11.178,01:10:23.83
2026,8,Austrian Grand Prix,12,RUS,01:10:23.83,01:11:36.742
2026,8,Austrian Grand Prix,13,RUS,01:11:36.742,01:12:49.906
2026,8,Austrian Grand Prix,14,RUS,01:12:49.906,01:14:02.871
2026,8,Austrian Grand Prix,15,RUS,01:14:02.871,01:15:15.657
2026,8,Austrian Grand Prix,16,RUS,01:15:15.657,01:16:28.437
2026,8,Austrian Grand Prix,17,RUS,01:16:28.437,01:17:41.348
2026,8,Austrian Grand Prix,18,RUS,01:17:41.348,01:18:54.252
2026,8,Austrian Grand Prix,19,RUS,01:18:54.252,01:20:11.337
2026,8,Austrian Grand Prix,20,ANT,01:20:13.34,01:21:26.759
2026,8,Austrian Grand Prix,21,ANT,01:21:26.759,01:22:39.563
2026,8,Austrian Grand Prix,22,ANT,01:22:39.563,01:23:53.515
2026,8,Austrian Grand Prix,23,ANT,01:23:53.515,01:25:06.651
2026,8,Austrian Grand Prix,24,ANT,01:25:06.651,01:26:24.885
2026,8,Austrian Grand Prix,25,RUS,01:26:26.904,01:28:03.8
2026,8,Austrian Grand Prix,26,RUS,01:28:03.8,01:29:35.066
2026,8,Austrian Grand Prix,27,RUS,01:29:35.066,01:30:46.992
2026,8,Austrian Grand Prix,28,RUS,01:30:46.992,01:31:58.255
2026,8,Austrian Grand Prix,29,RUS,01:31:58.255,01:33:09.508
2026,8,Austrian Grand Prix,30,RUS,01:33:09.508,01:34:20.782
2026,8,Austrian Grand Prix,31,RUS,01:34:20.782,01:35:32.336
2026,8,Austrian Grand Prix,32,RUS,01:35:32.336,01:36:44.042
2026,8,Austrian Grand Prix,33,RUS,01:36:44.042,01:37:55.588
2026,8,Austrian Grand Prix,34,RUS,01:37:55.588,01:39:07.654
2026,8,Austrian Grand Prix,35,RUS,01:39:07.654,01:40:19.728
2026,8,Austrian Grand Prix,36,RUS,01:40:19.728,01:41:32.443
2026,8,Austrian Grand Prix,37,RUS,01:41:32.443,01:42:44.586
2026,8,Austrian Grand Prix,38,RUS,01:42:44.586,01:43:56.951
2026,8,Austrian Grand Prix,39,RUS,01:43:56.951,01:45:09.567
2026,8,Austrian Grand Prix,40,RUS,01:45:09.567,01:46:21.801
2026,8,Austrian Grand Prix,41,RUS,01:46:21.801,01:47:33.736
2026,8,Austrian Grand Prix,42,RUS,01:47:33.736,01:48:45.961
2026,8,Austrian Grand Prix,43,VER,01:48:47.275,01:49:59.362
2026,8,Austrian Grand Prix,44,VER,01:49:59.362,01:51:11.776
2026,8,Austrian Grand Prix,45,VER,01:51:11.776,01:52:24.132
2026,8,Austrian Grand Prix,46,VER,01:52:24.132,01:53:36.512
2026,8,Austrian Grand Prix,47,VER,01:53:36.512,01:54:49.142
2026,8,Austrian Grand Prix,48,VER,01:54:49.142,01:56:01.823
2026,8,Austrian Grand Prix,49,ANT,01:56:03.801,01:57:16.015
2026,8,Austrian Grand Prix,50,ANT,01:57:16.015,01:58:28.136
2026,8,Austrian Grand Prix,51,ANT,01:58:28.136,01:59:44.715
2026,8,Austrian Grand Prix,52,RUS,01:59:46.852,02:01:02.493
2026,8,Austrian Grand Prix,53,RUS,02:01:02.493,02:02:22.524
2026,8,Austrian Grand Prix,54,RUS,02:02:22.524,02:03:33.461
2026,8,Austrian Grand Prix,55,RUS,02:03:33.461,02:04:44.357
2026,8,Austrian Grand Prix,56,RUS,02:04:44.357,02:05:55.137
2026,8,Austrian Grand Prix,57,RUS,02:05:55.137,02:07:06.64
2026,8,Austrian Grand Prix,58,RUS,02:07:06.64,02:08:17.65
2026,8,Austrian Grand Prix,59,RUS,02:08:17.65,02:09:28.793
2026,8,Austrian Grand Prix,60,RUS,02:09:28.793,02:10:40.154
2026,8,Austrian Grand Prix,61,RUS,02:10:40.154,02:11:51.267
2026,8,Austrian Grand Prix,62,RUS,02:11:51.267,02:13:02.429
2026,8,Austrian Grand Prix,63,RUS,02:13:02.429,02:14:13.497
2026,8,Austrian Grand Prix,64,RUS,02:14:13.497,02:15:24.788
2026,8,Austrian Grand Prix,65,RUS,02:15:24.788,02:16:36.369
2026,8,Austrian Grand Prix,66,RUS,02:16:36.369,02:17:47.984
2026,8,Austrian Grand Prix,67,RUS,02:17:47.984,02:18:59.541
2026,8,Austrian Grand Prix,68,RUS,02:18:59.541,02:20:11.03
2026,8,Austrian Grand Prix,69,RUS,02:20:11.03,02:21:22.455
2026,8,Austrian Grand Prix,70,RUS,02:21:22.455,02:22:34.093
2026,8,Austrian Grand Prix,71,RUS,02:22:34.093,02:23:45.925
2026,9,British Grand Prix,1,LEC,00:55:39.562,00:57:16.073
2026,9,British Grand Prix,2,LEC,00:57:16.073,00:58:49.989
2026,9,British Grand Prix,3,LEC,00:58:49.989,01:00:23.984
2026,9,British Grand Prix,4,LEC,01:00:23.984,01:01:57.721
2026,9,British Grand Prix,5,LEC,01:01:57.721,01:03:32.041
2026,9,British Grand Prix,6,LEC,01:03:32.041,01:05:06.11
2026,9,British Grand Prix,7,LEC,01:05:06.11,01:06:40.77
2026,9,British Grand Prix,8,LEC,01:06:40.77,01:08:15.112
2026,9,British Grand Prix,9,LEC,01:08:15.112,01:09:49.564
2026,9,British Grand Prix,10,LEC,01:09:49.564,01:11:23.866
2026,9,British Grand Prix,11,LEC,01:11:23.866,01:12:58.48
2026,9,British Grand Prix,12,LEC,01:12:58.48,01:14:32.826
2026,9,British Grand Prix,13,LEC,01:14:32.826,01:16:07.286
2026,9,British Grand Prix,14,LEC,01:16:07.286,01:17:41.435
2026,9,British Grand Prix,15,LEC,01:17:41.435,01:19:15.399
2026,9,British Grand Prix,16,LEC,01:19:15.399,01:20:49.802
2026,9,British Grand Prix,17,LEC,01:20:49.802,01:22:24.04
2026,9,British Grand Prix,18,LEC,01:22:24.04,01:23:58.607
2026,9,British Grand Prix,19,LEC,01:23:58.607,01:25:33.267
2026,9,British Grand Prix,20,LEC,01:25:33.267,01:27:07.597
2026,9,British Grand Prix,21,LEC,01:27:07.597,01:28:41.888
2026,9,British Grand Prix,22,LEC,01:28:41.888,01:30:25.866
2026,9,British Grand Prix,23,LEC,01:30:25.866,01:32:00.323
2026,9,British Grand Prix,24,LEC,01:32:00.323,01:33:34.639
2026,9,British Grand Prix,25,LEC,01:33:34.639,01:35:08.682
2026,9,British Grand Prix,26,ANT,01:35:11.622,01:36:45.573
2026,9,British Grand Prix,27,ANT,01:36:45.573,01:38:19.259
2026,9,British Grand Prix,28,ANT,01:38:19.259,01:39:52.779
2026,9,British Grand Prix,29,ANT,01:39:52.779,01:41:26.246
2026,9,British Grand Prix,30,ANT,01:41:26.246,01:42:59.966
2026,9,British Grand Prix,31,ANT,01:42:59.966,01:44:33.738
2026,9,British Grand Prix,32,ANT,01:44:33.738,01:46:07.189
2026,9,British Grand Prix,33,ANT,01:46:07.189,01:47:40.79
2026,9,British Grand Prix,34,ANT,01:47:40.79,01:49:14.515
2026,9,British Grand Prix,35,ANT,01:49:14.515,01:50:47.491
2026,9,British Grand Prix,36,LEC,01:51:00.807,01:52:34.255
2026,9,British Grand Prix,37,LEC,01:52:34.255,01:54:07.704
2026,9,British Grand Prix,38,LEC,01:54:07.704,01:55:41.013
2026,9,British Grand Prix,39,LEC,01:55:41.013,01:57:37.746
2026,9,British Grand Prix,40,LEC,01:57:37.746,01:59:10.847
2026,9,British Grand Prix,41,LEC,01:59:10.847,02:00:43.74
2026,9,British Grand Prix,42,LEC,02:00:43.74,02:02:17.162
2026,9,British Grand Prix,43,LEC,02:02:17.162,02:03:50.033
2026,9,British Grand Prix,44,LEC,02:03:50.033,02:05:23.123
2026,9,British Grand Prix,45,LEC,02:05:23.123,02:06:56.013
2026,9,British Grand Prix,46,LEC,02:06:56.013,02:08:29.398
2026,9,British Grand Prix,47,LEC,02:08:29.398,02:10:02.673
2026,9,British Grand Prix,48,LEC,02:10:02.673,02:11:57.283
2026,9,British Grand Prix,49,LEC,02:11:57.283,02:14:45.802
2026,9,British Grand Prix,50,LEC,02:14:45.802,02:17:34.403
2026,9,British Grand Prix,51,LEC,02:17:34.403,02:20:27.418
2026,9,British Grand Prix,52,LEC,02:20:27.418,02:22:51.189
2026,10,Belgian Grand Prix,1,ANT,00:55:55.977,00:57:57.622
2026,10,Belgian Grand Prix,2,ANT,00:57:57.622,01:00:45.71
2026,10,Belgian Grand Prix,3,ANT,01:00:45.71,01:03:26.249
2026,10,Belgian Grand Prix,4,ANT,01:03:26.249,01:06:09.687
2026,10,Belgian Grand Prix,5,ANT,01:06:09.687,01:08:01.325
2026,10,Belgian Grand Prix,6,ANT,01:08:01.325,01:09:52.64
2026,10,Belgian Grand Prix,7,ANT,01:09:52.64,01:11:43.597
2026,10,Belgian Grand Prix,8,ANT,01:11:43.597,01:13:34.583
2026,10,Belgian Grand Prix,9,ANT,01:13:34.583,01:15:25.408
2026,10,Belgian Grand Prix,10,ANT,01:15:25.408,01:17:16.147
2026,10,Belgian Grand Prix,11,ANT,01:17:16.147,01:19:07.237
2026,10,Belgian Grand Prix,12,ANT,01:19:07.237,01:20:58.13
2026,10,Belgian Grand Prix,13,ANT,01:20:58.13,01:22:49.199
2026,10,Belgian Grand Prix,14,ANT,01:22:49.199,01:24:40.183
2026,10,Belgian Grand Prix,15,ANT,01:24:40.183,01:26:31.296
2026,10,Belgian Grand Prix,16,ANT,01:26:31.296,01:28:22.475
2026,10,Belgian Grand Prix,17,ANT,01:28:22.475,01:30:13.443
2026,10,Belgian Grand Prix,18,ANT,01:30:13.443,01:32:20.201
2026,10,Belgian Grand Prix,19,LEC,01:32:20.665,01:34:11.527
2026,10,Belgian Grand Prix,20,LEC,01:34:11.527,01:36:20.493
2026,10,Belgian Grand Prix,21,NOR,01:36:29.173,01:38:30.883
2026,10,Belgian Grand Prix,22,NOR,01:38:30.883,01:40:21.616
2026,10,Belgian Grand Prix,23,LEC,01:40:22.136,01:42:11.469
2026,10,Belgian Grand Prix,24,LEC,01:42:11.469,01:44:00.962
2026,10,Belgian Grand Prix,25,LEC,01:44:00.962,01:45:51.05
2026,10,Belgian Grand Prix,26,LEC,01:45:51.05,01:47:40.957
2026,10,Belgian Grand Prix,27,LEC,01:47:40.957,01:49:30.945
2026,10,Belgian Grand Prix,28,LEC,01:49:30.945,01:51:20.85
2026,10,Belgian Grand Prix,29,LEC,01:51:20.85,01:53:10.856
2026,10,Belgian Grand Prix,30,LEC,01:53:10.856,01:55:01.009
2026,10,Belgian Grand Prix,31,LEC,01:55:01.009,01:56:51.379
2026,10,Belgian Grand Prix,32,LEC,01:56:51.379,01:58:41.578
2026,10,Belgian Grand Prix,33,LEC,01:58:41.578,02:00:31.807
2026,10,Belgian Grand Prix,34,ANT,02:00:32.385,02:02:21.69
2026,10,Belgian Grand Prix,35,ANT,02:02:21.69,02:04:11.546
2026,10,Belgian Grand Prix,36,ANT,02:04:11.546,02:06:01.619
2026,10,Belgian Grand Prix,37,ANT,02:06:01.619,02:07:51.32
2026,10,Belgian Grand Prix,38,ANT,02:07:51.32,02:09:41
2026,10,Belgian Grand Prix,39,ANT,02:09:41,02:11:30.629
2026,10,Belgian Grand Prix,40,ANT,02:11:30.629,02:13:20.294
2026,10,Belgian Grand Prix,41,ANT,02:13:20.294,02:15:09.392
2026,10,Belgian Grand Prix,42,ANT,02:15:09.392,02:16:58.749
2026,10,Belgian Grand Prix,43,ANT,02:16:58.749,02:18:48.635
2026,10,Belgian Grand Prix,44,ANT,02:18:48.635,02:20:38.598
2026,11,Hungarian Grand Prix,1,PIA,00:54:08.019,00:55:38.53
2026,11,Hungarian Grand Prix,2,PIA,00:55:38.53,00:57:04.59
2026,11,Hungarian Grand Prix,3,PIA,00:57:04.59,00:58:29.862
2026,11,Hungarian Grand Prix,4,PIA,00:58:29.862,00:59:55.016
2026,11,Hungarian Grand Prix,5,PIA,00:59:55.016,01:01:20.111
2026,11,Hungarian Grand Prix,6,PIA,01:01:20.111,01:02:45.141
2026,11,Hungarian Grand Prix,7,PIA,01:02:45.141,01:04:09.981
2026,11,Hungarian Grand Prix,8,PIA,01:04:09.981,01:05:35.32
2026,11,Hungarian Grand Prix,9,PIA,01:05:35.32,01:07:00.709
2026,11,Hungarian Grand Prix,10,PIA,01:07:00.709,01:08:26.375
2026,11,Hungarian Grand Prix,11,PIA,01:08:26.375,01:09:51.793
2026,11,Hungarian Grand Prix,12,PIA,01:09:51.793,01:11:17.591
2026,11,Hungarian Grand Prix,13,PIA,01:11:17.591,01:12:43.516
2026,11,Hungarian Grand Prix,14,PIA,01:12:43.516,01:14:09.197
2026,11,Hungarian Grand Prix,15,PIA,01:14:09.197,01:15:34.84
2026,11,Hungarian Grand Prix,16,NOR,01:15:35.807,01:17:01.685
2026,11,Hungarian Grand Prix,17,NOR,01:17:01.685,01:18:29.597
2026,11,Hungarian Grand Prix,18,ANT,01:18:35.633,01:20:01.187
2026,11,Hungarian Grand Prix,19,ANT,01:20:01.187,01:21:26.819
2026,11,Hungarian Grand Prix,20,ANT,01:21:26.819,01:22:52.329
2026,11,Hungarian Grand Prix,21,ANT,01:22:52.329,01:24:18.031
2026,11,Hungarian Grand Prix,22,ANT,01:24:18.031,01:25:46.541
2026,11,Hungarian Grand Prix,23,PIA,01:25:52.637,01:27:17.115
2026,11,Hungarian Grand Prix,24,PIA,01:27:17.115,01:28:41.907
2026,11,Hungarian Grand Prix,25,PIA,01:28:41.907,01:30:06.864
2026,11,Hungarian Grand Prix,26,PIA,01:30:06.864,01:31:32.269
2026,11,Hungarian Grand Prix,27,PIA,01:31:32.269,01:32:57.734
2026,11,Hungarian Grand Prix,28,PIA,01:32:57.734,01:34:22.856
2026,11,Hungarian Grand Prix,29,PIA,01:34:22.856,01:35:48.688
2026,11,Hungarian Grand Prix,30,PIA,01:35:48.688,01:37:14.423
2026,11,Hungarian Grand Prix,31,PIA,01:37:14.423,01:38:40.266
2026,11,Hungarian Grand Prix,32,PIA,01:38:40.266,01:40:06.097
2026,11,Hungarian Grand Prix,33,NOR,01:40:06.859,01:41:32.273
2026,11,Hungarian Grand Prix,34,NOR,01:41:32.273,01:42:56.897
2026,11,Hungarian Grand Prix,35,NOR,01:42:56.897,01:44:21.565
2026,11,Hungarian Grand Prix,36,NOR,01:44:21.565,01:45:46.301
2026,11,Hungarian Grand Prix,37,NOR,01:45:46.301,01:47:10.762
2026,11,Hungarian Grand Prix,38,NOR,01:47:10.762,01:48:35.269
2026,11,Hungarian Grand Prix,39,NOR,01:48:35.269,01:50:02.706
2026,11,Hungarian Grand Prix,40,VER,01:50:09.282,01:51:34.912
2026,11,Hungarian Grand Prix,41,ANT,01:51:38.274,01:53:02.983
2026,11,Hungarian Grand Prix,42,ANT,01:53:02.983,01:54:27.735
2026,11,Hungarian Grand Prix,43,ANT,01:54:27.735,01:55:52.55
2026,11,Hungarian Grand Prix,44,ANT,01:55:52.55,01:57:17.189
2026,11,Hungarian Grand Prix,45,ANT,01:57:17.189,01:58:41.752
2026,11,Hungarian Grand Prix,46,NOR,01:58:42.171,02:00:05.594
2026,11,Hungarian Grand Prix,47,NOR,02:00:05.594,02:01:28.963
2026,11,Hungarian Grand Prix,48,NOR,02:01:28.963,02:02:53.384
2026,11,Hungarian Grand Prix,49,NOR,02:02:53.384,02:04:17.361
2026,11,Hungarian Grand Prix,50,NOR,02:04:17.361,02:05:41.144
2026,11,Hungarian Grand Prix,51,NOR,02:05:41.144,02:07:04.924
2026,11,Hungarian Grand Prix,52,NOR,02:07:04.924,02:08:29.044
2026,11,Hungarian Grand Prix,53,NOR,02:08:29.044,02:09:52.987
2026,11,Hungarian Grand Prix,54,NOR,02:09:52.987,02:11:17.424
2026,11,Hungarian Grand Prix,55,NOR,02:11:17.424,02:12:41.571
2026,11,Hungarian Grand Prix,56,NOR,02:12:41.571,02:14:13.915
2026,11,Hungarian Grand Prix,57,NOR,02:14:13.915,02:16:04.969
2026,11,Hungarian Grand Prix,58,NOR,02:16:04.969,02:17:27.897
2026,11,Hungarian Grand Prix,59,NOR,02:17:27.897,02:18:51.568
2026,11,Hungarian Grand Prix,60,NOR,02:18:51.568,02:20:15.184
2026,11,Hungarian Grand Prix,61,NOR,02:20:15.184,02:21:37.746
2026,11,Hungarian Grand Prix,62,NOR,02:21:37.746,02:23:00.405
2026,11,Hungarian Grand Prix,63,NOR,02:23:00.405,02:24:23.127
2026,11,Hungarian Grand Prix,64,NOR,02:24:23.127,02:25:45.618
2026,11,Hungarian Grand Prix,65,NOR,02:25:45.618,02:27:08.722
2026,11,Hungarian Grand Prix,66,NOR,02:27:08.722,02:28:31.623
2026,11,Hungarian Grand Prix,67,NOR,02:28:31.623,02:29:54.639
2026,11,Hungarian Grand Prix,68,NOR,02:29:54.639,02:31:17.435
2026,11,Hungarian Grand Prix,69,NOR,02:31:17.435,02:32:40.799
2026,11,Hungarian Grand Prix,70,NOR,02:32:40.799,02:34:04.424
2026,12,Dutch Grand Prix,1,NOR,00:56:45.791,00:58:08.742
2026,12,Dutch Grand Prix,2,NOR,00:58:08.742,01:00:11.939
2026,12,Dutch Grand Prix,3,NOR,01:26:17.312,01:28:33.657
2026,12,Dutch Grand Prix,4,NOR,01:28:33.657,01:31:52.188
2026,12,Dutch Grand Prix,5,ANT,01:31:54.99,01:34:17.241
2026,12,Dutch Grand Prix,6,ANT,01:34:17.241,01:35:34.223
2026,12,Dutch Grand Prix,7,ANT,01:35:34.223,01:36:50.904
2026,12,Dutch Grand Prix,8,ANT,01:36:50.904,01:38:07.707
2026,12,Dutch Grand Prix,9,ANT,01:38:07.707,01:39:24.259
2026,12,Dutch Grand Prix,10,ANT,01:39:24.259,01:40:40.978
2026,12,Dutch Grand Prix,11,ANT,01:40:40.978,01:41:57.686
2026,12,Dutch Grand Prix,12,ANT,01:41:57.686,01:43:14.555
2026,12,Dutch Grand Prix,13,ANT,01:43:14.555,01:44:31.613
2026,12,Dutch Grand Prix,14,ANT,01:44:31.613,01:45:48.594
2026,12,Dutch Grand Prix,15,ANT,01:45:48.594,01:47:05.817
2026,12,Dutch Grand Prix,16,ANT,01:47:05.817,01:48:23.183
2026,12,Dutch Grand Prix,17,ANT,01:48:23.183,01:49:40.496
2026,12,Dutch Grand Prix,18,ANT,01:49:40.496,01:50:57.84
2026,12,Dutch Grand Prix,19,ANT,01:50:57.84,01:52:15.282
2026,12,Dutch Grand Prix,20,ANT,01:52:15.282,01:53:32.883
2026,12,Dutch Grand Prix,21,ANT,01:53:32.883,01:54:53.422
2026,12,Dutch Grand Prix,22,HAM,01:55:02.369,01:56:19.817
2026,12,Dutch Grand Prix,23,HAM,01:56:19.817,01:57:37.688
2026,12,Dutch Grand Prix,24,HAM,01:57:37.688,01:58:55.403
2026,12,Dutch Grand Prix,25,ANT,01:58:59.574,02:00:15.839
2026,12,Dutch Grand Prix,26,ANT,02:00:15.839,02:01:32.047
2026,12,Dutch Grand Prix,27,ANT,02:01:32.047,02:02:48.171
2026,12,Dutch Grand Prix,28,ANT,02:02:48.171,02:04:04.366
2026,12,Dutch Grand Prix,29,ANT,02:04:04.366,02:05:20.539
2026,12,Dutch Grand Prix,30,ANT,02:05:20.539,02:06:37.012
2026,12,Dutch Grand Prix,31,ANT,02:06:37.012,02:07:53.093
2026,12,Dutch Grand Prix,32,ANT,02:07:53.093,02:09:09.537
2026,12,Dutch Grand Prix,33,ANT,02:09:09.537,02:10:26.141
2026,12,Dutch Grand Prix,34,ANT,02:10:26.141,02:11:42.545
2026,12,Dutch Grand Prix,35,ANT,02:11:42.545,02:12:59.383
2026,12,Dutch Grand Prix,36,ANT,02:12:59.383,02:14:16.857
2026,12,Dutch Grand Prix,37,ANT,02:14:16.857,02:15:34.001
2026,12,Dutch Grand Prix,38,ANT,02:15:34.001,02:16:50.407
2026,12,Dutch Grand Prix,39,ANT,02:16:50.407,02:18:07.121
2026,12,Dutch Grand Prix,40,NOR,02:18:07.865,02:19:24.847
2026,12,Dutch Grand Prix,41,NOR,02:19:24.847,02:20:41.146
2026,12,Dutch Grand Prix,42,NOR,02:20:41.146,02:21:57.741
2026,12,Dutch Grand Prix,43,NOR,02:21:57.741,02:23:14.076
2026,12,Dutch Grand Prix,44,NOR,02:23:14.076,02:24:31.192
2026,12,Dutch Grand Prix,45,NOR,02:24:31.192,02:25:47.785
2026,12,Dutch Grand Prix,46,NOR,02:25:47.785,02:27:04.505
2026,12,Dutch Grand Prix,47,NOR,02:27:04.505,02:28:23.821
2026,12,Dutch Grand Prix,48,HAM,02:28:31.936,02:29:48.241
2026,12,Dutch Grand Prix,49,HAM,02:29:48.241,02:31:04.515
2026,12,Dutch Grand Prix,50,HAM,02:31:04.515,02:32:20.685
2026,12,Dutch Grand Prix,51,HAM,02:32:20.685,02:33:36.796
2026,12,Dutch Grand Prix,52,HAM,02:33:36.796,02:34:53.123
2026,12,Dutch Grand Prix,53,HAM,02:34:53.123,02:36:09.845
2026,12,Dutch Grand Prix,54,NOR,02:36:10.392,02:37:26.694
2026,12,Dutch Grand Prix,55,NOR,02:37:26.694,02:39:03.985
2026,12,Dutch Grand Prix,56,NOR,02:39:03.985,02:40:45.644
2026,12,Dutch Grand Prix,57,NOR,02:40:45.644,02:42:24.41
2026,12,Dutch Grand Prix,58,NOR,02:42:24.41,02:43:39.12
2026,12,Dutch Grand Prix,59,NOR,02:43:39.12,02:44:53.865
2026,12,Dutch Grand Prix,60,NOR,02:44:53.865,02:46:08.349
2026,12,Dutch Grand Prix,61,NOR,02:46:08.349,02:47:23.109
2026,12,Dutch Grand Prix,62,NOR,02:47:23.109,02:48:37.978
2026,12,Dutch Grand Prix,63,NOR,02:48:37.978,02:49:52.943
2026,12,Dutch Grand Prix,64,NOR,02:49:52.943,02:51:08.031
2026,12,Dutch Grand Prix,65,NOR,02:51:08.031,02:52:23.49
2026,12,Dutch Grand Prix,66,NOR,02:52:23.49,02:53:39.607
2026,12,Dutch Grand Prix,67,NOR,02:53:39.607,02:54:54.804
2026,12,Dutch Grand Prix,68,NOR,02:54:54.804,02:56:09.987
2026,12,Dutch Grand Prix,69,NOR,02:56:09.987,02:57:25.179
2026,12,Dutch Grand Prix,70,NOR,02:57:25.179,02:58:58.609
2026,12,Dutch Grand Prix,71,NOR,02:58:58.609,03:00:14.048
2026,12,Dutch Grand Prix,72,NOR,03:00:14.048,03:01:29.313
2026,13,Italian Grand Prix,1,GAS,00:56:55.761,00:58:24.445
2026,13,Italian Grand Prix,2,RUS,00:58:24.749,00:59:51.4
2026,13,Italian Grand Prix,3,RUS,00:59:51.4,01:01:50.548
2026,13,Italian Grand Prix,4,RUS,01:32:24.927,01:34:28.984
2026,13,Italian Grand Prix,5,RUS,01:34:28.984,01:37:49.167
2026,13,Italian Grand Prix,6,RUS,01:37:49.167,01:40:35.345
2026,13,Italian Grand Prix,7,RUS,01:40:35.345,01:42:01.785
2026,13,Italian Grand Prix,8,RUS,01:42:01.785,01:43:27.878
2026,13,Italian Grand Prix,9,RUS,01:43:27.878,01:44:54.373
2026,13,Italian Grand Prix,10,RUS,01:44:54.373,01:46:20.678
2026,13,Italian Grand Prix,11,RUS,01:46:20.678,01:47:47.308
2026,13,Italian Grand Prix,12,VER,01:47:47.582,01:49:14.02
2026,13,Italian Grand Prix,13,VER,01:49:14.02,01:50:40.3
2026,13,Italian Grand Prix,14,VER,01:50:40.3,01:52:06.711
2026,13,Italian Grand Prix,15,RUS,01:52:07.351,01:53:33.124
2026,13,Italian Grand Prix,16,RUS,01:53:33.124,01:54:58.866
2026,13,Italian Grand Prix,17,RUS,01:54:58.866,01:56:24.45
2026,13,Italian Grand Prix,18,ANT,01:56:24.852,01:57:50.076
2026,13,Italian Grand Prix,19,ANT,01:57:50.076,01:59:15.805
2026,13,Italian Grand Prix,20,ANT,01:59:15.805,02:00:41.394
2026,13,Italian Grand Prix,21,ANT,02:00:41.394,02:02:07.227
2026,13,Italian Grand Prix,22,ANT,02:02:07.227,02:03:33.763
2026,13,Italian Grand Prix,23,RUS,02:03:34.274,02:05:00.101
2026,13,Italian Grand Prix,24,RUS,02:05:00.101,02:06:25.743
2026,13,Italian Grand Prix,25,RUS,02:06:25.743,02:07:51.088
2026,13,Italian Grand Prix,26,RUS,02:07:51.088,02:09:16.593
2026,13,Italian Grand Prix,27,RUS,02:09:16.593,02:10:42.11
2026,13,Italian Grand Prix,28,RUS,02:10:42.11,02:12:27.809
2026,13,Italian Grand Prix,29,RUS,02:12:27.809,02:14:06.184
2026,13,Italian Grand Prix,30,RUS,02:14:06.184,02:15:31.844
2026,13,Italian Grand Prix,31,RUS,02:15:31.844,02:16:57.413
2026,13,Italian Grand Prix,32,RUS,02:16:57.413,02:18:22.753
2026,13,Italian Grand Prix,33,RUS,02:18:22.753,02:19:48.157
2026,13,Italian Grand Prix,34,RUS,02:19:48.157,02:21:13.569
2026,13,Italian Grand Prix,35,RUS,02:21:13.569,02:22:38.865
2026,13,Italian Grand Prix,36,RUS,02:22:38.865,02:24:04.088
2026,13,Italian Grand Prix,37,RUS,02:24:04.088,02:25:29.425
2026,13,Italian Grand Prix,38,RUS,02:25:29.425,02:26:54.811
2026,13,Italian Grand Prix,39,RUS,02:26:54.811,02:28:19.829
2026,13,Italian Grand Prix,40,RUS,02:28:19.829,02:29:44.923
2026,13,Italian Grand Prix,41,RUS,02:29:44.923,02:31:10.254
2026,13,Italian Grand Prix,42,RUS,02:31:10.254,02:32:35.391
2026,13,Italian Grand Prix,43,RUS,02:32:35.391,02:34:00.652
2026,13,Italian Grand Prix,44,RUS,02:34:00.652,02:35:25.78
2026,13,Italian Grand Prix,45,RUS,02:35:25.78,02:36:50.963
2026,13,Italian Grand Prix,46,RUS,02:36:50.963,02:38:15.924
2026,13,Italian Grand Prix,47,RUS,02:38:15.924,02:39:40.785
2026,13,Italian Grand Prix,48,RUS,02:39:40.785,02:41:06.061
2026,13,Italian Grand Prix,49,RUS,02:41:06.061,02:42:34.036
2026,13,Italian Grand Prix,50,ANT,02:42:34.892,02:43:59.016
2026,13,Italian Grand Prix,51,ANT,02:43:59.016,02:45:23.414
2026,13,Italian Grand Prix,52,ANT,02:45:23.414,02:46:47.719
2026,13,Italian Grand Prix,53,ANT,02:46:47.719,02:48:11.223
2026,14,Spanish Grand Prix,1,NOR,00:58:13.809,00:59:55.878
2026,14,Spanish Grand Prix,2,NOR,00:59:55.878,01:01:35.282
2026,14,Spanish Grand Prix,3,NOR,01:01:35.282,01:03:15.393
2026,14,Spanish Grand Prix,4,NOR,01:03:15.393,01:04:55.512
2026,14,Spanish Grand Prix,5,NOR,01:04:55.512,01:06:35.276
2026,14,Spanish Grand Prix,6,NOR,01:06:35.276,01:08:14.621
2026,14,Spanish Grand Prix,7,NOR,01:08:14.621,01:09:54.119
2026,14,Spanish Grand Prix,8,NOR,01:09:54.119,01:11:33.462
2026,14,Spanish Grand Prix,9,NOR,01:11:33.462,01:13:12.584
2026,14,Spanish Grand Prix,10,NOR,01:13:12.584,01:14:51.675
2026,14,Spanish Grand Prix,11,NOR,01:14:51.675,01:16:30.904
2026,14,Spanish Grand Prix,12,NOR,01:16:30.904,01:18:10.199
2026,14,Spanish Grand Prix,13,NOR,01:18:10.199,01:19:49.621
2026,14,Spanish Grand Prix,14,NOR,01:19:49.621,01:21:29.951
2026,14,Spanish Grand Prix,15,NOR,01:21:29.951,01:23:56.075
2026,14,Spanish Grand Prix,16,LEC,01:24:06.613,01:25:45.386
2026,14,Spanish Grand Prix,17,LEC,01:25:45.386,01:27:23.684
2026,14,Spanish Grand Prix,18,LEC,01:27:23.684,01:29:02.54
2026,14,Spanish Grand Prix,19,LEC,01:29:02.54,01:30:40.875
2026,14,Spanish Grand Prix,20,LEC,01:30:40.875,01:32:19.47
2026,14,Spanish Grand Prix,21,LEC,01:32:19.47,01:33:57.854
2026,14,Spanish Grand Prix,22,LEC,01:33:57.854,01:35:36.331
2026,14,Spanish Grand Prix,23,LEC,01:35:36.331,01:37:14.932
2026,14,Spanish Grand Prix,24,LEC,01:37:14.932,01:38:53.587
2026,14,Spanish Grand Prix,25,LEC,01:38:53.587,01:40:31.915
2026,14,Spanish Grand Prix,26,LEC,01:40:31.915,01:42:10.529
2026,14,Spanish Grand Prix,27,LEC,01:42:10.529,01:43:49.434
2026,14,Spanish Grand Prix,28,LEC,01:43:49.434,01:45:27.835
2026,14,Spanish Grand Prix,29,LEC,01:45:27.835,01:47:05.974
2026,14,Spanish Grand Prix,30,LEC,01:47:05.974,01:48:43.9
2026,14,Spanish Grand Prix,31,LEC,01:48:43.9,01:50:21.837
2026,14,Spanish Grand Prix,32,LEC,01:50:21.837,01:52:00.017
2026,14,Spanish Grand Prix,33,LEC,01:52:00.017,01:53:38.089
2026,14,Spanish Grand Prix,34,LEC,01:53:38.089,01:55:16.107
2026,14,Spanish Grand Prix,35,LEC,01:55:16.107,01:56:54.13
2026,14,Spanish Grand Prix,36,LEC,01:56:54.13,01:58:32.292
2026,14,Spanish Grand Prix,37,LEC,01:58:32.292,02:00:10.212
2026,14,Spanish Grand Prix,38,LEC,02:00:10.212,02:01:48.151
2026,14,Spanish Grand Prix,39,LEC,02:01:48.151,02:03:25.866
2026,14,Spanish Grand Prix,40,LEC,02:03:25.866,02:05:03.653
2026,14,Spanish Grand Prix,41,LEC,02:05:03.653,02:06:41.314
2026,14,Spanish Grand Prix,42,LEC,02:06:41.314,02:08:19.085
2026,14,Spanish Grand Prix,43,LEC,02:08:19.085,02:09:56.595
2026,14,Spanish Grand Prix,44,LEC,02:09:56.595,02:11:34.415
2026,14,Spanish Grand Prix,45,LEC,02:11:34.415,02:13:12.51
2026,14,Spanish Grand Prix,46,LEC,02:13:12.51,02:14:50.671
2026,14,Spanish Grand Prix,47,LEC,02:14:50.671,02:16:28.84
2026,14,Spanish Grand Prix,48,ANT,02:16:30.041,02:18:07.874
2026,14,Spanish Grand Prix,49,ANT,02:18:07.874,02:19:44.435
2026,14,Spanish Grand Prix,50,ANT,02:19:44.435,02:21:20.996
2026,14,Spanish Grand Prix,51,ANT,02:21:20.996,02:22:57.593
2026,14,Spanish Grand Prix,52,ANT,02:22:57.593,02:24:33.79
2026,14,Spanish Grand Prix,53,ANT,02:24:33.79,02:26:09.87
2026,14,Spanish Grand Prix,54,ANT,02:26:09.87,02:27:47.06
2026,14,Spanish Grand Prix,55,ANT,02:27:47.06,02:29:25.1
2026,14,Spanish Grand Prix,56,ANT,02:29:25.1,02:31:01.789
2026,14,Spanish Grand Prix,57,ANT,02:31:01.789,02:32:37.819
2026,15,Azerbaijan Grand Prix,1,RUS,00:56:53.247,00:58:45.408
2026,15,Azerbaijan Grand Prix,2,RUS,00:58:45.408,01:00:34.943
2026,15,Azerbaijan Grand Prix,3,RUS,01:00:34.943,01:02:23.801
2026,15,Azerbaijan Grand Prix,4,RUS,01:02:23.801,01:04:12.42
2026,15,Azerbaijan Grand Prix,5,RUS,01:04:12.42,01:06:00.589
2026,15,Azerbaijan Grand Prix,6,RUS,01:06:00.589,01:07:48.521
2026,15,Azerbaijan Grand Prix,7,RUS,01:07:48.521,01:09:36.333
2026,15,Azerbaijan Grand Prix,8,RUS,01:09:36.333,01:11:24.02
2026,15,Azerbaijan Grand Prix,9,RUS,01:11:24.02,01:13:12.036
2026,15,Azerbaijan Grand Prix,10,RUS,01:13:12.036,01:14:59.927
2026,15,Azerbaijan Grand Prix,11,RUS,01:14:59.927,01:16:47.796
2026,15,Azerbaijan Grand Prix,12,RUS,01:16:47.796,01:18:35.293
2026,15,Azerbaijan Grand Prix,13,RUS,01:18:35.293,01:20:22.9
2026,15,Azerbaijan Grand Prix,14,RUS,01:20:22.9,01:22:10.466
2026,15,Azerbaijan Grand Prix,15,RUS,01:22:10.466,01:23:58.477
2026,15,Azerbaijan Grand Prix,16,RUS,01:23:58.477,01:25:45.98
2026,15,Azerbaijan Grand Prix,17,RUS,01:25:45.98,01:27:33.905
2026,15,Azerbaijan Grand Prix,18,RUS,01:27:33.905,01:29:21.775
2026,15,Azerbaijan Grand Prix,19,RUS,01:29:21.775,01:31:09.355
2026,15,Azerbaijan Grand Prix,20,RUS,01:31:09.355,01:32:56.927
2026,15,Azerbaijan Grand Prix,21,RUS,01:32:56.927,01:34:44.392
2026,15,Azerbaijan Grand Prix,22,RUS,01:34:44.392,01:36:31.583
2026,15,Azerbaijan Grand Prix,23,RUS,01:36:31.583,01:38:18.692
2026,15,Azerbaijan Grand Prix,24,RUS,01:38:18.692,01:40:06.055
2026,15,Azerbaijan Grand Prix,25,RUS,01:40:06.055,01:41:53.419
2026,15,Azerbaijan Grand Prix,26,RUS,01:41:53.419,01:43:40.595
2026,15,Azerbaijan Grand Prix,27,RUS,01:43:40.595,01:45:27.653
2026,15,Azerbaijan Grand Prix,28,RUS,01:45:27.653,01:47:14.658
2026,15,Azerbaijan Grand Prix,29,RUS,01:47:14.658,01:49:01.649
2026,15,Azerbaijan Grand Prix,30,RUS,01:49:01.649,01:50:48.586
2026,15,Azerbaijan Grand Prix,31,RUS,01:50:48.586,01:53:16.834
2026,15,Azerbaijan Grand Prix,32,RUS,01:53:16.834,01:56:17.986
2026,15,Azerbaijan Grand Prix,33,RUS,01:56:17.986,01:59:05.233
2026,15,Azerbaijan Grand Prix,34,RUS,01:59:05.233,02:01:49.834
2026,15,Azerbaijan Grand Prix,35,RUS,02:01:49.834,02:04:28.493
2026,15,Azerbaijan Grand Prix,36,RUS,02:04:28.493,02:06:37.492
2026,15,Azerbaijan Grand Prix,37,RUS,02:06:37.492,02:09:22.288
2026,15,Azerbaijan Grand Prix,38,RUS,02:09:22.288,02:12:03.81
2026,15,Azerbaijan Grand Prix,39,RUS,02:12:03.81,02:13:50.142
2026,15,Azerbaijan Grand Prix,40,RUS,02:13:50.142,02:15:36.181
2026,15,Azerbaijan Grand Prix,41,RUS,02:15:36.181,02:17:21.801
2026,15,Azerbaijan Grand Prix,42,RUS,02:17:21.801,02:19:07.281
2026,15,Azerbaijan Grand Prix,43,RUS,02:19:07.281,02:20:53.002
2026,15,Azerbaijan Grand Prix,44,RUS,02:20:53.002,02:22:38.166
2026,15,Azerbaijan Grand Prix,45,RUS,02:22:38.166,02:24:23.221
2026,15,Azerbaijan Grand Prix,46,RUS,02:24:23.221,02:26:08.48
2026,15,Azerbaijan Grand Prix,47,RUS,02:26:08.48,02:27:53.517
2026,15,Azerbaijan Grand Prix,48,RUS,02:27:53.517,02:29:38.513
2026,15,Azerbaijan Grand Prix,49,RUS,02:29:38.513,02:31:23.429
2026,15,Azerbaijan Grand Prix,50,RUS,02:31:23.429,02:33:08.434
2026,15,Azerbaijan Grand Prix,51,RUS,02:33:08.434,02:34:55.664
2026,16,Bahrain Grand Prix,1,VER,02:26:00.7,02:28:13.338
2026,16,Bahrain Grand Prix,2,PIA,02:28:26.751,02:31:11.479
2026,16,Bahrain Grand Prix,3,ANT,02:32:13.936,02:34:05.394
2026,16,Bahrain Grand Prix,4,ANT,02:34:05.394,02:35:54.096
2026,16,Bahrain Grand Prix,5,ANT,02:35:54.096,02:37:43.852
2026,16,Bahrain Grand Prix,6,ANT,02:37:43.852,02:39:34.593
2026,16,Bahrain Grand Prix,7,ANT,02:39:34.593,02:41:27.477
2026,16,Bahrain Grand Prix,8,ANT,02:41:27.477,02:43:20.1
2026,16,Bahrain Grand Prix,9,ANT,02:43:20.1,02:45:22.795
2026,16,Bahrain Grand Prix,10,ANT,02:45:22.795,02:48:13.765
2026,16,Bahrain Grand Prix,11,ANT,02:48:13.765,02:50:41.214
2026,16,Bahrain Grand Prix,12,ANT,02:50:41.214,02:53:22.355
2026,16,Bahrain Grand Prix,13,VER,02:53:22.687,02:55:07.536
2026,16,Bahrain Grand Prix,14,VER,02:55:07.536,02:56:50.992
2026,16,Bahrain Grand Prix,15,VER,02:56:50.992,02:58:33.219
2026,16,Bahrain Grand Prix,16,VER,02:58:33.219,03:00:14.417
2026,16,Bahrain Grand Prix,17,VER,03:00:14.417,03:01:55.397
2026,16,Bahrain Grand Prix,18,VER,03:01:55.397,03:03:36.35
2026,16,Bahrain Grand Prix,19,VER,03:03:36.35,03:05:17.736
2026,16,Bahrain Grand Prix,20,VER,03:05:17.736,03:06:58.838
2026,16,Bahrain Grand Prix,21,VER,03:06:58.838,03:08:39.992
2026,16,Bahrain Grand Prix,22,VER,03:08:39.992,03:10:21.255
2026,16,Bahrain Grand Prix,23,VER,03:10:21.255,03:12:02.664
2026,16,Bahrain Grand Prix,24,VER,03:12:02.664,03:13:43.999
2026,16,Bahrain Grand Prix,25,VER,03:13:43.999,03:15:25.552
2026,16,Bahrain Grand Prix,26,VER,03:15:25.552,03:17:07.269
2026,16,Bahrain Grand Prix,27,VER,03:17:07.269,03:18:49.022
2026,16,Bahrain Grand Prix,28,VER,03:18:49.022,03:20:30.922
2026,16,Bahrain Grand Prix,29,VER,03:20:30.922,03:22:12.817
2026,16,Bahrain Grand Prix,30,VER,03:22:12.817,03:23:54.774
2026,16,Bahrain Grand Prix,31,VER,03:23:54.774,03:25:36.779
2026,16,Bahrain Grand Prix,32,VER,03:25:36.779,03:27:18.969
2026,16,Bahrain Grand Prix,33,VER,03:27:18.969,03:29:07.85
2026,16,Bahrain Grand Prix,34,VER,03:29:07.85,03:31:09.204
2026,16,Bahrain Grand Prix,35,VER,03:31:09.204,03:32:50.092
2026,16,Bahrain Grand Prix,36,VER,03:32:50.092,03:34:30.367
2026,16,Bahrain Grand Prix,37,VER,03:34:30.367,03:36:11.042
2026,16,Bahrain Grand Prix,38,VER,03:36:11.042,03:37:51.855
2026,16,Bahrain Grand Prix,39,VER,03:37:51.855,03:39:33.028
2026,16,Bahrain Grand Prix,40,VER,03:39:33.028,03:41:13.718
2026,16,Bahrain Grand Prix,41,VER,03:41:13.718,03:42:54.653
2026,16,Bahrain Grand Prix,42,VER,03:42:54.653,03:44:35.618
2026,16,Bahrain Grand Prix,43,VER,03:44:35.618,03:46:32.701
2026,16,Bahrain Grand Prix,44,ANT,03:46:45.132,03:49:01.597
2026,16,Bahrain Grand Prix,45,VER,03:49:04.244,03:51:19.262
2026,16,Bahrain Grand Prix,46,VER,03:51:19.262,03:53:50.183
2026,16,Bahrain Grand Prix,47,VER,03:53:50.183,03:56:17.331
2026,16,Bahrain Grand Prix,48,VER,03:56:17.331,03:58:47.537
2026,16,Bahrain Grand Prix,49,VER,03:58:47.537,04:01:17.712
2026,16,Bahrain Grand Prix,50,VER,04:01:17.712,04:03:43.166
2026,16,Bahrain Grand Prix,51,VER,04:03:43.166,04:06:22.492
2026,16,Bahrain Grand Prix,52,VER,04:06:22.492,04:08:00.915
2026,16,Bahrain Grand Prix,53,VER,04:08:00.915,04:09:39.444
2026,16,Bahrain Grand Prix,54,VER,04:09:39.444,04:11:18.058
2026,16,Bahrain Grand Prix,55,VER,04:11:18.058,04:12:56.278
